iceberg_id,date_code,date,latitude,longitude,position_source,length_nm,width_nm,x_m,y_m,prev_x_m,prev_y_m,prev_date,next_x_m,next_y_m,next_date,previous_gap_days,next_gap_days,vx_m_per_day,vy_m_per_day,baseline_pred_x_m,baseline_pred_y_m,baseline_error_km,day_of_year,day_sin,day_cos,target_dx_m,target_dy_m,u10_m_per_s,v10_m_per_s,residual_dx_m,residual_dy_m,wind_xgb_pred_x_m,wind_xgb_pred_y_m,wind_xgb_error_km
A23A,2020001,2020-01-01,-75.7833,-41.0638,nic,16.0,7.0,-1019726.0592990919,1170425.8893644141,-1019632.0881998342,1170507.7544473512,2019-12-31,-1019768.9569635331,1170388.5136661427,2020-01-02,1.0,1.0,-93.97109925770201,-81.86508293705992,-1019820.0303983496,1170344.024281477,0.06827098276201826,1,0.017201575418260506,0.9998520419557735,-42.897664441145025,-37.37569827144034,5.19812,4.1836395,51.07343481655698,44.48938466561958,-1019559.4387845801,1170217.0129060498,0.27301672568532
A23A,2020002,2020-01-02,-75.7833,-41.0659,nic,16.0,7.0,-1019768.9569635331,1170388.5136661427,-1019726.0592990919,1170425.8893644141,2020-01-01,-1019785.298570601,1170374.2748913297,2020-01-03,1.0,1.0,-42.897664441145025,-37.37569827144034,-1019811.8546279742,1170351.1379678713,0.03550091096797973,2,0.03439806061360801,0.9994082116062598,-16.341607067966834,-14.238774813013151,3.0844727,3.0462952,26.55605737317819,23.13692345842719,-1019774.7278312518,1170425.862302588,0.05308523897938691
A23A,2020003,2020-01-03,-75.7833,-41.0667,nic,44.0,40.0,-1019785.298570601,1170374.2748913297,-1019768.9569635331,1170388.5136661427,2020-01-02,-1019766.914248671,1170390.293496951,2020-01-04,1.0,1.0,-16.341607067966834,-14.238774813013151,-1019801.640177669,1170360.0361165167,0.04642426817960147,3,0.051584366869408364,0.9986686402879997,18.384321930003352,16.018605621298775,-1.2403717,2.7471619,34.725928997970186,30.257380434311926,-1019786.4628819842,1170454.1545170904,0.06733900548685992
A23A,2020004,2020-01-04,-75.7833,-41.0658,nic,16.0,7.0,-1019766.914248671,1170390.293496951,-1019785.298570601,1170374.2748913297,2020-01-03,-1019717.8881600739,1170433.008366773,2020-01-05,1.0,1.0,18.384321930003352,16.018605621298775,-1019748.529926741,1170406.3121025723,0.04096258958207797,4,0.06875540848113941,0.9976335468520451,49.02608859713655,42.714869821909815,3.354782,-0.42877197,30.641766667133197,26.69626420061104,-1019699.4509129166,1170324.9835808438,0.1104896291390044
A23A,2020005,2020-01-05,-75.7833,-41.0634,nic,16.0,7.0,-1019717.8881600739,1170433.008366773,-1019766.914248671,1170390.293496951,2020-01-04,-1019650.4743668534,1170491.737959558,2020-01-06,1.0,1.0,49.02608859713655,42.714869821909815,-1019668.8620714768,1170475.7232365948,0.02457755403120943,5,0.08590610426133272,0.9963032375991965,67.41379322053399,58.72959278500639,2.8470306,4.523102,18.38770462339744,16.014722963096574,-1019628.5467257126,1170514.8598065716,0.03211906184028818
A23A,2020006,2020-01-06,-75.7833,-41.0601,nic,16.0,7.0,-1019650.4743668534,1170491.737959558,-1019717.8881600739,1170433.008366773,2020-01-05,-1019578.9711930209,1170554.0226786272,2020-01-07,1.0,1.0,67.41379322053399,58.72959278500639,-1019583.0605736328,1170550.467552343,0.00546168138513191,6,0.10303137904317879,0.9946781061893646,71.50317383243237,62.284719069255516,-1.8535156,-1.9024811,4.0893806118983775,3.555126284249127,-1019533.9815598084,1170526.062177816,0.05341067808066349
A23A,2020007,2020-01-07,-75.7833,-41.0566,nic,16.0,7.0,-1019578.9711930209,1170554.0226786272,-1019650.4743668534,1170491.737959558,2020-01-06,-1019511.5504301066,1170612.7442701687,2020-01-08,1.0,1.0,71.50317383243237,62.284719069255516,-1019507.4680191885,1170616.3073976964,0.005461681385473833,7,0.1201261651823505,0.9927586335250793,67.42076291434933,58.7215915415436,-5.5935516,-1.7185516,-4.082410918083042,-3.563127527711913,-1019251.0426041494,1170566.9898355932,0.26666095451408856
A23A,2020008,2020-01-08,-75.7833,-41.0533,nic,16.0,7.0,-1019511.5504301066,1170612.7442701687,-1019578.9711930209,1170554.0226786272,2020-01-07,-1019462.5150237373,1170655.4484431408,2020-01-09,1.0,1.0,67.42076291434933,58.7215915415436,-1019444.1296671922,1170671.4658617103,0.02457755403145866,8,0.13718540405660057,0.9905453876091833,49.03540636925027,42.70417297212407,-0.37913513,1.633667,-18.385356545099057,-16.017418569419533,-1019400.7789095934,1170665.838223847,0.0631082573743163
A23A,2020009,2020-01-09,-75.7833,-41.0509,nic,16.0,7.0,-1019462.5150237373,1170655.4484431408,-1019511.5504301066,1170612.7442701687,2020-01-08,-1019444.1262851834,1170671.4619784555,2020-01-10,1.0,1.0,49.03540636925027,42.70417297212407,-1019413.4796173681,1170698.152616113,0.040962589581027616,9,0.1542040475626894,0.988039023376751,18.388738553971052,16.013535314705223,-1.1234131,-2.462204,-30.646667815279216,-26.690637657418847,-1019364.4006035436,1170642.852464288,0.08540242000294256
A23A,2020010,2020-01-10,-75.7833,-41.05,nic,44.0,40.0,-1019444.1262851834,1170671.4619784555,-1019462.5150237373,1170655.4484431408,2020-01-09,-1019444.1262851834,1170671.4619784555,2020-01-11,1.0,1.0,18.388738553971052,16.013535314705223,-1019425.7375466294,1170687.4755137702,0.024577553741917918,10,0.17117705961019986,0.985240282501282,0.0,0.0,-1.0478058,-6.5915833,-18.388738553971052,-16.013535314705223,-1019376.6585328049,1170565.1827281257,0.1269354255248745
A23A,2020011,2020-01-11,-75.7833,-41.05,nic,16.0,7.0,-1019444.1262851834,1170671.4619784555,-1019444.1262851834,1170671.4619784555,2020-01-10,-1019444.1262851834,1170671.4619784555,2020-01-12,1.0,1.0,0.0,0.0,-1019444.1262851834,1170671.4619784555,0.0,11,0.18809941761179758,0.9821499931752291,0.0,0.0,4.3413696,2.307129,0.0,0.0,-1019538.8721119046,1170705.2732653818,0.10142789995968547
A23A,2020012,2020-01-12,-75.7833,-41.05,nic,16.0,7.0,-1019444.1262851834,1170671.4619784555,-1019444.1262851834,1170671.4619784555,2020-01-11,-1019444.1262851834,1170671.4619784555,2020-01-13,1.0,1.0,0.0,0.0,-1019444.1262851834,1170671.4619784555,0.0,12,0.20496611396949532,0.9787690698649216,0.0,0.0,3.6813354,-0.13905334,0.0,0.0,-1019395.0472713589,1170599.57281067,0.08777104494865713
A23A,2020013,2020-01-13,-75.7833,-41.05,nic,16.0,7.0,-1019444.1262851834,1170671.4619784555,-1019444.1262851834,1170671.4619784555,2020-01-12,-1019444.1262851834,1170671.4619784555,2020-01-14,1.0,1.0,0.0,0.0,-1019444.1262851834,1170671.4619784555,0.0,13,0.22177215755648186,0.975098513039961,0.0,0.0,-1.707367,-5.380478,0.0,0.0,-1019395.0472713589,1170568.319446107,0.11517429808836907
A23A,2020014,2020-01-14,-75.7833,-41.05,nic,16.0,7.0,-1019444.1262851834,1170671.4619784555,-1019444.1262851834,1170671.4619784555,2020-01-13,-1019444.1262851834,1170671.4619784555,2020-01-15,1.0,1.0,0.0,0.0,-1019444.1262851834,1170671.4619784555,0.0,14,0.23851257519407648,0.9711394088771653,0.0,0.0,-2.336853,-3.3482208,0.0,0.0,-1019395.0472713589,1170676.3283901415,0.04971798323876888
A23A,2020015,2020-01-15,-75.7833,-41.05,nic,16.0,7.0,-1019444.1262851834,1170671.4619784555,-1019444.1262851834,1170671.4619784555,2020-01-14,-1019444.1262851834,1170671.4619784555,2020-01-16,1.0,1.0,0.0,0.0,-1019444.1262851834,1170671.4619784555,0.0,15,0.2551824131233728,0.9668929289391521,0.0,0.0,-3.0624084,-1.8011322,0.0,0.0,-1019395.0472713589,1170600.000178834,0.08741550263989913
A23A,2020016,2020-01-16,-75.7833,-41.05,nic,16.0,7.0,-1019444.1262851834,1170671.4619784555,-1019444.1262851834,1170671.4619784555,2020-01-15,-1019444.1262851834,1170671.4619784555,2020-01-17,1.0,1.0,0.0,0.0,-1019444.1262851834,1170671.4619784555,0.0,16,0.2717767384711357,0.9623603298276545,0.0,0.0,-4.341736,-0.7959442,0.0,0.0,-1019395.0472713589,1170587.6359591684,0.09794636193088943
A23A,2020017,2020-01-17,-75.7833,-41.05,nic,44.0,40.0,-1019444.1262851834,1170671.4619784555,-1019444.1262851834,1170671.4619784555,2020-01-16,-1019444.1262851834,1170671.4619784555,2020-01-18,1.0,1.0,0.0,0.0,-1019444.1262851834,1170671.4619784555,0.0,17,0.2882906407095177,0.9575429528116719,0.0,0.0,-1.3573608,-0.060760498,0.0,0.0,-1019395.0472713589,1170625.601211091,0.06773160718959921
A23A,2020018,2020-01-18,-75.7833,-41.05,nic,16.0,7.0,-1019444.1262851834,1170671.4619784555,-1019444.1262851834,1170671.4619784555,2020-01-17,-1019444.1262851834,1170671.4619784555,2020-01-19,1.0,1.0,0.0,0.0,-1019444.1262851834,1170671.4619784555,0.0,18,0.3047192331091634,0.9524422234305676,0.0,0.0,-3.9389343,2.138153,0.0,0.0,-1019411.0797725796,1170810.5535464487,0.14411799100461034
A23A,2020019,2020-01-19,-75.7833,-41.05,nic,16.0,7.0,-1019444.1262851834,1170671.4619784555,-1019444.1262851834,1170671.4619784555,2020-01-18,-1019444.1262851834,1170671.4619784555,2020-01-20,1.0,1.0,0.0,0.0,-1019444.1262851834,1170671.4619784555,0.0,19,0.321057654185271,0.9470596510722283,0.0,0.0,-2.0183716,8.181152,0.0,0.0,-1019403.8109394192,1170753.5494036875,0.09218467442124159
A23A,2020020,2020-01-20,-75.7833,-41.05,nic,16.0,7.0,-1019444.1262851834,1170671.4619784555,-1019444.1262851834,1170671.4619784555,2020-01-19,-1019444.1262851834,1170671.4619784555,2020-01-21,1.0,1.0,0.0,0.0,-1019444.1262851834,1170671.4619784555,0.0,20,0.3373010691361842,0.9413968285264122,0.0,0.0,-6.5331573,4.8887177,0.0,0.0,-1019404.5818363308,1170647.4448981485,0.04665093703828647
A23A,2020021,2020-01-21,-75.7833,-41.05,nic,16.0,7.0,-1019444.1262851834,1170671.4619784555,-1019444.1262851834,1170671.4619784555,2020-01-20,-1019444.1262851834,1170671.4619784555,2020-01-22,1.0,1.0,0.0,0.0,-1019444.1262851834,1170671.4619784555,0.0,21,0.3534446712740877,0.9354554315134164,0.0,0.0,-8.043503,-1.8184662,0.0,0.0,-1019385.270354855,1170532.5044894419,0.15216192931496517
A23A,2020022,2020-01-22,-75.7833,-41.05,nic,16.0,7.0,-1019444.1262851834,1170671.4619784555,-1019444.1262851834,1170671.4619784555,2020-01-21,-1019444.1262851834,1170671.4619784555,2020-01-23,1.0,1.0,0.0,0.0,-1019444.1262851834,1170671.4619784555,0.0,22,0.3694836834473831,0.9292372181882051,0.0,0.0,-8.163513,2.3327484,0.0,0.0,-1019539.6430011868,1170653.637614747,0.09794709440982254
A23A,2020023,2020-01-23,-75.7833,-41.05,nic,16.0,7.0,-1019444.1262851834,1170671.4619784555,-1019444.1262851834,1170671.4619784555,2020-01-22,-1019444.1262851834,1170671.4619784555,2020-01-24,1.0,1.0,0.0,0.0,-1019444.1262851834,1170671.4619784555,0.0,23,0.38541335945432564,0.9227440286201427,0.0,0.0,-6.012451,0.81980896,0.0,0.0,-1019390.9986110806,1170602.6806903086,0.08763584862900335
A23A,2020024,2020-01-24,-75.7833,-41.05,nic,44.0,40.0,-1019444.1262851834,1170671.4619784555,-1019444.1262851834,1170671.4619784555,2020-01-23,-1019444.1262851834,1170671.4619784555,2020-01-25,1.0,1.0,0.0,0.0,-1019444.1262851834,1170671.4619784555,0.0,24,0.4012289854475009,0.9159777842484877,0.0,0.0,-6.166733,2.0753174,0.0,0.0,-1019411.8506771206,1170736.8651156626,0.07351680889213247
A23A,2020025,2020-01-25,-75.7833,-41.05,nic,16.0,7.0,-1019444.1262851834,1170671.4619784555,-1019444.1262851834,1170671.4619784555,2020-01-24,-1019444.1262851834,1170671.4619784555,2020-01-26,1.0,1.0,0.0,0.0,-1019444.1262851834,1170671.4619784555,0.0,25,0.4169258813287287,0.908940487313808,0.0,0.0,-6.1792603,-0.09074402,0.0,0.0,-1019385.270354855,1170534.4420809946,0.15036506052385884
A23A,2020026,2020-01-26,-75.7833,-41.05,nic,16.0,7.0,-1019444.1262851834,1170671.4619784555,-1019444.1262851834,1170671.4619784555,2020-01-25,-1019444.1262851834,1170671.4619784555,2020-01-27,1.0,1.0,0.0,0.0,-1019444.1262851834,1170671.4619784555,0.0,26,0.4324994021339788,0.901634220265486,0.0,0.0,-3.8192444,0.123291016,0.0,0.0,-1019395.0472713589,1170600.484263917,0.08701359778441306
A23A,2020027,2020-01-27,-75.7833,-41.05,nic,16.0,7.0,-1019444.1262851834,1170671.4619784555,-1019444.1262851834,1170671.4619784555,2020-01-26,-1019444.1262851834,1170671.4619784555,2020-01-28,1.0,1.0,0.0,0.0,-1019444.1262851834,1170671.4619784555,0.0,27,0.44794493940789115,0.8940611451454876,0.0,0.0,0.6387634,0.6065216,0.0,0.0,-1019395.0472713589,1170598.5608782968,0.0886155714751633
A23A,2020028,2020-01-28,-75.7833,-41.05,nic,16.0,7.0,-1019444.1262851834,1170671.4619784555,-1019444.1262851834,1170671.4619784555,2020-01-27,-1019444.1262851834,1170671.4619784555,2020-01-29,1.0,1.0,0.0,0.0,-1019444.1262851834,1170671.4619784555,0.0,28,0.4632579225674917,0.88622350294858,0.0,0.0,0.93743896,1.3885651,0.0,0.0,-1019400.7755275845,1170659.4971347055,0.04534142237021246
A23A,2020029,2020-01-29,-75.7833,-41.05,nic,16.0,7.0,-1019444.1262851834,1170671.4619784555,-1019444.1262851834,1170671.4619784555,2020-01-28,-1019444.1262851834,1170671.4619784555,2020-01-30,1.0,1.0,0.0,0.0,-1019444.1262851834,1170671.4619784555,0.0,29,0.4784338202547012,0.8781236129591848,0.0,0.0,2.073532,3.7361908,0.0,0.0,-1019403.8109394192,1170704.2613444529,0.05238494016287313
A23A,2020030,2020-01-30,-75.7833,-41.05,nic,16.0,7.0,-1019444.1262851834,1170671.4619784555,-1019444.1262851834,1170671.4619784555,2020-01-29,-1019444.1262851834,1170671.4619784555,2020-01-31,1.0,1.0,0.0,0.0,-1019444.1262851834,1170671.4619784555,0.0,30,0.49346814167723735,0.8697638720650646,0.0,0.0,0.31111145,-4.312973,0.0,0.0,-1019395.0472713589,1170510.384402772,0.1697830632282298
A23A,2020031,2020-01-31,-75.7833,-41.05,nic,44.0,40.0,-1019444.1262851834,1170671.4619784555,-1019444.1262851834,1170671.4619784555,2020-01-30,-1019462.5150237373,1170655.4484431408,2020-02-01,1.0,1.0,0.0,0.0,-1019444.1262851834,1170671.4619784555,0.024577553742022765,31,0.5083564379375122,0.8611467540480452,-18.388738553971052,-16.013535314705223,3.410324,-4.2146454,-18.388738553971052,-16.013535314705223,-1019395.0472713589,1170503.7500796518,0.16740530737814444
A23A,2020032,2020-02-01,-75.7833,-41.0509,nic,16.0,7.0,-1019462.5150237373,1170655.4484431408,-1019444.1262851834,1170671.4619784555,2020-01-31,-1019511.5504301066,1170612.7442701687,2020-02-02,1.0,1.0,-18.388738553971052,-16.013535314705223,-1019480.9037622913,1170639.4349078261,0.040962589581730546,32,0.5230943033491326,0.8522748088519838,-49.03540636925027,-42.70417297212407,4.685074,-2.2866058,-30.646667815279216,-26.690637657418847,-1019431.8247484668,1170560.9098605239,0.09588562551673954
A23A,2020033,2020-02-02,-75.7833,-41.0533,nic,16.0,7.0,-1019511.5504301066,1170612.7442701687,-1019462.5150237373,1170655.4484431408,2020-02-01,-1019578.9711930209,1170554.0226786272,2020-02-03,1.0,1.0,-49.03540636925027,-42.70417297212407,-1019560.5858364758,1170570.0400971966,0.024577554031730564,33,0.5376773767406141,0.8431506618282,-67.42076291434933,-58.7215915415436,6.023102,-1.2190857,-18.385356545099057,-16.017418569419533,-1019427.4019528088,1170532.6861657696,0.15431465467947314
A23A,2020034,2020-02-03,-75.7833,-41.0566,nic,16.0,7.0,-1019578.9711930209,1170554.0226786272,-1019511.5504301066,1170612.7442701687,2020-02-02,-1019650.4743668534,1170491.737959558,2020-02-04,1.0,1.0,-67.42076291434933,-58.7215915415436,-1019646.3919559353,1170495.3010870856,0.005461681384955504,34,0.5521013427459208,0.8337770129585915,-71.50317383243237,-62.284719069255516,-3.7358246,-1.0779877,-4.082410918083042,-3.563127527711913,-1019597.3129421108,1170444.8273589057,0.0714909246787925
A23A,2020035,2020-02-04,-75.7833,-41.0601,nic,16.0,7.0,-1019650.4743668534,1170491.737959558,-1019578.9711930209,1170554.0226786272,2020-02-03,-1019717.8881600739,1170433.008366773,2020-02-05,1.0,1.0,-71.50317383243237,-62.284719069255516,-1019721.9775406858,1170429.4532404887,0.0054616813858212555,35,0.5663619330814524,0.8241566360566663,-67.41379322053399,-58.72959278500639,-4.164398,-0.9173126,4.0893806118983775,3.555126284249127,-1019596.3623444578,1170312.034310435,0.17290510715360696
A23A,2020036,2020-02-05,-75.7833,-41.0634,nic,16.0,7.0,-1019717.8881600739,1170433.008366773,-1019650.4743668534,1170491.737959558,2020-02-04,-1019766.914248671,1170390.293496951,2020-02-06,1.0,1.0,-67.41379322053399,-58.72959278500639,-1019785.3019532944,1170374.278773988,0.024577554031110616,36,0.580454927809098,0.8142923779467267,-49.02608859713655,-42.714869821909815,0.43800354,7.118149,18.38770462339744,16.014722963096574,-1019779.9321384217,1170404.768314088,0.019630063334587087
A23A,2020037,2020-02-06,-75.7833,-41.0658,nic,16.0,7.0,-1019766.914248671,1170390.293496951,-1019717.8881600739,1170433.008366773,2020-02-05,-1019785.298570601,1170374.2748913297,2020-02-07,1.0,1.0,-49.02608859713655,-42.714869821909815,-1019815.9403372682,1170347.578627129,0.040962589581027616,37,0.5943761565849831,0.804187157621448,-18.384321930003352,-16.018605621298775,3.130722,7.012787,30.641766667133197,26.69626420061104,-1019799.7264204896,1170378.0681672292,0.015040771314523742
A23A,2020038,2020-02-07,-75.7833,-41.0667,nic,44.0,40.0,-1019785.298570601,1170374.2748913297,-1019766.914248671,1170390.293496951,2020-02-06,-1019766.914248671,1170390.293496951,2020-02-08,1.0,1.0,-18.384321930003352,-16.018605621298775,-1019803.682892531,1170358.2562857084,0.04915510748393922,38,0.6081214998935418,0.7938439653781019,18.384321930003352,16.018605621298775,-2.5544891,2.939743,36.768643860006705,32.03721124259755,-1019812.6070401369,1170647.4779348783,0.2633635387552096
A23A,2020039,2020-02-08,-75.7833,-41.0658,nic,16.0,7.0,-1019766.914248671,1170390.293496951,-1019785.298570601,1170374.2748913297,2020-02-07,-1019717.8881600739,1170433.008366773,2020-02-09,1.0,1.0,18.384321930003352,16.018605621298775,-1019748.529926741,1170406.3121025723,0.04096258958207797,39,0.6216868902665479,0.7832658619336791,49.02608859713655,42.714869821909815,4.483078,4.3762817,30.641766667133197,26.69626420061104,-1019889.6269421219,1170431.1681091946,0.17314143963876008
A23A,2020040,2020-02-09,-75.7833,-41.0634,nic,16.0,7.0,-1019717.8881600739,1170433.008366773,-1019766.914248671,1170390.293496951,2020-02-08,-1019650.4743668534,1170491.737959558,2020-02-10,1.0,1.0,49.02608859713655,42.714869821909815,-1019668.8620714768,1170475.7232365948,0.02457755403120943,40,0.6350683134867438,0.7724559775191742,67.41379322053399,58.72959278500639,2.7683105,3.3217316,18.38770462339744,16.014722963096574,-1019714.5080141647,1170507.2135663372,0.06641803842836193
A23A,2020041,2020-02-10,-75.7833,-41.0601,nic,16.0,7.0,-1019650.4743668534,1170491.737959558,-1019717.8881600739,1170433.008366773,2020-02-09,-1019578.9711930209,1170554.0226786272,2020-02-11,1.0,1.0,67.41379322053399,58.72959278500639,-1019583.0605736328,1170550.467552343,0.00546168138513191,41,0.6482618097757122,0.7614175109532997,71.50317383243237,62.284719069255516,2.326477,0.79541016,4.0893806118983775,3.555126284249127,-1019677.5502052857,1170537.1936713844,0.10081009169097344
A23A,2020042,2020-02-11,-75.7833,-41.0566,nic,16.0,7.0,-1019578.9711930209,1170554.0226786272,-1019650.4743668534,1170491.737959558,2020-02-10,-1019511.5504301066,1170612.7442701687,2020-02-12,1.0,1.0,71.50317383243237,62.284719069255516,-1019507.4680191885,1170616.3073976964,0.005461681385473833,42,0.6612634749656386,0.7501537286959042,67.42076291434933,58.7215915415436,0.5507965,0.30656433,-4.082410918083042,-3.563127527711913,-1019272.2781540762,1170548.9155214757,0.24967551610696784
A23A,2020043,2020-02-12,-75.7833,-41.0533,nic,16.0,7.0,-1019511.5504301066,1170612.7442701687,-1019578.9711930209,1170554.0226786272,2020-02-11,-1019462.5150237373,1170655.4484431408,2020-02-13,1.0,1.0,67.42076291434933,58.7215915415436,-1019444.1296671922,1170671.4658617103,0.02457755403145866,43,0.6740694616546161,0.7386679638813748,49.03540636925027,42.70417297212407,1.8367004,-0.56036377,-18.385356545099057,-16.017418569419533,-1019441.5431236322,1170589.1254076087,0.07013598222547522
A23A,2020044,2020-02-13,-75.7833,-41.0509,nic,16.0,7.0,-1019462.5150237373,1170655.4484431408,-1019511.5504301066,1170612.7442701687,2020-02-12,-1019444.1262851834,1170671.4619784555,2020-02-14,1.0,1.0,49.03540636925027,42.70417297212407,-1019413.4796173681,1170698.152616113,0.040962589581027616,44,0.6866759803451553,0.726963615332308,18.388738553971052,16.013535314705223,1.2121582,-0.9141693,-30.646667815279216,-26.690637657418847,-1019410.893073808,1170615.8121620114,0.06535810295310018
A23A,2020045,2020-02-14,-75.7833,-41.05,nic,44.0,40.0,-1019444.1262851834,1170671.4619784555,-1019462.5150237373,1170655.4484431408,2020-02-13,-1019444.1262851834,1170671.4619784555,2020-02-15,1.0,1.0,18.388738553971052,16.013535314705223,-1019425.7375466294,1170687.4755137702,0.024577553741917918,45,0.6990793005655562,0.7150441465537444,0.0,0.0,-2.8541718,0.50201416,-18.388738553971052,-16.013535314705223,-1019527.1303002305,1170616.4977992317,0.10034358592391751
A23A,2020046,2020-02-15,-75.7833,-41.05,nic,16.0,7.0,-1019444.1262851834,1170671.4619784555,-1019444.1262851834,1170671.4619784555,2020-02-14,-1019444.1262851834,1170671.4619784555,2020-02-16,1.0,1.0,0.0,0.0,-1019444.1262851834,1170671.4619784555,0.0,46,0.7112757519738152,0.7029130847082615,0.0,0.0,-3.0047302,-2.9217682,0.0,0.0,-1019545.5190387844,1170547.6374316416,0.16131294646954714
A23A,2020047,2020-02-16,-75.7833,-41.05,nic,16.0,7.0,-1019444.1262851834,1170671.4619784555,-1019444.1262851834,1170671.4619784555,2020-02-15,-1019444.1262851834,1170671.4619784555,2020-02-17,1.0,1.0,0.0,0.0,-1019444.1262851834,1170671.4619784555,0.0,47,0.7232617254437388,0.6905740195722294,0.0,0.0,0.39596558,-2.6825104,0.0,0.0,-1019502.6543575405,1170571.9529528818,0.11636635761373143
A23A,2020048,2020-02-17,-75.7833,-41.05,nic,16.0,7.0,-1019444.1262851834,1170671.4619784555,-1019444.1262851834,1170671.4619784555,2020-02-16,-1019444.1262851834,1170671.4619784555,2020-02-18,1.0,1.0,0.0,0.0,-1019444.1262851834,1170671.4619784555,0.0,48,0.7350336741329412,0.6780306024735382,0.0,0.0,4.059433,5.367523,0.0,0.0,-1019490.0739856838,1170697.62702324,0.05331433686160697
A23A,2020049,2020-02-18,-75.7833,-41.05,nic,16.0,7.0,-1019444.1262851834,1170671.4619784555,-1019444.1262851834,1170671.4619784555,2020-02-17,-1019444.1262851834,1170671.4619784555,2020-02-19,1.0,1.0,0.0,0.0,-1019444.1262851834,1170671.4619784555,0.0,49,0.746588114532413,0.6652865452111116,0.0,0.0,-0.67781067,3.5070343,0.0,0.0,-1019490.0739856838,1170723.6554103098,0.07011708115088973
A23A,2020050,2020-02-19,-75.7833,-41.05,nic,16.0,7.0,-1019444.1262851834,1170671.4619784555,-1019444.1262851834,1170671.4619784555,2020-02-18,-1019444.1262851834,1170671.4619784555,2020-02-20,1.0,1.0,0.0,0.0,-1019444.1262851834,1170671.4619784555,0.0,50,0.7579216274973472,0.6523456189565257,0.0,0.0,1.4885101,6.1323547,0.0,0.0,-1019490.0739856838,1170704.2613444529,0.05692341470433699
A23A,2020051,2020-02-20,-75.7833,-41.05,nic,16.0,7.0,-1019444.1262851834,1170671.4619784555,-1019444.1262851834,1170671.4619784555,2020-02-19,-1019444.1262851834,1170671.4619784555,2020-02-21,1.0,1.0,0.0,0.0,-1019444.1262851834,1170671.4619784555,0.0,51,0.7690308592589181,0.6392116531380588,0.0,0.0,3.5990753,6.2502747,0.0,0.0,-1019490.0739856838,1170697.62702324,0.05331433686160697
A23A,2020052,2020-02-21,-75.7833,-41.05,nic,44.0,40.0,-1019444.1262851834,1170671.4619784555,-1019444.1262851834,1170671.4619784555,2020-02-20,-1019444.1262851834,1170671.4619784555,2020-02-22,1.0,1.0,0.0,0.0,-1019444.1262851834,1170671.4619784555,0.0,52,0.7799125224167177,0.6258885343075018,0.0,0.0,5.021225,5.690689,0.0,0.0,-1019490.0739856838,1170697.62702324,0.05331433686160697
A23A,2020053,2020-02-22,-75.7833,-41.05,nic,16.0,7.0,-1019444.1262851834,1170671.4619784555,-1019444.1262851834,1170671.4619784555,2020-02-21,-1019444.1262851834,1170671.4619784555,2020-02-23,1.0,1.0,0.0,0.0,-1019444.1262851834,1170671.4619784555,0.0,53,0.7905633969115482,0.612380204990065,0.0,0.0,2.0831757,3.6828308,0.0,0.0,-1019490.0739856838,1170704.2613444529,0.05692341470433699
A23A,2020054,2020-02-23,-75.7833,-41.05,nic,16.0,7.0,-1019444.1262851834,1170671.4619784555,-1019444.1262851834,1170671.4619784555,2020-02-22,-1019444.1262851834,1170671.4619784555,2020-02-24,1.0,1.0,0.0,0.0,-1019444.1262851834,1170671.4619784555,0.0,54,0.8009803309782905,0.5986906625177214,0.0,0.0,5.9001617,3.250824,0.0,0.0,-1019177.4057041287,1170738.7981524668,0.2772961870738704
A23A,2020055,2020-02-24,-75.7833,-41.05,nic,16.0,7.0,-1019444.1262851834,1170671.4619784555,-1019444.1262851834,1170671.4619784555,2020-02-23,-1019444.1262851834,1170671.4619784555,2020-02-25,1.0,1.0,0.0,0.0,-1019444.1262851834,1170671.4619784555,0.0,55,0.8111602420785621,0.5848239578463322,0.0,0.0,5.637192,2.7825623,0.0,0.0,-1019512.0235019802,1170697.62702324,0.07336515058101553
A23A,2020056,2020-02-25,-75.7833,-41.05,nic,16.0,7.0,-1019444.1262851834,1170671.4619784555,-1019444.1262851834,1170671.4619784555,2020-02-24,-1019444.1262851834,1170671.4619784555,2020-02-26,1.0,1.0,0.0,0.0,-1019444.1262851834,1170671.4619784555,0.0,56,0.8211001178128892,0.5707841943569036,0.0,0.0,5.0998383,1.9364166,0.0,0.0,-1019518.6868854641,1170787.0472827158,0.13869413650496956
A23A,2020057,2020-02-26,-75.7833,-41.05,nic,16.0,7.0,-1019444.1262851834,1170671.4619784555,-1019444.1262851834,1170671.4619784555,2020-02-25,-1019444.1262851834,1170671.4619784555,2020-02-27,1.0,1.0,0.0,0.0,-1019444.1262851834,1170671.4619784555,0.0,57,0.8307970168121247,0.5565755266413303,0.0,0.0,1.758316,2.236084,0.0,0.0,-1019646.4792209744,1170704.2613444529,0.20667054073510543
A23A,2020058,2020-02-27,-75.7833,-41.05,nic,16.0,7.0,-1019444.1262851834,1170671.4619784555,-1019444.1262851834,1170671.4619784555,2020-02-26,-1019444.1262851834,1170671.4619784555,2020-02-28,1.0,1.0,0.0,0.0,-1019444.1262851834,1170671.4619784555,0.0,58,0.8402480696078469,0.5422021592729844,0.0,0.0,-3.6640015,-0.16491699,0.0,0.0,-1019545.5190387844,1170600.484263917,0.12475025347763317
A23A,2020059,2020-02-28,-75.7833,-41.05,nic,44.0,40.0,-1019444.1262851834,1170671.4619784555,-1019444.1262851834,1170671.4619784555,2020-02-27,-1019444.1262851834,1170671.4619784555,2020-02-29,1.0,1.0,0.0,0.0,-1019444.1262851834,1170671.4619784555,0.0,59,0.8494504794814806,0.527668345562516,0.0,0.0,-1.3441925,6.0213013,0.0,0.0,-1019490.0739856838,1170723.6554103098,0.07011708115088973
A23A,2020060,2020-02-29,-75.7833,-41.05,nic,16.0,7.0,-1019444.1262851834,1170671.4619784555,-1019444.1262851834,1170671.4619784555,2020-02-28,-1019444.1262851834,1170671.4619784555,2020-03-01,1.0,1.0,0.0,0.0,-1019444.1262851834,1170671.4619784555,0.0,60,0.8584015232918917,0.512978386299228,0.0,0.0,3.392807,8.429977,0.0,0.0,-1019490.0739856838,1170696.626235505,0.052822043819975205
A23A,2020061,2020-03-01,-75.7833,-41.05,nic,16.0,7.0,-1019444.1262851834,1170671.4619784555,-1019444.1262851834,1170671.4619784555,2020-02-29,-1019444.1262851834,1170671.4619784555,2020-03-02,1.0,1.0,0.0,0.0,-1019444.1262851834,1170671.4619784555,0.0,61,0.8670985522812081,0.4981366284784055,0.0,0.0,5.713043,5.680176,0.0,0.0,-1019490.0739856838,1170697.62702324,0.05331433686160697
A23A,2020062,2020-03-02,-75.7833,-41.05,nic,16.0,7.0,-1019444.1262851834,1170671.4619784555,-1019444.1262851834,1170671.4619784555,2020-03-01,-1019444.1262851834,1170671.4619784555,2020-03-03,1.0,1.0,0.0,0.0,-1019444.1262851834,1170671.4619784555,0.0,62,0.8755389928586302,0.4831474640149687,0.0,0.0,0.67207336,2.6714935,0.0,0.0,-1019568.5545002102,1170704.2613444529,0.12973600367346658
A23A,2020063,2020-03-03,-75.7833,-41.05,nic,16.0,7.0,-1019444.1262851834,1170671.4619784555,-1019444.1262851834,1170671.4619784555,2020-03-02,-1019444.1262851834,1170671.4619784555,2020-03-04,1.0,1.0,0.0,0.0,-1019444.1262851834,1170671.4619784555,0.0,63,0.8837203473619977,0.4680153284438345,0.0,0.0,1.3187561,1.7756805,0.0,0.0,-1019508.382640469,1170617.2450404367,0.08474090463124788
A23A,2020064,2020-03-04,-75.7833,-41.05,nic,16.0,7.0,-1019444.1262851834,1170671.4619784555,-1019444.1262851834,1170671.4619784555,2020-03-03,-1019444.1262851834,1170671.4619784555,2020-03-05,1.0,1.0,0.0,0.0,-1019444.1262851834,1170671.4619784555,0.0,64,0.8916401947968874,0.45274469960737107,0.0,0.0,4.300705,5.074188,0.0,0.0,-1019490.0739856838,1170697.62702324,0.05331433686160697
A23A,2020065,2020-03-05,-75.7833,-41.05,nic,16.0,7.0,-1019444.1262851834,1170671.4619784555,-1019444.1262851834,1170671.4619784555,2020-03-04,-1019444.1262851834,1170671.4619784555,2020-03-06,1.0,1.0,0.0,0.0,-1019444.1262851834,1170671.4619784555,0.0,65,0.8992961915530253,0.4373400963303323,0.0,0.0,3.0473175,-0.81666565,0.0,0.0,-1019502.6543575405,1170590.4305606089,0.10075372806936997
A23A,2020066,2020-03-06,-75.7833,-41.05,nic,44.0,40.0,-1019444.1262851834,1170671.4619784555,-1019444.1262851834,1170671.4619784555,2020-03-05,-1019444.1262851834,1170671.4619784555,2020-03-07,1.0,1.0,0.0,0.0,-1019444.1262851834,1170671.4619784555,0.0,66,0.9066860720977985,0.4218060770826634,0.0,0.0,-7.102188,0.48207092,0.0,0.0,-1019577.7697940945,1170540.6347995005,0.18850448103843293
A23A,2020067,2020-03-07,-75.7833,-41.05,nic,16.0,7.0,-1019444.1262851834,1170671.4619784555,-1019444.1262851834,1170671.4619784555,2020-03-06,-1019444.1262851834,1170671.4619784555,2020-03-08,1.0,1.0,0.0,0.0,-1019444.1262851834,1170671.4619784555,0.0,67,0.9138076496466615,0.40614723863057883,0.0,0.0,-7.051956,-0.2381897,0.0,0.0,-1019577.7697940945,1170532.5044894419,0.19432570667176732
A23A,2020068,2020-03-08,-75.7833,-41.05,nic,16.0,7.0,-1019444.1262851834,1170671.4619784555,-1019444.1262851834,1170671.4619784555,2020-03-07,-1019444.1262851834,1170671.4619784555,2020-03-09,1.0,1.0,0.0,0.0,-1019444.1262851834,1170671.4619784555,0.0,68,0.9206588168102428,0.3903682146763026,0.0,0.0,1.9899292,-2.4918518,0.0,0.0,-1019502.6543575405,1170576.7452044687,0.11222880681910205
A23A,2020069,2020-03-09,-75.7833,-41.05,nic,16.0,7.0,-1019444.1262851834,1170671.4619784555,-1019444.1262851834,1170671.4619784555,2020-03-08,-1019444.1262851834,1170671.4619784555,2020-03-10,1.0,1.0,0.0,0.0,-1019444.1262851834,1170671.4619784555,0.0,69,0.9272375462179537,0.374473674486883,0.0,0.0,9.578003,3.674759,0.0,0.0,-1019611.1706119656,1170462.5558810434,0.269606940418716
A23A,2020070,2020-03-10,-75.7833,-41.05,nic,16.0,7.0,-1019444.1262851834,1170671.4619784555,-1019444.1262851834,1170671.4619784555,2020-03-09,-1019444.1262851834,1170671.4619784555,2020-03-11,1.0,1.0,0.0,0.0,-1019444.1262851834,1170671.4619784555,0.0,70,0.9335418911179212,0.35846832151248087,0.0,0.0,-2.0257874,-4.9492493,0.0,0.0,-1019502.6543575405,1170546.9878955088,0.13864865974610374
A23A,2020071,2020-03-11,-75.7833,-41.05,nic,16.0,7.0,-1019444.1262851834,1170671.4619784555,-1019444.1262851834,1170671.4619784555,2020-03-10,-1019444.1262851834,1170671.4619784555,2020-03-12,1.0,1.0,0.0,0.0,-1019444.1262851834,1170671.4619784555,0.0,71,0.9395699859530622,0.342356891994542,0.0,0.0,5.6490173,8.851257,0.0,0.0,-1019490.0739856838,1170682.940876504,0.04774883502845572
A23A,2020072,2020-03-12,-75.7833,-41.05,nic,16.0,7.0,-1019444.1262851834,1170671.4619784555,-1019444.1262851834,1170671.4619784555,2020-03-11,-1019444.1262851834,1170671.4619784555,2020-03-13,1.0,1.0,0.0,0.0,-1019444.1262851834,1170671.4619784555,0.0,72,0.945320046913132,0.3261441535642696,0.0,0.0,6.381592,-0.37800598,0.0,0.0,-1019614.1952243923,1170611.2820048532,0.1818444573423638
A23A,2020073,2020-03-13,-75.7833,-41.05,nic,44.0,40.0,-1019444.1262851834,1170671.4619784555,-1019444.1262851834,1170671.4619784555,2020-03-12,-1019462.5150237373,1170655.4484431408,2020-03-14,1.0,1.0,0.0,0.0,-1019444.1262851834,1170671.4619784555,0.024577553742022765,73,0.9507903724625832,0.3098349038318025,-18.388738553971052,-16.013535314705223,5.334549,7.0298767,-18.388738553971052,-16.013535314705223,-1019490.0739856838,1170682.940876504,0.03925210828389169
A23A,2020074,2020-03-14,-75.7833,-41.0509,nic,16.0,7.0,-1019462.5150237373,1170655.4484431408,-1019444.1262851834,1170671.4619784555,2020-03-13,-1019511.5504301066,1170612.7442701687,2020-03-15,1.0,1.0,-18.388738553971052,-16.013535314705223,-1019480.9037622913,1170639.4349078261,0.040962589581730546,74,0.9559793438440766,0.2934339689665273,-49.03540636925027,-42.70417297212407,1.9057617,7.0209045,-30.646667815279216,-26.690637657418847,-1019526.8514627918,1170656.2390898787,0.046490014436744914
A23A,2020075,2020-03-15,-75.7833,-41.0533,nic,16.0,7.0,-1019511.5504301066,1170612.7442701687,-1019462.5150237373,1170655.4484431408,2020-03-14,-1019578.9711930209,1170554.0226786272,2020-03-16,1.0,1.0,-49.03540636925027,-42.70417297212407,-1019560.5858364758,1170570.0400971966,0.024577554031730564,75,0.9608854255574977,0.27694620226893646,-67.42076291434933,-58.7215915415436,0.88746643,5.816681,-18.385356545099057,-16.017418569419533,-1019606.5335369763,1170587.8450688915,0.04399487122402426
A23A,2020076,2020-03-16,-75.7833,-41.0566,nic,16.0,7.0,-1019578.9711930209,1170554.0226786272,-1019511.5504301066,1170612.7442701687,2020-03-15,-1019650.4743668534,1170491.737959558,2020-03-17,1.0,1.0,-67.42076291434933,-58.7215915415436,-1019646.3919559353,1170495.3010870856,0.005461681384955504,76,0.9655071658143364,0.2603764827344581,-71.50317383243237,-62.284719069255516,-2.3858948,2.159195,-4.082410918083042,-3.563127527711913,-1019851.3412814968,1170776.0057989997,0.3509773512331672
A23A,2020077,2020-03-17,-75.7833,-41.0601,nic,16.0,7.0,-1019650.4743668534,1170491.737959558,-1019578.9711930209,1170554.0226786272,2020-03-16,-1019717.8881600739,1170433.008366773,2020-03-18,1.0,1.0,-71.50317383243237,-62.284719069255516,-1019721.9775406858,1170429.4532404887,0.0054616813858212555,77,0.969843196967294,0.24372971360968387,-67.41379322053399,-58.72959278500639,1.2506561,4.374588,4.0893806118983775,3.555126284249127,-1019739.758113577,1170393.679837321,0.04535966402122087
A23A,2020078,2020-03-18,-75.7833,-41.0634,nic,16.0,7.0,-1019717.8881600739,1170433.008366773,-1019650.4743668534,1170491.737959558,2020-03-17,-1019766.914248671,1170390.293496951,2020-03-19,1.0,1.0,-67.41379322053399,-58.72959278500639,-1019785.3019532944,1170374.278773988,0.024577554031110616,78,0.9738922359149924,0.22701082094141847,-49.02608859713655,-42.714869821909815,-0.54078674,5.441452,18.38770462339744,16.014722963096574,-1019831.2496537949,1170405.8609006053,0.06673551353118591
A23A,2020079,2020-03-19,-75.7833,-41.0658,nic,16.0,7.0,-1019766.914248671,1170390.293496951,-1019717.8881600739,1170433.008366773,2020-03-18,-1019785.298570601,1170374.2748913297,2020-03-20,1.0,1.0,-49.02608859713655,-42.714869821909815,-1019815.9403372682,1170347.578627129,0.040962589581027616,79,0.9776530844816641,0.2102247521189836,-18.384321930003352,-16.018605621298775,-1.8787842,5.941498,30.641766667133197,26.69626420061104,-1019861.8880377687,1170410.055506249,0.08523513467559934
A23A,2020080,2020-03-20,-75.7833,-41.0667,nic,44.0,40.0,-1019785.298570601,1170374.2748913297,-1019766.914248671,1170390.293496951,2020-03-19,-1019766.914248671,1170390.293496951,2020-03-21,1.0,1.0,-18.384321930003352,-16.018605621298775,-1019803.682892531,1170358.2562857084,0.04915510748393922,80,0.981124629771712,0.19337647441020586,18.384321930003352,16.018605621298775,0.51942444,4.0433197,36.768643860006705,32.03721124259755,-1019843.245217055,1170406.0320997648,0.07857548237126055
A23A,2020081,2020-03-21,-75.7833,-41.0658,nic,16.0,7.0,-1019766.914248671,1170390.293496951,-1019785.298570601,1170374.2748913297,2020-03-20,-1019717.8881600739,1170433.008366773,2020-03-22,1.0,1.0,18.384321930003352,16.018605621298775,-1019748.529926741,1170406.3121025723,0.04096258958207797,81,0.984305844499033,0.17647097349152166,49.02608859713655,42.714869821909815,0.9528198,4.5510254,30.641766667133197,26.69626420061104,-1019794.4776272415,1170418.5001433056,0.07857839836406445
A23A,2020082,2020-03-22,-75.7833,-41.0634,nic,16.0,7.0,-1019717.8881600739,1170433.008366773,-1019766.914248671,1170390.293496951,2020-03-21,-1019650.4743668534,1170491.737959558,2020-03-23,1.0,1.0,49.02608859713655,42.714869821909815,-1019668.8620714768,1170475.7232365948,0.02457755403120943,82,0.9871957872910085,0.15951325197263655,67.41379322053399,58.72959278500639,4.8973083,4.2194366,18.38770462339744,16.014722963096574,-1019714.8097719772,1170481.2769565922,0.06570515566016569
A23A,2020083,2020-03-23,-75.7833,-41.0601,nic,16.0,7.0,-1019650.4743668534,1170491.737959558,-1019717.8881600739,1170433.008366773,2020-03-22,-1019578.9711930209,1170554.0226786272,2020-03-24,1.0,1.0,67.41379322053399,58.72959278500639,-1019583.0605736328,1170550.467552343,0.00546168138513191,83,0.9897936029670716,0.14250832791617088,71.50317383243237,62.284719069255516,4.0247498,1.3850098,4.0893806118983775,3.555126284249127,-1019647.3169289185,1170580.5577947288,0.07392159404491702
A23A,2020084,2020-03-24,-75.7833,-41.0566,nic,16.0,7.0,-1019578.9711930209,1170554.0226786272,-1019650.4743668534,1170491.737959558,2020-03-23,-1019511.5504301066,1170612.7442701687,2020-03-25,1.0,1.0,71.50317383243237,62.284719069255516,-1019507.4680191885,1170616.3073976964,0.005461681385473833,84,0.992098522791769,0.12546123335273648,67.42076291434933,58.7215915415436,1.8379059,0.6590729,-4.082410918083042,-3.563127527711913,-1019474.5899521719,1170636.2249334783,0.04413634010218884
A23A,2020085,2020-03-25,-75.7833,-41.0533,nic,16.0,7.0,-1019511.5504301066,1170612.7442701687,-1019578.9711930209,1170554.0226786272,2020-03-24,-1019462.5150237373,1170655.4484431408,2020-03-26,1.0,1.0,67.42076291434933,58.7215915415436,-1019444.1296671922,1170671.4658617103,0.02457755403145866,85,0.9941098647022418,0.10837701279187609,49.03540636925027,42.70417297212407,2.4690857,3.4409332,-18.385356545099057,-16.017418569419533,-1019595.6864909227,1170792.5739473426,0.19274437087136034
A23A,2020086,2020-03-26,-75.7833,-41.0509,nic,16.0,7.0,-1019462.5150237373,1170655.4484431408,-1019511.5504301066,1170612.7442701687,2020-03-25,-1019444.1262851834,1170671.4619784555,2020-03-27,1.0,1.0,49.03540636925027,42.70417297212407,-1019413.4796173681,1170698.152616113,0.040962589581027616,86,0.9958270335100595,0.09126072172931188,18.388738553971052,16.013535314705223,-2.558426,-1.6687927,-30.646667815279216,-26.690637657418847,-1019932.5177643407,1171887.3415809567,1.3211660778841918
A23A,2020087,2020-03-27,-75.7833,-41.05,nic,44.0,40.0,-1019444.1262851834,1170671.4619784555,-1019462.5150237373,1170655.4484431408,2020-03-26,-1019444.1262851834,1170671.4619784555,2020-03-28,1.0,1.0,18.388738553971052,16.013535314705223,-1019425.7375466294,1170687.4755137702,0.024577553741917918,87,0.9972495210773451,0.07411742515094437,0.0,0.0,-1.0754395,4.951126,-18.388738553971052,-16.013535314705223,-1020372.5050637192,1172920.2736094734,2.4530621535078136
A23A,2020088,2020-03-28,-75.7833,-41.05,nic,16.0,7.0,-1019444.1262851834,1170671.4619784555,-1019444.1262851834,1170671.4619784555,2020-03-27,-1019444.1262851834,1170671.4619784555,2020-03-29,1.0,1.0,0.0,0.0,-1019444.1262851834,1170671.4619784555,0.0,88,0.998376906467142,0.056952196034039754,0.0,0.0,5.4483337,6.620529,0.0,0.0,-1020390.8938022732,1172889.4817538462,2.431619676930488
A23A,2020089,2020-03-29,-75.7833,-41.05,nic,16.0,7.0,-1019444.1262851834,1170671.4619784555,-1019444.1262851834,1170671.4619784555,2020-03-28,-1019444.1262851834,1170671.4619784555,2020-03-30,1.0,1.0,0.0,0.0,-1019444.1262851834,1170671.4619784555,0.0,89,0.9992088560679753,0.03977011384605572,0.0,0.0,7.0237885,6.500839,0.0,0.0,-1020374.9452549099,1172895.66681244,2.431099402272139
A23A,2020090,2020-03-30,-75.7833,-41.05,nic,16.0,7.0,-1019444.1262851834,1170671.4619784555,-1019444.1262851834,1170671.4619784555,2020-03-29,-1019444.1262851834,1170671.4619784555,2020-03-31,1.0,1.0,0.0,0.0,-1019444.1262851834,1170671.4619784555,0.0,90,0.9997451236925734,0.022576263041545485,0.0,0.0,1.8711395,4.586609,0.0,0.0,-1020382.9447055935,1172849.8799472055,2.391766047372356
A23A,2020091,2020-03-31,-75.7833,-41.05,nic,16.0,7.0,-1019444.1262851834,1170671.4619784555,-1019444.1262851834,1170671.4619784555,2020-03-30,-1019444.1262851834,1170671.4619784555,2020-04-01,1.0,1.0,0.0,0.0,-1019444.1262851834,1170671.4619784555,0.0,91,0.9999855506507186,0.005375731557583884,0.0,0.0,3.2041016,5.525421,0.0,0.0,-1020382.9447055935,1172849.8799472055,2.391766047372356
A23A,2020092,2020-04-01,-75.7833,-41.05,nic,16.0,7.0,-1019444.1262851834,1170671.4619784555,-1019444.1262851834,1170671.4619784555,2020-03-31,-1019444.1262851834,1170671.4619784555,2020-04-02,1.0,1.0,0.0,0.0,-1019444.1262851834,1170671.4619784555,0.0,92,0.9999300657962057,-0.011826390691832589,0.0,0.0,3.2919617,5.5386047,0.0,0.0,-1020382.9447055935,1172849.8799472055,2.391766047372356
A23A,2020093,2020-04-02,-75.7833,-41.05,nic,16.0,7.0,-1019444.1262851834,1170671.4619784555,-1019444.1262851834,1170671.4619784555,2020-04-01,-1019444.1262851834,1170671.4619784555,2020-04-03,1.0,1.0,0.0,0.0,-1019444.1262851834,1170671.4619784555,0.0,93,0.9995786855478958,-0.029025013321975237,0.0,0.0,2.795868,-0.6268616,0.0,0.0,-1020385.5849643826,1172731.279361268,2.283556115638461
A23A,2020094,2020-04-03,-75.7833,-41.05,nic,44.0,40.0,-1019444.1262851834,1170671.4619784555,-1019444.1262851834,1170671.4619784555,2020-04-02,-1019462.5150237373,1170655.4484431408,2020-04-04,1.0,1.0,0.0,0.0,-1019444.1262851834,1170671.4619784555,0.024577553742022765,94,0.9989315138848577,-0.046215046983708354,-18.388738553971052,-16.013535314705223,-4.5212555,-4.5002747,-18.388738553971052,-16.013535314705223,-1020428.4496494412,1172284.589908143,1.909724014702172
A23A,2020095,2020-04-04,-75.7833,-41.0509,nic,16.0,7.0,-1019462.5150237373,1170655.4484431408,-1019444.1262851834,1170671.4619784555,2020-04-03,-1019511.5504301066,1170612.7442701687,2020-04-05,1.0,1.0,-18.388738553971052,-16.013535314705223,-1019480.9037622913,1170639.4349078261,0.040962589581730546,95,0.9979887423155984,-0.06339140486951038,-49.03540636925027,-42.70417297212407,-10.870605,-1.7654419,-30.646667815279216,-26.690637657418847,-1020497.477858971,1172366.187959584,2.028341484737792
A23A,2020096,2020-04-05,-75.7833,-41.0533,nic,16.0,7.0,-1019511.5504301066,1170612.7442701687,-1019462.5150237373,1170655.4484431408,2020-04-04,-1019578.9711930209,1170554.0226786272,2020-04-06,1.0,1.0,-49.03540636925027,-42.70417297212407,-1019560.5858364758,1170570.0400971966,0.024577554031730564,96,0.9967506498213929,-0.08054900421874167,-67.42076291434933,-58.7215915415436,-2.864502,-6.760254,-18.385356545099057,-16.017418569419533,-1020071.6748867688,1171258.812558134,0.867101107610246
A23A,2020097,2020-04-06,-75.7833,-41.0566,nic,16.0,7.0,-1019578.9711930209,1170554.0226786272,-1019511.5504301066,1170612.7442701687,2020-04-05,-1019650.4743668534,1170491.737959558,2020-04-07,1.0,1.0,-67.42076291434933,-58.7215915415436,-1019646.3919559353,1170495.3010870856,0.005461681384955504,97,0.9952176027737294,-0.09768276782171598,-71.50317383243237,-62.284719069255516,-10.844742,4.585312,-4.082410918083042,-3.563127527711913,-1019875.6629215115,1170347.5574042243,0.26951577793766357
A23A,2020098,2020-04-07,-75.7833,-41.0601,nic,16.0,7.0,-1019650.4743668534,1170491.737959558,-1019578.9711930209,1170554.0226786272,2020-04-06,-1019717.8881600739,1170433.008366773,2020-04-08,1.0,1.0,-71.50317383243237,-62.284719069255516,-1019721.9775406858,1170429.4532404887,0.0054616813858212555,98,0.9933900548258936,-0.11478762552212701,-67.41379322053399,-58.72959278500639,6.899719,6.118576,4.0893806118983775,3.555126284249127,-1019753.0953480741,1170486.2598086344,0.0643701911614738
A23A,2020099,2020-04-08,-75.7833,-41.0634,nic,16.0,7.0,-1019717.8881600739,1170433.008366773,-1019650.4743668534,1170491.737959558,2020-04-07,-1019766.914248671,1170390.293496951,2020-04-09,1.0,1.0,-67.41379322053399,-58.72959278500639,-1019785.3019532944,1170374.278773988,0.024577554031110616,99,0.9912685467787256,-0.13185851571739118,-49.02608859713655,-42.714869821909815,-3.0202332,-1.3923035,18.38770462339744,16.014722963096574,-1019878.7456407334,1170298.0151173717,0.14613910461585705
A23A,2020100,2020-04-09,-75.7833,-41.0658,nic,16.0,7.0,-1019766.914248671,1170390.293496951,-1019717.8881600739,1170433.008366773,2020-04-08,-1019785.298570601,1170374.2748913297,2020-04-10,1.0,1.0,-49.02608859713655,-42.714869821909815,-1019815.9403372682,1170347.578627129,0.040962589581027616,100,0.9888537064205885,-0.1488903868564548,-18.384321930003352,-16.018605621298775,-0.99505615,3.4130096,30.641766667133197,26.69626420061104,-1019853.9389563478,1170367.9031663137,0.06949232665197397
A23A,2020101,2020-04-10,-75.7833,-41.0667,nic,44.0,40.0,-1019785.298570601,1170374.2748913297,-1019766.914248671,1170390.293496951,2020-04-09,-1019766.914248671,1170390.293496951,2020-04-11,1.0,1.0,-18.384321930003352,-16.018605621298775,-1019803.682892531,1170358.2562857084,0.04915510748393922,101,0.986146248341595,-0.16587819893463143,18.384321930003352,16.018605621298775,-2.2448425,2.201126,36.768643860006705,32.03721124259755,-1019994.2977759539,1170663.2911673002,0.35825463618918313
A23A,2020102,2020-04-11,-75.7833,-41.0658,nic,16.0,7.0,-1019766.914248671,1170390.293496951,-1019785.298570601,1170374.2748913297,2020-04-10,-1019717.8881600739,1170433.008366773,2020-04-12,1.0,1.0,18.384321930003352,16.018605621298775,-1019748.529926741,1170406.3121025723,0.04096258958207797,102,0.9831469737221499,-0.1828169249850199,49.02608859713655,42.714869821909815,-5.690735,1.4118958,30.641766667133197,26.69626420061104,-1019845.8925289749,1170330.5798714322,0.1652426834008132
A23A,2020103,2020-04-12,-75.7833,-41.0634,nic,16.0,7.0,-1019717.8881600739,1170433.008366773,-1019766.914248671,1170390.293496951,2020-04-11,-1019650.4743668534,1170491.737959558,2020-04-13,1.0,1.0,49.02608859713655,42.714869821909815,-1019668.8620714768,1170475.7232365948,0.02457755403120943,103,0.9798567700958665,-0.1997015525660636,67.41379322053399,58.72959278500639,0.34936523,7.039566,18.38770462339744,16.014722963096574,-1019706.8606905564,1170481.2698364598,0.05781109783611803
A23A,2020104,2020-04-13,-75.7833,-41.0601,nic,16.0,7.0,-1019650.4743668534,1170491.737959558,-1019717.8881600739,1170433.008366773,2020-04-12,-1019578.9711930209,1170554.0226786272,2020-04-14,1.0,1.0,67.41379322053399,58.72959278500639,-1019583.0605736328,1170550.467552343,0.00546168138513191,104,0.9762766110869321,-0.21652708524481437,71.50317383243237,62.284719069255516,4.0848083,4.8259125,4.0893806118983775,3.555126284249127,-1019621.0591927124,1170544.7636911063,0.04344055351357759
A23A,2020105,2020-04-14,-75.7833,-41.0566,nic,16.0,7.0,-1019578.9711930209,1170554.0226786272,-1019650.4743668534,1170491.737959558,2020-04-13,-1019511.5504301066,1170612.7442701687,2020-04-15,1.0,1.0,71.50317383243237,62.284719069255516,-1019507.4680191885,1170616.3073976964,0.005461681385473833,105,0.9724075561219968,-0.23328854407545518,67.42076291434933,58.7215915415436,3.477707,6.540024,-4.082410918083042,-3.563127527711913,-1019330.295167626,1170644.4824007482,0.18549401129412454
A23A,2020106,2020-04-15,-75.7833,-41.0533,nic,16.0,7.0,-1019511.5504301066,1170612.7442701687,-1019578.9711930209,1170554.0226786272,2020-04-14,-1019462.5150237373,1170655.4484431408,2020-04-16,1.0,1.0,67.42076291434933,58.7215915415436,-1019444.1296671922,1170671.4658617103,0.02457755403145866,106,0.9682507501166718,-0.2499809690726521,49.03540636925027,42.70417297212407,2.6631775,5.766037,-18.385356545099057,-16.017418569419533,-1019482.1282862718,1170672.3963212692,0.026137406918481876
A23A,2020107,2020-04-16,-75.7833,-41.0509,nic,16.0,7.0,-1019462.5150237373,1170655.4484431408,-1019511.5504301066,1170612.7442701687,2020-04-15,-1019444.1262851834,1170671.4619784555,2020-04-17,1.0,1.0,49.03540636925027,42.70417297212407,-1019413.4796173681,1170698.152616113,0.040962589581027616,107,0.9638074231367307,-0.26659942067929354,18.388738553971052,16.013535314705223,1.8111267,-2.2101288,-30.646667815279216,-26.690637657418847,-1019464.0586311925,1170585.2522941525,0.08919886700638159
A23A,2020108,2020-04-17,-75.7833,-41.05,nic,44.0,40.0,-1019444.1262851834,1170671.4619784555,-1019462.5150237373,1170655.4484431408,2020-04-16,-1019444.1262851834,1170671.4619784555,2020-04-18,1.0,1.0,18.388738553971052,16.013535314705223,-1019425.7375466294,1170687.4755137702,0.024577553741917918,108,0.9590788900341131,-0.28313898122818354,0.0,0.0,3.5627594,-5.1329803,-18.388738553971052,-16.013535314705223,-1019476.3165604539,1170489.203754737,0.1865784349551406
A23A,2020109,2020-04-18,-75.7833,-41.05,nic,16.0,7.0,-1019444.1262851834,1170671.4619784555,-1019444.1262851834,1170671.4619784555,2020-04-17,-1019444.1262851834,1170671.4619784555,2020-04-19,1.0,1.0,0.0,0.0,-1019444.1262851834,1170671.4619784555,0.0,109,0.9540665500578387,-0.2995947563972602,0.0,0.0,-5.026779,1.1216583,0.0,0.0,-1019530.8458515286,1170566.2796282968,0.13740538483665285
A23A,2020110,2020-04-19,-75.7833,-41.05,nic,16.0,7.0,-1019444.1262851834,1170671.4619784555,-1019444.1262851834,1170671.4619784555,2020-04-18,-1019444.1262851834,1170671.4619784555,2020-04-20,1.0,1.0,0.0,0.0,-1019444.1262851834,1170671.4619784555,0.0,110,0.9487718864399473,-0.31596187665790293,0.0,0.0,-5.078888,13.419479,0.0,0.0,-1019512.5371814846,1170615.6599726877,0.08898398619174747
A23A,2020111,2020-04-20,-75.7833,-41.05,nic,16.0,7.0,-1019444.1262851834,1170671.4619784555,-1019444.1262851834,1170671.4619784555,2020-04-19,-1019444.1262851834,1170671.4619784555,2020-04-21,1.0,1.0,0.0,0.0,-1019444.1262851834,1170671.4619784555,0.0,111,0.9431964659565866,-0.33223549871590435,0.0,0.0,-10.332016,1.3567963,0.0,0.0,-1019586.0968204617,1170599.818385621,0.16028963182130193
A23A,2020112,2020-04-21,-75.7833,-41.05,nic,16.0,7.0,-1019444.1262851834,1170671.4619784555,-1019444.1262851834,1170671.4619784555,2020-04-20,-1019444.1262851834,1170671.4619784555,2020-04-22,1.0,1.0,0.0,0.0,-1019444.1262851834,1170671.4619784555,0.0,112,0.9373419384643772,-0.3484108069446808,0.0,0.0,-5.834427,2.0321808,0.0,0.0,-1019551.7931324124,1170706.3052897654,0.1140967726950745
A23A,2020113,2020-04-22,-75.7833,-41.05,nic,16.0,7.0,-1019444.1262851834,1170671.4619784555,-1019444.1262851834,1170671.4619784555,2020-04-21,-1019444.1262851834,1170671.4619784555,2020-04-23,1.0,1.0,0.0,0.0,-1019444.1262851834,1170671.4619784555,0.0,113,0.9312100364121947,-0.3644830148102912,0.0,0.0,-3.9217682,5.146637,0.0,0.0,-1019524.9895740628,1170682.927201768,0.08233944819794267
A23A,2020114,2020-04-23,-75.7833,-41.05,nic,16.0,7.0,-1019444.1262851834,1170671.4619784555,-1019444.1262851834,1170671.4619784555,2020-04-22,-1019444.1262851834,1170671.4619784555,2020-04-24,1.0,1.0,0.0,0.0,-1019444.1262851834,1170671.4619784555,0.0,114,0.9248025743285089,-0.38044736628785164,0.0,0.0,2.504593,10.289154,0.0,0.0,-1019482.124904263,1170678.317616006,0.0389282331420714
A23A,2020115,2020-04-24,-75.7833,-41.05,nic,44.0,40.0,-1019444.1262851834,1170671.4619784555,-1019444.1262851834,1170671.4619784555,2020-04-23,-1019444.1262851834,1170671.4619784555,2020-04-25,1.0,1.0,0.0,0.0,-1019444.1262851834,1170671.4619784555,0.0,115,0.9181214482844365,-0.39629913726891813,0.0,0.0,4.025467,5.713974,0.0,0.0,-1019482.124904263,1170667.0671549044,0.03856057832006127
A23A,2020116,2020-04-25,-75.7833,-41.05,nic,16.0,7.0,-1019444.1262851834,1170671.4619784555,-1019444.1262851834,1170671.4619784555,2020-04-24,-1019444.1262851834,1170671.4619784555,2020-04-26,1.0,1.0,0.0,0.0,-1019444.1262851834,1170671.4619784555,0.0,116,0.9111686353326631,-0.41203363695942635,0.0,0.0,-0.073654175,9.392654,0.0,0.0,-1019482.124904263,1170678.317616006,0.0389282331420714
A23A,2020117,2020-04-26,-75.7833,-41.05,nic,16.0,7.0,-1019444.1262851834,1170671.4619784555,-1019444.1262851834,1170671.4619784555,2020-04-25,-1019444.1262851834,1170671.4619784555,2020-04-27,1.0,1.0,0.0,0.0,-1019444.1262851834,1170671.4619784555,0.0,117,0.9039461929224011,-0.42764620926777464,0.0,0.0,0.08961487,5.3788605,0.0,0.0,-1019482.124904263,1170673.7014758787,0.03837434802426212
A23A,2020118,2020-04-27,-75.7833,-41.05,nic,16.0,7.0,-1019444.1262851834,1170671.4619784555,-1019444.1262851834,1170671.4619784555,2020-04-26,-1019444.1262851834,1170671.4619784555,2020-04-28,1.0,1.0,0.0,0.0,-1019444.1262851834,1170671.4619784555,0.0,118,0.8964562582905575,-0.44313223418263453,0.0,0.0,-1.5397797,0.15144348,0.0,0.0,-1019494.7052990078,1170618.289832612,0.07396887521908077
A23A,2020119,2020-04-28,-75.7833,-41.05,nic,16.0,7.0,-1019444.1262851834,1170671.4619784555,-1019444.1262851834,1170671.4619784555,2020-04-27,-1019444.1262851834,1170671.4619784555,2020-04-29,1.0,1.0,0.0,0.0,-1019444.1262851834,1170671.4619784555,0.0,119,0.8887010478292915,-0.45848712914008766,0.0,0.0,-2.9196472,-3.70253,0.0,0.0,-1019537.5699726223,1170481.7479434214,0.21317029595256393
A23A,2020120,2020-04-29,-75.7833,-41.05,nic,16.0,7.0,-1019444.1262851834,1170671.4619784555,-1019444.1262851834,1170671.4619784555,2020-04-28,-1019444.1262851834,1170671.4619784555,2020-04-30,1.0,1.0,0.0,0.0,-1019444.1262851834,1170671.4619784555,0.0,120,0.8806828564301475,-0.47370635037968,0.0,0.0,0.4567871,4.623352,0.0,0.0,-1019482.124904263,1170673.7014758787,0.03837434802426212
A23A,2020121,2020-04-30,-75.7833,-41.05,nic,16.0,7.0,-1019444.1262851834,1170671.4619784555,-1019444.1262851834,1170671.4619784555,2020-04-29,-1019444.1262851834,1170671.4619784555,2020-05-01,1.0,1.0,0.0,0.0,-1019444.1262851834,1170671.4619784555,0.0,121,0.8724040568049612,-0.48878539428899265,0.0,0.0,4.079132,0.1595459,0.0,0.0,-1019494.7052990078,1170561.3666949472,0.12212799448514067
A23A,2020122,2020-05-01,-75.7833,-41.05,nic,44.0,40.0,-1019444.1262851834,1170671.4619784555,-1019444.1262851834,1170671.4619784555,2020-04-30,-1019462.5150237373,1170655.4484431408,2020-05-02,1.0,1.0,0.0,0.0,-1019444.1262851834,1170671.4619784555,0.024577553742022765,122,0.8638670987837349,-0.503719798736334,-18.388738553971052,-16.013535314705223,-8.909729,-4.3589783,-18.388738553971052,-16.013535314705223,-1019569.820720303,1170421.8984713755,0.25907991998996904
A23A,2020123,2020-05-02,-75.7833,-41.0509,nic,16.0,7.0,-1019462.5150237373,1170655.4484431408,-1019444.1262851834,1170671.4619784555,2020-05-01,-1019511.5504301066,1170612.7442701687,2020-05-03,1.0,1.0,-18.388738553971052,-16.013535314705223,-1019480.9037622913,1170639.4349078261,0.040962589581730546,123,0.8550745085896932,-0.518505144391157,-49.03540636925027,-42.70417297212407,-8.040939,-0.9690399,-30.646667815279216,-26.690637657418847,-1019606.5981974109,1170574.3482226455,0.10332834977949704
A23A,2020124,2020-05-03,-75.7833,-41.0533,nic,16.0,7.0,-1019511.5504301066,1170612.7442701687,-1019462.5150237373,1170655.4484431408,2020-05-02,-1019578.9711930209,1170554.0226786272,2020-05-04,1.0,1.0,-49.03540636925027,-42.70417297212407,-1019560.5858364758,1170570.0400971966,0.024577554031730564,124,0.8460288880917339,-0.533137056031809,-67.42076291434933,-58.7215915415436,6.923996,6.296631,-18.385356545099057,-16.017418569419533,-1019573.4512463269,1170605.5073785381,0.05220058510326194
A23A,2020125,2020-05-04,-75.7833,-41.0566,nic,16.0,7.0,-1019578.9711930209,1170554.0226786272,-1019511.5504301066,1170612.7442701687,2020-05-03,-1019650.4743668534,1170491.737959558,2020-05-05,1.0,1.0,-67.42076291434933,-58.7215915415436,-1019646.3919559353,1170495.3010870856,0.005461681384955504,125,0.8367329140344921,-0.5476112038402312,-71.50317383243237,-62.284719069255516,-0.29364014,5.9936676,-4.082410918083042,-3.563127527711913,-1019684.3905750149,1170496.2315466446,0.03449205713575087
A23A,2020126,2020-05-05,-75.7833,-41.0601,nic,16.0,7.0,-1019650.4743668534,1170491.737959558,-1019578.9711930209,1170554.0226786272,2020-05-04,-1019717.8881600739,1170433.008366773,2020-05-06,1.0,1.0,-71.50317383243237,-62.284719069255516,-1019721.9775406858,1170429.4532404887,0.0054616813858212555,126,0.8271893372462497,-0.5619233046832195,-67.41379322053399,-58.72959278500639,5.8603516,-2.3462524,4.0893806118983775,3.555126284249127,-1019577.2494980833,1170290.6812373148,0.20176097249628475
A23A,2020127,2020-05-06,-75.7833,-41.0634,nic,16.0,7.0,-1019717.8881600739,1170433.008366773,-1019650.4743668534,1170491.737959558,2020-05-05,-1019766.914248671,1170390.293496951,2020-05-07,1.0,1.0,-67.41379322053399,-58.72959278500639,-1019785.3019532944,1170374.278773988,0.024577554031110616,127,0.8174009818249189,-0.5760691233798758,-49.02608859713655,-42.714869821909815,5.149811,-2.335907,18.38770462339744,16.014722963096574,-1019835.8809671189,1170265.1938588268,0.14399164075245977
A23A,2020128,2020-05-07,-75.7833,-41.0658,nic,16.0,7.0,-1019766.914248671,1170390.293496951,-1019717.8881600739,1170433.008366773,2020-05-06,-1019785.298570601,1170374.2748913297,2020-05-08,1.0,1.0,-49.02608859713655,-42.714869821909815,-1019815.9403372682,1170347.578627129,0.040962589581027616,128,0.8073707443023492,-0.5900444739548627,-18.384321930003352,-16.018605621298775,1.8600616,4.4053955,30.641766667133197,26.69626420061104,-1019853.9389563478,1170348.509086688,0.07390263985272753
A23A,2020129,2020-05-08,-75.7833,-41.0667,nic,44.0,40.0,-1019785.298570601,1170374.2748913297,-1019766.914248671,1170390.293496951,2020-05-07,-1019766.914248671,1170390.293496951,2020-05-09,1.0,1.0,-18.384321930003352,-16.018605621298775,-1019803.682892531,1170358.2562857084,0.04915510748393922,129,0.7971015927871943,-0.6038452208771035,18.384321930003352,16.018605621298775,4.4163055,10.733139,36.768643860006705,32.03721124259755,-1019835.2961337267,1170392.7563352995,0.06898246937658663
A23A,2020130,2020-05-09,-75.7833,-41.0658,nic,16.0,7.0,-1019766.914248671,1170390.293496951,-1019785.298570601,1170374.2748913297,2020-05-08,-1019717.8881600739,1170433.008366773,2020-05-10,1.0,1.0,18.384321930003352,16.018605621298775,-1019748.529926741,1170406.3121025723,0.04096258958207797,130,0.7865965660866021,-0.6174672802835514,49.02608859713655,42.714869821909815,4.490692,9.5299225,30.641766667133197,26.69626420061104,-1020589.5805859207,1170405.2243821782,0.8791965901302566
A23A,2020131,2020-05-10,-75.7833,-41.0634,nic,16.0,7.0,-1019717.8881600739,1170433.008366773,-1019766.914248671,1170390.293496951,2020-05-09,-1019650.4743668534,1170491.737959558,2020-05-11,1.0,1.0,49.02608859713655,42.714869821909815,-1019668.8620714768,1170475.7232365948,0.02457755403120943,131,0.7758587728069828,-0.6309066211876704,67.41379322053399,58.72959278500639,5.348694,4.5599823,18.38770462339744,16.014722963096574,-1020501.9824328049,1170470.0193753582,0.8586839463977315
A23A,2020132,2020-05-11,-75.7833,-41.0601,nic,16.0,7.0,-1019650.4743668534,1170491.737959558,-1019717.8881600739,1170433.008366773,2020-05-10,-1019578.9711930209,1170554.0226786272,2020-05-12,1.0,1.0,67.41379322053399,58.72959278500639,-1019583.0605736328,1170550.467552343,0.00546168138513191,132,0.7648913904341226,-0.6441592666722685,71.50317383243237,62.284719069255516,2.668869,0.008865356,4.0893806118983775,3.555126284249127,-1020720.8617210938,1170445.6975480705,1.156274516005224
A23A,2020133,2020-05-12,-75.7833,-41.0566,nic,16.0,7.0,-1019578.9711930209,1170554.0226786272,-1019650.4743668534,1170491.737959558,2020-05-11,-1019511.5504301066,1170612.7442701687,2020-05-13,1.0,1.0,71.50317383243237,62.284719069255516,-1019507.4680191885,1170616.3073976964,0.005461681385473833,133,0.753697664392914,-0.6572212950663319,67.42076291434933,58.7215915415436,-8.610107,-6.0706177,-4.082410918083042,-3.563127527711913,-1020901.7152115713,1170489.7284868688,1.4068620023281373
A23A,2020134,2020-05-13,-75.7833,-41.0533,nic,16.0,7.0,-1019511.5504301066,1170612.7442701687,-1019578.9711930209,1170554.0226786272,2020-05-12,-1019462.5150237373,1170655.4484431408,2020-05-14,1.0,1.0,67.42076291434933,58.7215915415436,-1019444.1296671922,1170671.4658617103,0.02457755403145866,134,0.742280907086982,-0.6700888411055113,49.03540636925027,42.70417297212407,-9.7883,-2.7931824,-18.385356545099057,-16.017418569419533,-1020862.4195841844,1170551.2129243934,1.415118240040447
A23A,2020135,2020-05-14,-75.7833,-41.0509,nic,16.0,7.0,-1019462.5150237373,1170655.4484431408,-1019511.5504301066,1170612.7442701687,2020-05-13,-1019444.1262851834,1170671.4619784555,2020-05-15,1.0,1.0,49.03540636925027,42.70417297212407,-1019413.4796173681,1170698.152616113,0.040962589581027616,135,0.7306444969184916,-0.6827580970759147,18.388738553971052,16.013535314705223,-1.9391785,-4.4082947,-30.646667815279216,-26.690637657418847,-1020551.280764829,1170555.4949775632,1.1221918778771123
A23A,2020136,2020-05-15,-75.7833,-41.05,nic,44.0,40.0,-1019444.1262851834,1170671.4619784555,-1019462.5150237373,1170655.4484431408,2020-05-14,-1019444.1262851834,1170671.4619784555,2020-05-16,1.0,1.0,18.388738553971052,16.013535314705223,-1019425.7375466294,1170687.4755137702,0.024577553741917918,136,0.7187918772884232,-0.6952253139408722,0.0,0.0,-1.8830414,-3.704956,-18.388738553971052,-16.013535314705223,-1020661.1165749497,1170546.1269114753,1.2332970370950225
A23A,2020137,2020-05-16,-75.7833,-41.05,nic,16.0,7.0,-1019444.1262851834,1170671.4619784555,-1019444.1262851834,1170671.4619784555,2020-05-15,-1019444.1262851834,1170671.4619784555,2020-05-17,1.0,1.0,0.0,0.0,-1019444.1262851834,1170671.4619784555,0.0,137,0.7067265555776158,-0.7074868024503348,0.0,0.0,3.396576,6.925171,0.0,0.0,-1020374.8245273709,1170671.6832959256,0.9382453752287973
A23A,2020138,2020-05-17,-75.7833,-41.05,nic,16.0,7.0,-1019444.1262851834,1170671.4619784555,-1019444.1262851834,1170671.4619784555,2020-05-16,-1019444.1262851834,1170671.4619784555,2020-05-18,1.0,1.0,0.0,0.0,-1019444.1262851834,1170671.4619784555,0.0,138,0.6944521021088763,-0.719538934232584,0.0,0.0,4.548126,7.3333893,0.0,0.0,-1020931.7174717068,1170671.6832959256,1.4996489423374706
A23A,2020139,2020-05-18,-75.7833,-41.05,nic,16.0,7.0,-1019444.1262851834,1170671.4619784555,-1019444.1262851834,1170671.4619784555,2020-05-17,-1019444.1262851834,1170671.4619784555,2020-05-19,1.0,1.0,0.0,0.0,-1019444.1262851834,1170671.4619784555,0.0,139,0.6819721490904629,-0.7313781428679254,0.0,0.0,2.477188,6.698883,0.0,0.0,-1020739.7368808865,1170678.317616006,1.3061347187425991
A23A,2020140,2020-05-19,-75.7833,-41.05,nic,16.0,7.0,-1019444.1262851834,1170671.4619784555,-1019444.1262851834,1170671.4619784555,2020-05-18,-1019444.1262851834,1170671.4619784555,2020-05-20,1.0,1.0,0.0,0.0,-1019444.1262851834,1170671.4619784555,0.0,140,0.6692903895412567,-0.7430009249440493,0.0,0.0,2.3911133,6.071396,0.0,0.0,-1020739.7368808865,1170673.7014758787,1.3061165529158631
A23A,2020141,2020-05-20,-75.7833,-41.05,nic,16.0,7.0,-1019444.1262851834,1170671.4619784555,-1019444.1262851834,1170671.4619784555,2020-05-19,-1019444.1262851834,1170671.4619784555,2020-05-21,1.0,1.0,0.0,0.0,-1019444.1262851834,1170671.4619784555,0.0,141,0.6564105761979381,-0.7544038410927472,0.0,0.0,4.453003,8.377609,0.0,0.0,-1020782.3672519802,1170671.6832959256,1.3490894237981395
A23A,2020142,2020-05-21,-75.7833,-41.05,nic,16.0,7.0,-1019444.1262851834,1170671.4619784555,-1019444.1262851834,1170671.4619784555,2020-05-20,-1019444.1262851834,1170671.4619784555,2020-05-22,1.0,1.0,0.0,0.0,-1019444.1262851834,1170671.4619784555,0.0,142,0.6433365204044917,-0.765583517007675,0.0,0.0,5.9295654,5.3264313,0.0,0.0,-1020289.2156406521,1170716.739745637,0.853182730287589
A23A,2020143,2020-05-22,-75.7833,-41.05,nic,44.0,40.0,-1019444.1262851834,1170671.4619784555,-1019444.1262851834,1170671.4619784555,2020-05-21,-1019444.1262851834,1170671.4619784555,2020-05-23,1.0,1.0,0.0,0.0,-1019444.1262851834,1170671.4619784555,0.0,143,0.6300720909843687,-0.7765366444428655,0.0,0.0,7.374588,3.9407043,0.0,0.0,-1020549.3900791287,1170732.372558137,1.115940236764248
A23A,2020144,2020-05-23,-75.7833,-41.05,nic,16.0,7.0,-1019444.1262851834,1170671.4619784555,-1019444.1262851834,1170671.4619784555,2020-05-22,-1019444.1262851834,1170671.4619784555,2020-05-24,1.0,1.0,0.0,0.0,-1019444.1262851834,1170671.4619784555,0.0,144,0.6166212130956382,-0.7872599821916922,0.0,0.0,2.190857,6.930649,0.0,0.0,-1021026.5418125271,1170702.4518904886,1.5955589709970674
A23A,2020145,2020-05-24,-75.7833,-41.05,nic,16.0,7.0,-1019444.1262851834,1170671.4619784555,-1019444.1262851834,1170671.4619784555,2020-05-23,-1019444.1262851834,1170671.4619784555,2020-05-25,1.0,1.0,0.0,0.0,-1019444.1262851834,1170671.4619784555,0.0,145,0.6029878670694714,-0.7977503570459932,0.0,0.0,1.9356232,4.883667,0.0,0.0,-1019460.0048891186,1170697.8357482157,0.031041427714801232
A23A,2020146,2020-05-25,-75.7833,-41.05,nic,16.0,7.0,-1019444.1262851834,1170671.4619784555,-1019444.1262851834,1170671.4619784555,2020-05-24,-1019444.1262851834,1170671.4619784555,2020-05-26,1.0,1.0,0.0,0.0,-1019444.1262851834,1170671.4619784555,0.0,146,0.5891760872322963,-0.8080046647350754,0.0,0.0,4.1084137,4.5713196,0.0,0.0,-1019470.8489853024,1170691.2014289103,0.03349940187434864
A23A,2020147,2020-05-26,-75.7833,-41.05,nic,16.0,7.0,-1019444.1262851834,1170671.4619784555,-1019444.1262851834,1170671.4619784555,2020-05-25,-1019444.1262851834,1170671.4619784555,2020-05-27,1.0,1.0,0.0,0.0,-1019444.1262851834,1170671.4619784555,0.0,147,0.5751899607119775,-0.8180198708443175,0.0,0.0,4.1606293,9.473206,0.0,0.0,-1019435.9034525036,1170695.8175711832,0.02591295850480141
A23A,2020148,2020-05-27,-75.7833,-41.05,nic,16.0,7.0,-1019444.1262851834,1170671.4619784555,-1019444.1262851834,1170671.4619784555,2020-05-26,-1019444.1262851834,1170671.4619784555,2020-05-28,1.0,1.0,0.0,0.0,-1019444.1262851834,1170671.4619784555,0.0,148,0.5610336262283677,-0.8277930117131022,0.0,0.0,-2.6985931,0.7887268,0.0,0.0,-1019461.8791099667,1170851.0807681284,0.1819756265086572
A23A,2020149,2020-05-28,-75.7833,-41.05,nic,16.0,7.0,-1019444.1262851834,1170671.4619784555,-1019444.1262851834,1170671.4619784555,2020-05-27,-1019444.1262851834,1170671.4619784555,2020-05-29,1.0,1.0,0.0,0.0,-1019444.1262851834,1170671.4619784555,0.0,149,0.5467112728685939,-0.8373211953118121,0.0,0.0,-4.6575165,0.9445648,0.0,0.0,-1019461.8791099667,1170624.9358287058,0.050197876209307636
A23A,2020150,2020-05-29,-75.7833,-41.05,nic,44.0,40.0,-1019444.1262851834,1170671.4619784555,-1019444.1262851834,1170671.4619784555,2020-05-28,-1019462.5150237373,1170655.4484431408,2020-05-30,1.0,1.0,0.0,0.0,-1019444.1262851834,1170671.4619784555,0.024577553742022765,150,0.5322271388474397,-0.8466016020976267,-18.388738553971052,-16.013535314705223,0.27378845,8.11322,-18.388738553971052,-16.013535314705223,-1019435.9034525036,1170702.4518904886,0.05444509370026324
A23A,2020151,2020-05-30,-75.7833,-41.0509,nic,16.0,7.0,-1019462.5150237373,1170655.4484431408,-1019444.1262851834,1170671.4619784555,2020-05-29,-1019511.5504301066,1170612.7442701687,2020-05-31,1.0,1.0,-18.388738553971052,-16.013535314705223,-1019480.9037622913,1170639.4349078261,0.040962589581730546,151,0.5175855102531889,-0.8556314858488706,-49.03540636925027,-42.70417297212407,-0.6941681,3.6726227,-30.646667815279216,-26.690637657418847,-1019472.6809296116,1170676.429540547,0.0752050233829847
A23A,2020152,2020-05-31,-75.7833,-41.0533,nic,16.0,7.0,-1019511.5504301066,1170612.7442701687,-1019462.5150237373,1170655.4484431408,2020-05-30,-1019578.9711930209,1170554.0226786272,2020-06-01,1.0,1.0,-49.03540636925027,-42.70417297212407,-1019560.5858364758,1170570.0400971966,0.024577554031730564,152,0.5027907197793043,-0.8644081744776648,-67.42076291434933,-58.7215915415436,5.867859,11.11676,-18.385356545099057,-16.017418569419533,-1019128.5406704602,1170634.2577790814,0.4612033325817027
A23A,2020153,2020-06-01,-75.7833,-41.0566,nic,16.0,7.0,-1019578.9711930209,1170554.0226786272,-1019511.5504301066,1170612.7442701687,2020-05-31,-1019650.4743668534,1170491.737959558,2020-06-02,1.0,1.0,-67.42076291434933,-58.7215915415436,-1019646.3919559353,1170495.3010870856,0.005461681384955504,153,0.4878471454423119,-0.8729290708206411,-71.50317383243237,-62.284719069255516,0.051986694,9.363586,-4.082410918083042,-3.563127527711913,-1019638.1691232555,1170524.9819609565,0.0357330307431714
A23A,2020154,2020-06-02,-75.7833,-41.0601,nic,16.0,7.0,-1019650.4743668534,1170491.737959558,-1019578.9711930209,1170554.0226786272,2020-06-01,-1019717.8881600739,1170433.008366773,2020-06-03,1.0,1.0,-71.50317383243237,-62.284719069255516,-1019721.9775406858,1170429.4532404887,0.0054616813858212555,154,0.47275920928627757,-0.881191653407483,-67.41379322053399,-58.72959278500639,-0.0723114,-1.4230957,4.0893806118983775,3.555126284249127,-1019687.4581162473,1170280.2787104594,0.1570160825771513
A23A,2020155,2020-06-03,-75.7833,-41.0634,nic,16.0,7.0,-1019717.8881600739,1170433.008366773,-1019650.4743668534,1170491.737959558,2020-06-02,-1019766.914248671,1170390.293496951,2020-06-04,1.0,1.0,-67.41379322053399,-58.72959278500639,-1019785.3019532944,1170374.278773988,0.024577554031110616,155,0.4575313760742512,-0.8891934772070711,-49.02608859713655,-42.714869821909815,1.007721,-1.2553711,18.38770462339744,16.014722963096574,-1019803.0547780778,1170295.9624440318,0.10182829072494323
A23A,2020156,2020-06-04,-75.7833,-41.0658,nic,16.0,7.0,-1019766.914248671,1170390.293496951,-1019717.8881600739,1170433.008366773,2020-06-03,-1019785.298570601,1170374.2748913297,2020-06-05,1.0,1.0,-49.02608859713655,-42.714869821909815,-1019815.9403372682,1170347.578627129,0.040962589581027616,156,0.44216815196707204,-0.8969321743510065,-18.384321930003352,-16.018605621298775,-1.3911743,1.4225159,30.641766667133197,26.69626420061104,-1019833.6931620515,1170372.98489811,0.048804104521881414
A23A,2020157,2020-06-05,-75.7833,-41.0667,nic,44.0,40.0,-1019785.298570601,1170374.2748913297,-1019766.914248671,1170390.293496951,2020-06-04,-1019766.914248671,1170390.293496951,2020-06-06,1.0,1.0,-18.384321930003352,-16.018605621298775,-1019803.682892531,1170358.2562857084,0.04915510748393922,157,0.42667408318992467,-0.9044054548343001,18.384321930003352,16.018605621298775,-1.7851868,3.9472046,36.768643860006705,32.03721124259755,-1019897.244927138,1170453.5648260526,0.1460771386996426
A23A,2020158,2020-06-06,-75.7833,-41.0658,nic,16.0,7.0,-1019766.914248671,1170390.293496951,-1019785.298570601,1170374.2748913297,2020-06-05,-1019717.8881600739,1170433.008366773,2020-06-07,1.0,1.0,18.384321930003352,16.018605621298775,-1019748.529926741,1170406.3121025723,0.04096258958207797,158,0.4110537546870351,-0.9116111071930239,49.02608859713655,42.714869821909815,-12.783173,1.9601898,30.641766667133197,26.69626420061104,-1020011.7382397293,1170500.1784966153,0.3039022102739223
A23A,2020159,2020-06-07,-75.7833,-41.0634,nic,16.0,7.0,-1019717.8881600739,1170433.008366773,-1019766.914248671,1170390.293496951,2020-06-06,-1019650.4743668534,1170491.737959558,2020-06-08,1.0,1.0,49.02608859713655,42.714869821909815,-1019668.8620714768,1170475.7232365948,0.02457755403120943,159,0.3953117887649151,-0.9185469991587165,67.41379322053399,58.72959278500639,3.0859985,7.427368,18.38770462339744,16.014722963096574,-1019660.639238797,1170505.4041104657,0.017174114560939417
A23A,2020160,2020-06-08,-75.7833,-41.0601,nic,16.0,7.0,-1019650.4743668534,1170491.737959558,-1019717.8881600739,1170433.008366773,2020-06-07,-1019578.9711930209,1170554.0226786272,2020-06-09,1.0,1.0,67.41379322053399,58.72959278500639,-1019583.0605736328,1170550.467552343,0.00546168138513191,160,0.37945284372454435,-0.925211078289358,71.50317383243237,62.284719069255516,-0.5051117,-0.81385803,4.0893806118983775,3.555126284249127,-1019614.7952480866,1170473.6314012199,0.08871713236767041
A23A,2020161,2020-06-09,-75.7833,-41.0566,nic,16.0,7.0,-1019578.9711930209,1170554.0226786272,-1019650.4743668534,1170491.737959558,2020-06-08,-1019511.5504301066,1170612.7442701687,2020-06-10,1.0,1.0,71.50317383243237,62.284719069255516,-1019507.4680191885,1170616.3073976964,0.005461681385473833,161,0.36348161248290634,-0.9316013725767187,67.42076291434933,58.7215915415436,-10.756912,-1.180191,-4.082410918083042,-3.563127527711913,-1019571.0748688589,1170562.322461936,0.07862898200785795
A23A,2020162,2020-06-10,-75.7833,-41.0533,nic,16.0,7.0,-1019511.5504301066,1170612.7442701687,-1019578.9711930209,1170554.0226786272,2020-06-09,-1019462.5150237373,1170655.4484431408,2020-06-11,1.0,1.0,67.42076291434933,58.7215915415436,-1019444.1296671922,1170671.4658617103,0.02457755403145866,162,0.3474028211842774,-0.9377159910299093,49.03540636925027,42.70417297212407,-8.002731,3.638733,-18.385356545099057,-16.017418569419533,-1019473.5881613786,1170717.06257573,0.06311704710833406
A23A,2020163,2020-06-11,-75.7833,-41.0509,nic,16.0,7.0,-1019462.5150237373,1170655.4484431408,-1019511.5504301066,1170612.7442701687,2020-06-10,-1019444.1262851834,1170671.4619784555,2020-06-12,1.0,1.0,49.03540636925027,42.70417297212407,-1019413.4796173681,1170698.152616113,0.040962589581027616,163,0.3312212278016865,-0.9435531242349544,18.388738553971052,16.013535314705223,2.7807922,5.205124,-30.646667815279216,-26.690637657418847,-1019419.2386157621,1170723.2173477109,0.057887873208836135
A23A,2020164,2020-06-12,-75.7833,-41.05,nic,44.0,40.0,-1019444.1262851834,1170671.4619784555,-1019462.5150237373,1170655.4484431408,2020-06-11,-1014988.1183563941,1170540.7718093665,2020-06-13,1.0,1.0,18.388738553971052,16.013535314705223,-1019425.7375466294,1170687.4755137702,4.476261584097408,164,0.31494162072895193,-0.9491110448902284,4456.007928789244,-130.69016908900812,4.494583,3.3316803,4437.619190235273,-146.70370440371335,-1019431.4965450234,1170707.214964225,4.482772360480875
A23A,2020165,2020-06-13,-75.8107,-40.9289,ascat,16.0,7.0,-1014988.1183563941,1170540.7718093665,-1019444.1262851834,1170671.4619784555,2020-06-12,-1014988.1183563941,1170540.7718093665,2020-06-14,1.0,1.0,4456.007928789244,-130.69016908900812,-1010532.1104276049,1170410.0816402775,4.494537898201678,165,0.2985688173637202,-0.9543881083175908,0.0,0.0,5.4527435,-1.3450928,-4456.007928789244,130.69016908900812,-1016707.6763455736,1172602.5262203556,2.707215354953354
A23A,2020166,2020-06-14,-75.8107,-40.9289,ascat,16.0,7.0,-1014988.1183563941,1170540.7718093665,-1014988.1183563941,1170540.7718093665,2020-06-13,-1014988.1183563941,1170540.7718093665,2020-06-15,1.0,1.0,0.0,0.0,-1014988.1183563941,1170540.7718093665,0.0,166,0.2821076626819194,-0.9593827529490743,0.0,0.0,11.89212,1.9075775,0.0,0.0,-1016837.4716278785,1170366.9661758216,1.872595042489634
A23A,2020167,2020-06-15,-75.8107,-40.9289,ascat,16.0,7.0,-1014988.1183563941,1170540.7718093665,-1014988.1183563941,1170540.7718093665,2020-06-14,-1014988.1183563941,1170540.7718093665,2020-06-16,1.0,1.0,0.0,0.0,-1014988.1183563941,1170540.7718093665,0.0,167,0.26556302780405594,-0.9640935007889755,0.0,0.0,4.2586517,7.6762085,0.0,0.0,-1016037.4899384254,1170503.5478599342,1.0585914876241957
A23A,2020168,2020-06-16,-75.8107,-40.9289,ascat,16.0,7.0,-1014988.1183563941,1170540.7718093665,-1014988.1183563941,1170540.7718093665,2020-06-15,-1014988.1183563941,1170540.7718093665,2020-06-17,1.0,1.0,0.0,0.0,-1014988.1183563941,1170540.7718093665,0.0,168,0.24893980855376657,-0.9685189578512204,0.0,0.0,-2.3325348,-2.169754,0.0,0.0,-1015862.5716034644,1170552.7044427665,0.8816818323980838
A23A,2020169,2020-06-17,-75.8107,-40.9289,ascat,16.0,7.0,-1014988.1183563941,1170540.7718093665,-1014988.1183563941,1170540.7718093665,2020-06-16,-1014988.1183563941,1170540.7718093665,2020-06-18,1.0,1.0,0.0,0.0,-1014988.1183563941,1170540.7718093665,0.0,169,0.23224292400907015,-0.9726578145718654,0.0,0.0,-1.3145294,-5.47908,0.0,0.0,-1015862.5716034644,1170345.737919596,0.903183024380063
A23A,2020170,2020-06-18,-75.8107,-40.9289,ascat,16.0,7.0,-1014988.1183563941,1170540.7718093665,-1014988.1183563941,1170540.7718093665,2020-06-17,-1014988.1183563941,1170540.7718093665,2020-06-19,1.0,1.0,0.0,0.0,-1014988.1183563941,1170540.7718093665,0.0,170,0.21547731504673012,-0.976508846196619,0.0,0.0,-2.8311768,-6.8734283,0.0,0.0,-1015862.5716034644,1170331.721058634,0.9063593783030042
A23A,2020171,2020-06-19,-75.8107,-40.9289,ascat,16.0,7.0,-1014988.1183563941,1170540.7718093665,-1014988.1183563941,1170540.7718093665,2020-06-18,-1014988.1183563941,1170540.7718093665,2020-06-20,1.0,1.0,0.0,0.0,-1014988.1183563941,1170540.7718093665,0.0,171,0.19864794288017112,-0.9800709131432666,0.0,0.0,-3.1036987,2.8430176,0.0,0.0,-1015879.5095917457,1170503.943299082,0.8994233695459531
A23A,2020172,2020-06-20,-75.8107,-40.9289,ascat,16.0,7.0,-1014988.1183563941,1170540.7718093665,-1014988.1183563941,1170540.7718093665,2020-06-19,-1014988.1183563941,1170540.7718093665,2020-06-21,1.0,1.0,0.0,0.0,-1014988.1183563941,1170540.7718093665,0.0,172,0.18175978759137534,-0.9833429613388902,0.0,0.0,3.106659,0.5121002,0.0,0.0,-1015954.8455292457,1170399.865589884,0.9848662131639717
A23A,2020173,2020-06-21,-75.8107,-40.9289,ascat,16.0,7.0,-1014988.1183563941,1170540.7718093665,-1014988.1183563941,1170540.7718093665,2020-06-20,-1014988.1183563941,1170540.7718093665,2020-06-22,1.0,1.0,0.0,0.0,-1014988.1183563941,1170540.7718093665,0.0,173,0.16481784665719793,-0.9863240225317866,0.0,0.0,-1.9674377,2.3333588,0.0,0.0,-1015968.1239716285,1170553.5078656944,0.9880972755164241
A23A,2020174,2020-06-22,-75.8107,-40.9289,ascat,16.0,7.0,-1014988.1183563941,1170540.7718093665,-1014988.1183563941,1170540.7718093665,2020-06-21,-1014988.1183563941,1170540.7718093665,2020-06-23,1.0,1.0,0.0,0.0,-1014988.1183563941,1170540.7718093665,0.0,174,0.14782713347053048,-0.9890132145779883,0.0,0.0,-3.613144,0.49153137,0.0,0.0,-1015862.5716034644,1170390.9405105384,0.894385226105731
A23A,2020175,2020-06-23,-75.8107,-40.9289,ascat,16.0,7.0,-1014988.1183563941,1170540.7718093665,-1014988.1183563941,1170540.7718093665,2020-06-22,-1014988.1183563941,1170540.7718093665,2020-06-24,1.0,1.0,0.0,0.0,-1014988.1183563941,1170540.7718093665,0.0,175,0.13079267585675922,-0.9914097417023038,0.0,0.0,1.7706299,5.178787,0.0,0.0,-1015846.0688568824,1170518.8518417152,0.8652311359432007
A23A,2020176,2020-06-24,-75.8107,-40.9289,ascat,16.0,7.0,-1014988.1183563941,1170540.7718093665,-1014988.1183563941,1170540.7718093665,2020-06-23,-1014988.1183563941,1170540.7718093665,2020-06-25,1.0,1.0,0.0,0.0,-1014988.1183563941,1170540.7718093665,0.0,176,0.11371951458594969,-0.9935128947338007,0.0,0.0,6.5944824,4.642288,0.0,0.0,-1015709.5047089332,1170540.1028730543,0.7272787284494846
A23A,2020177,2020-06-25,-75.8107,-40.9289,ascat,16.0,7.0,-1014988.1183563941,1170540.7718093665,-1014988.1183563941,1170540.7718093665,2020-06-24,-1019444.1262851834,1170671.4619784555,2020-06-26,1.0,1.0,0.0,0.0,-1014988.1183563941,1170540.7718093665,4.4942812272777015,177,0.0966127018812031,-0.9953220513156602,-4456.007928789244,130.69016908900812,6.5138245,1.2992706,-4456.007928789244,130.69016908900812,-1016131.1282440894,1170495.3386543067,3.3447436063486418
A23A,2020178,2020-06-26,-75.7833,-41.05,nic,44.0,40.0,-1019444.1262851834,1170671.4619784555,-1014988.1183563941,1170540.7718093665,2020-06-25,-1019462.5150237373,1170655.4484431408,2020-06-27,1.0,1.0,-4456.007928789244,130.69016908900812,-1023900.1342139726,1170802.1521475445,4.476004939660671,178,0.07947729992362097,-0.9968366760893436,-18.388738553971052,-16.013535314705223,-9.480789,-4.4573975,4437.619190235273,-146.70370440371335,-1020737.7601905351,1169409.3169424664,1.7971591752809117
A23A,2020179,2020-06-27,-75.7833,-41.0509,nic,16.0,7.0,-1019462.5150237373,1170655.4484431408,-1019444.1262851834,1170671.4619784555,2020-06-26,-1019511.5504301066,1170612.7442701687,2020-06-28,1.0,1.0,-18.388738553971052,-16.013535314705223,-1019480.9037622913,1170639.4349078261,0.040962589581730546,179,0.062318379354325076,-0.998056320853012,-49.03540636925027,-42.70417297212407,-0.8604126,5.216919,-30.646667815279216,-26.690637657418847,-1019496.13552327,1170601.6268214309,0.01916396704501889
A23A,2020180,2020-06-28,-75.7833,-41.0533,nic,16.0,7.0,-1019511.5504301066,1170612.7442701687,-1019462.5150237373,1170655.4484431408,2020-06-27,-1019578.9711930209,1170554.0226786272,2020-06-29,1.0,1.0,-49.03540636925027,-42.70417297212407,-1019560.5858364758,1170570.0400971966,0.024577554031730564,180,0.04514101777397193,-0.9989806246941579,-67.42076291434933,-58.7215915415436,-0.71121216,5.6078644,-18.385356545099057,-16.017418569419533,-1019575.8175974545,1170487.3464402752,0.06729750497999294
A23A,2020181,2020-06-29,-75.7833,-41.0566,nic,16.0,7.0,-1019578.9711930209,1170554.0226786272,-1019511.5504301066,1170612.7442701687,2020-06-28,-1019650.4743668534,1170491.737959558,2020-06-30,1.0,1.0,-67.42076291434933,-58.7215915415436,-1019646.3919559353,1170495.3010870856,0.005461681384955504,181,0.02795029824021032,-0.999609314096404,-71.50317383243237,-62.284719069255516,0.7723694,-0.97151184,-4.082410918083042,-3.563127527711913,-1019678.126630389,1170297.2965552253,0.19799152124135883
A23A,2020182,2020-06-30,-75.7833,-41.0601,nic,16.0,7.0,-1019650.4743668534,1170491.737959558,-1019578.9711930209,1170554.0226786272,2020-06-29,-1019717.8881600739,1170433.008366773,2020-07-01,1.0,1.0,-71.50317383243237,-62.284719069255516,-1019721.9775406858,1170429.4532404887,0.0054616813858212555,182,0.01075130776352193,-0.9999422030204416,-67.41379322053399,-58.72959278500639,-2.8815918,-1.7093353,4.0893806118983775,3.555126284249127,-1019701.4399525663,1170173.3621150004,0.2622996664081597
A23A,2020183,2020-07-01,-75.7833,-41.0634,nic,16.0,7.0,-1019717.8881600739,1170433.008366773,-1019650.4743668534,1170491.737959558,2020-06-30,-1019766.914248671,1170390.293496951,2020-07-02,1.0,1.0,-67.41379322053399,-58.72959278500639,-1019785.3019532944,1170374.278773988,0.024577554031110616,183,-0.00645086419810515,-0.9999791929590823,-49.02608859713655,-42.714869821909815,-1.2766571,3.6271057,18.38770462339744,16.014722963096574,-1019800.5337142731,1170291.5851170665,0.10511519120018495
A23A,2020184,2020-07-02,-75.7833,-41.0658,nic,16.0,7.0,-1019766.914248671,1170390.293496951,-1019717.8881600739,1170433.008366773,2020-07-01,-1019785.298570601,1170374.2748913297,2020-07-03,1.0,1.0,-49.02608859713655,-42.714869821909815,-1019815.9403372682,1170347.578627129,0.040962589581027616,184,-0.023651127245231586,-0.9997202729664083,-18.384321930003352,-16.018605621298775,6.83432,2.1996155,30.641766667133197,26.69626420061104,-1020326.8554373658,1170392.6923775868,0.5462727876066201
A23A,2020185,2020-07-03,-75.7833,-41.0667,nic,44.0,40.0,-1019785.298570601,1170374.2748913297,-1019766.914248671,1170390.293496951,2020-07-02,-1019594.9156194342,1170803.3588885977,2020-07-04,1.0,1.0,-18.384321930003352,-16.018605621298775,-1019803.682892531,1170358.2562857084,0.4955645437215316,185,-0.04084439154329611,-0.9991655196610109,190.38295116683003,429.0839972679969,-2.4615479,10.9227295,208.76727309683338,445.10260288929567,-1019920.6995017229,1170610.618361514,0.38153696983628715
A23A,2020186,2020-07-04,-75.7815,-41.051,nic,16.0,7.0,-1019594.9156194342,1170803.3588885977,-1019785.298570601,1170374.2748913297,2020-07-03,-1019114.4087758082,1171923.1965391343,2020-07-05,1.0,1.0,190.38295116683003,429.0839972679969,-1019404.5326682674,1171232.4428858657,0.7552067837737033,186,-0.05802556932878035,-0.9983150972033183,480.5068436260335,1119.8376505365595,-0.9332733,-2.5557098,290.1238924592035,690.7536532685626,-1020404.4754172908,1167164.9360499282,4.969862281095788
A23A,2020187,2020-07-05,-75.7767,-41.0105,nic,16.0,7.0,-1019114.4087758082,1171923.1965391343,-1019594.9156194342,1170803.3588885977,2020-07-04,-1018452.6720443122,1173447.6089742559,2020-07-06,1.0,1.0,480.5068436260335,1119.8376505365595,-1018633.9019321821,1173043.0341896708,0.4468509994213374,187,-0.07518957641475855,-0.9971692572470178,661.7367314959411,1524.4124351216014,2.4655914,-2.1333466,181.22988786990754,404.5747845850419,-1021670.8821567915,1167741.288584202,6.60351628714957
A23A,2020188,2020-07-06,-75.7702,-40.9552,nic,16.0,7.0,-1018452.6720443122,1173447.6089742559,-1019114.4087758082,1171923.1965391343,2020-07-05,-1017727.6756151795,1175112.4500160594,2020-07-07,1.0,1.0,661.7367314959411,1524.4124351216014,-1017790.9353128163,1174972.0214093775,0.1552465832802512,188,-0.09233133369539122,-0.9957283388645872,724.9964291327633,1664.8410418035928,6.066025,6.116562,63.25969763682224,140.42860668199137,-1021526.2504983632,1169561.3509992212,6.779744518899816
A23A,2020189,2020-07-07,-75.7631,-40.8948,nic,16.0,7.0,-1017727.6756151795,1175112.4500160594,-1018452.6720443122,1173447.6089742559,2020-07-06,-1017061.780602217,1176636.4856454774,2020-07-08,1.0,1.0,724.9964291327633,1664.8410418035928,-1017002.6791860467,1176777.291057863,0.1539217344359249,189,-0.10944576864891556,-0.993992768446958,665.8950129625155,1524.03562941798,2.7490845,-5.567688,-59.10141617024783,-140.80541238561273,-1020665.7502309686,1171438.0010188005,6.375673790693684
A23A,2020190,2020-07-08,-75.7566,-40.8395,nic,16.0,7.0,-1017061.780602217,1176636.4856454774,-1017727.6756151795,1175112.4500160594,2020-07-07,-1016575.6924580596,1177755.8316023427,2020-07-09,1.0,1.0,665.8950129625155,1524.03562941798,-1016395.8855892544,1178160.5212748954,0.44635398838796503,190,-0.12652781683868314,-0.9919630595773397,486.0881441573147,1119.3459568652324,-4.9885254,3.1416626,-179.8068688052008,-404.68967255274765,-1019864.2183529263,1172587.2160991142,6.174614193225018
A23A,2020191,2020-07-09,-75.7518,-40.799,nic,16.0,7.0,-1016575.6924580596,1177755.8316023427,-1017061.780602217,1176636.4856454774,2020-07-08,-1016382.594703075,1178184.6531774441,2020-07-10,1.0,1.0,486.0881441573147,1119.3459568652324,-1016089.6043139023,1178875.177559208,0.7560697641909293,191,-0.1435724234118113,-0.9896398128792412,193.0977549846284,428.821575101465,2.8954468,6.226639,-292.99038917268626,-690.5243817637675,-1019625.086979918,1173504.2053912391,5.738898988500036
A23A,2020192,2020-07-10,-75.75,-40.7833,nic,40.0,32.0,-1016382.594703075,1178184.6531774441,-1016575.6924580596,1177755.8316023427,2020-07-09,-1016382.594703075,1178184.6531774441,2020-07-11,1.0,1.0,193.0977549846284,428.821575101465,-1016189.4969480904,1178613.4747525456,0.4740250346660108,192,-0.16057454459499376,-0.9870237158387383,0.0,0.0,4.78125,6.057602,-193.0977549846284,-428.821575101465,-1018044.5467527779,1173848.3346158268,4.6809473833640745
A23A,2020193,2020-07-11,-75.75,-40.7833,nic,16.0,7.0,-1016382.594703075,1178184.6531774441,-1016382.594703075,1178184.6531774441,2020-07-10,-1016382.594703075,1178184.6531774441,2020-07-12,1.0,1.0,0.0,0.0,-1016382.594703075,1178184.6531774441,0.0,193,-0.17752914918703497,-0.984115542601034,0.0,0.0,5.6740265,5.2440186,0.0,0.0,-1017431.9662851063,1177613.3190099637,1.20424114562996
A23A,2020194,2020-07-12,-75.75,-40.7833,nic,16.0,7.0,-1016382.594703075,1178184.6531774441,-1016382.594703075,1178184.6531774441,2020-07-11,-1016382.594703075,1178184.6531774441,2020-07-13,1.0,1.0,0.0,0.0,-1016382.594703075,1178184.6531774441,0.0,194,-0.19443122004766195,-0.9809161537413774,0.0,0.0,5.3125305,3.9112396,0.0,0.0,-1017455.9975351063,1177624.7610876004,1.22019554901266
A23A,2020195,2020-07-13,-75.75,-40.7833,nic,16.0,7.0,-1016382.594703075,1178184.6531774441,-1016382.594703075,1178184.6531774441,2020-07-12,-1016382.594703075,1178184.6531774441,2020-07-14,1.0,1.0,0.0,0.0,-1016382.594703075,1178184.6531774441,0.0,195,-0.2112757555821793,-0.9774264960104055,0.0,0.0,7.049713,4.4753265,0.0,0.0,-1017399.1239389149,1177654.490274612,1.1555147365563916
A23A,2020196,2020-07-14,-75.75,-40.7833,nic,16.0,7.0,-1016382.594703075,1178184.6531774441,-1016382.594703075,1178184.6531774441,2020-07-13,-1016382.594703075,1178184.6531774441,2020-07-15,1.0,1.0,0.0,0.0,-1016382.594703075,1178184.6531774441,0.0,196,-0.2280577712215198,-0.9736476020539838,0.0,0.0,3.318344,8.951248,0.0,0.0,-1017393.1387094227,1177617.935159866,1.1677361918873235
A23A,2020197,2020-07-15,-75.75,-40.7833,nic,16.0,7.0,-1016382.594703075,1178184.6531774441,-1016382.594703075,1178184.6531774441,2020-07-14,-1016382.594703075,1178184.6531774441,2020-07-16,1.0,1.0,0.0,0.0,-1016382.594703075,1178184.6531774441,0.0,197,-0.24477230089725957,-0.9695805901076308,0.0,0.0,2.0530853,9.013565,0.0,0.0,-1017300.8649057117,1177657.0641271512,1.0673861230668649
A23A,2020198,2020-07-16,-75.75,-40.7833,nic,16.0,7.0,-1016382.594703075,1178184.6531774441,-1016382.594703075,1178184.6531774441,2020-07-15,-1016382.594703075,1178184.6531774441,2020-07-17,1.0,1.0,0.0,0.0,-1016382.594703075,1178184.6531774441,0.0,198,-0.2614143985111562,-0.965226663665613,0.0,0.0,6.5879974,2.295929,0.0,0.0,-1017596.8206552234,1177689.1641942898,1.3217972650317464
A23A,2020199,2020-07-17,-75.75,-40.7833,nic,44.0,40.0,-1016382.594703075,1178184.6531774441,-1016382.594703075,1178184.6531774441,2020-07-16,-1016591.536910217,1178543.3009655178,2020-07-18,1.0,1.0,0.0,0.0,-1016382.594703075,1178184.6531774441,0.4185007875276415,199,-0.2779791393987801,-0.9605871111248129,-208.9422071420122,358.64778807363473,-5.170883,-3.7694702,-208.9422071420122,358.64778807363473,-1017338.4869149891,1177306.96409053,1.4558734053991527
A23A,2020200,2020-07-18,-75.7463,-40.7805,nic,16.0,7.0,-1016591.536910217,1178543.3009655178,-1016382.594703075,1178184.6531774441,2020-07-17,-1017129.7061870605,1179462.6874782771,2020-07-19,1.0,1.0,-208.9422071420122,358.64778807363473,-1016800.479117359,1178901.9487535914,0.6556044451498774,200,-0.2944616217868012,-0.9556633054034704,-538.1692768434295,919.3865127593745,1.1231842,1.0404358,-329.22706970141735,560.7387246857397,-1014262.9896154059,1175433.2812731226,4.986127443460966
A23A,2020201,2020-07-19,-75.7368,-40.7734,nic,16.0,7.0,-1017129.7061870605,1179462.6874782771,-1016591.536910217,1178543.3009655178,2020-07-18,-1017871.2922810038,1180730.915769548,2020-07-20,1.0,1.0,-538.1692768434295,919.3865127593745,-1017667.8754639039,1180382.0739910365,0.40713413261890447,201,-0.3108569682435036,-0.9504567035349151,-741.5860939433333,1268.2282912707888,6.2955475,2.3130493,-203.4168170999037,348.8417785114143,-1015494.679418982,1173999.7966472865,7.197120957996188
A23A,2020202,2020-07-20,-75.7237,-40.7636,nic,16.0,7.0,-1017871.2922810038,1180730.915769548,-1017129.7061870605,1179462.6874782771,2020-07-19,-1018667.9944897031,1182097.2339104717,2020-07-21,1.0,1.0,-741.5860939433333,1268.2282912707888,-1018612.8783749471,1181999.1440608187,0.113434026870805,202,-0.3271603271220951,-0.9449688462364056,-796.7022086993093,1366.318140923744,-3.0579224,3.8940277,-55.116114755976014,98.08984965295531,-1016115.6176327596,1175391.2456233187,7.2341982201156165
A23A,2020203,2020-07-21,-75.7096,-40.753,nic,16.0,7.0,-1018667.9944897031,1182097.2339104717,-1017871.2922810038,1180730.915769548,2020-07-20,-1019408.7941730439,1183366.1236523164,2020-07-22,1.0,1.0,-796.7022086993093,1366.318140923744,-1019464.6966984024,1183463.5520513954,0.11324241357410841,203,-0.34336687399638804,-0.939201357453208,-740.7996833408251,1268.8897418447305,1.4573364,-2.4635315,55.90252535848413,-97.42839907901362,-1016273.1307804337,1177126.7986334267,7.040241550178419
A23A,2020204,2020-07-22,-75.6965,-40.7432,nic,16.0,7.0,-1019408.7941730439,1183366.1236523164,-1018667.9944897031,1182097.2339104717,2020-07-21,-1019945.9206829295,1184286.387592059,2020-07-23,1.0,1.0,-740.7996833408251,1268.8897418447305,-1020149.5938563847,1184635.0133941611,0.40704190622096736,204,-0.3594718130884232,-0.9331559438780432,-537.1265098855365,920.2639397426974,0.13923645,10.1236725,203.67317345528863,-348.62580210203305,-1016897.0213466191,1178249.7438629111,6.8182439072877425
A23A,2020205,2020-07-23,-75.687,-40.7361,nic,16.0,7.0,-1019945.9206829295,1184286.387592059,-1019408.7941730439,1183366.1236523164,2020-07-22,-1020154.3453284807,1184645.469903763,2020-07-24,1.0,1.0,-537.1265098855365,920.2639397426974,-1020483.047192815,1185206.6515318018,0.6556399287256125,205,-0.3754703786876202,-0.9268343944460494,-208.42464555124752,359.0823117038235,1.1011658,8.356461,328.701864334289,-561.1816280388739,-1017395.8247807056,1178834.5519224268,6.484965854371152
A23A,2020206,2020-07-24,-75.6833,-40.7333,nic,44.0,40.0,-1020154.3453284807,1184645.469903763,-1019945.9206829295,1184286.387592059,2020-07-23,-1020172.9535701502,1184629.4452106298,2020-07-25,1.0,1.0,-208.42464555124752,359.0823117038235,-1020362.769974032,1185004.5522154667,0.4238079824166495,206,-0.3913578365610259,-0.9202385798054075,-18.608241669484414,-16.024693133076653,1.4534912,8.123047,189.8164038817631,-375.10700483690016,-1017308.6120150476,1181593.1154478886,4.208302411322435
A23A,2020207,2020-07-25,-75.6833,-40.7342,nic,16.0,7.0,-1020172.9535701502,1184629.4452106298,-1020154.3453284807,1184645.469903763,2020-07-24,-1020222.574317304,1184586.711266618,2020-07-26,1.0,1.0,-18.608241669484414,-16.024693133076653,-1020191.5618118197,1184613.4205174968,0.04124471955855752,207,-0.4071294853542516,-0.9133704517637858,-49.62074715376366,-42.733944011852145,-4.0582123,3.5769043,-31.012505484279245,-26.709250878775492,-1020377.7941268831,1183921.4124608561,0.6885418778504169
A23A,2020208,2020-07-26,-75.6833,-40.7366,nic,16.0,7.0,-1020222.574317304,1184586.711266618,-1020172.9535701502,1184629.4452106298,2020-07-25,-1020290.7999217593,1184527.948699863,2020-07-27,1.0,1.0,-49.62074715376366,-42.733944011852145,-1020272.1950644577,1184543.9773226061,0.024746832018648027,208,-0.4227806579826773,-0.9062320427107697,-68.225604455336,-58.76256675506011,2.331726,5.781204,-18.604857301572338,-16.02862274320796,-1020458.4273795212,1184048.999753026,0.5114074588470254
A23A,2020209,2020-07-27,-75.6833,-40.7399,nic,16.0,7.0,-1020290.7999217593,1184527.948699863,-1020222.574317304,1184586.711266618,2020-07-26,-1020363.1567128279,1184465.6204715786,2020-07-28,1.0,1.0,-68.225604455336,-58.76256675506011,-1020359.0255262146,1184469.1861331079,0.005499298734764344,209,-0.4383067230125192,-0.898825465016444,-72.35679106856696,-62.32822828437202,3.3338776,4.3338165,-4.131186613230966,-3.5656615293119103,-1020517.1411878357,1183928.8001467797,0.5628519505369503
A23A,2020210,2020-07-28,-75.6833,-40.7434,nic,16.0,7.0,-1020363.1567128279,1184465.6204715786,-1020290.7999217593,1184527.948699863,2020-07-27,-1020431.375342721,1184406.8498080596,2020-07-29,1.0,1.0,-72.35679106856696,-62.32822828437202,-1020435.5135038964,1184403.2922432942,0.0054992987351144195,210,-0.45370308603134424,-0.8911529104063088,-68.21862989314832,-58.770663518924266,2.2761993,0.35707092,4.138161175418645,3.5575647654477507,-1020427.5534709565,1183569.9738839192,0.8435523374678515
A23A,2020211,2020-07-29,-75.6833,-40.7467,nic,16.0,7.0,-1020431.375342721,1184406.8498080596,-1020363.1567128279,1184465.6204715786,2020-07-28,-1020480.9867655936,1184364.1050394971,2020-07-30,1.0,1.0,-68.21862989314832,-58.770663518924266,-1020499.5939726142,1184348.0791445407,0.024746832018370406,211,-0.46896519100763184,-0.8832166493127127,-49.61142287263647,-42.744768562493846,5.6498413,0.28450012,18.60720702051185,16.02589495643042,-1020659.5296568183,1183617.4238711032,0.7737706454531416
A23A,2020212,2020-07-30,-75.6833,-40.7491,nic,16.0,7.0,-1020480.9867655936,1184364.1050394971,-1020431.375342721,1184406.8498080596,2020-07-29,-1020499.5905875538,1184348.075215527,2020-07-31,1.0,1.0,-49.61142287263647,-42.744768562493846,-1020530.5981884663,1184321.3602709346,0.04124471955748778,212,-0.48408852163897587,-0.8750190302029955,-18.60382196016144,-16.02982397004962,1.684372,0.23339844,31.007600912475027,26.714944592444226,-1020742.8061505024,1183670.4523119503,0.7255826712932217
A23A,2020213,2020-07-31,-75.6833,-40.75,nic,44.0,40.0,-1020499.5905875538,1184348.075215527,-1020480.9867655936,1184364.1050394971,2020-07-30,-1020378.6196652411,1184859.9011429015,2020-08-01,1.0,1.0,-18.60382196016144,-16.02982397004962,-1020518.194409514,1184332.045391557,0.5502835605510215,213,-0.4990686026885319,-0.8665624788845385,120.97092231269926,511.8259273744188,3.799286,4.0702667,139.5747442728607,527.8557513444684,-1020704.4267245774,1183839.6208004926,1.079428399107937
A23A,2020214,2020-08-01,-75.6805,-40.7344,nic,16.0,7.0,-1020378.6196652411,1184859.9011429015,-1020499.5905875538,1184348.075215527,2020-07-31,-1020053.5176660317,1186172.8554480395,2020-08-02,1.0,1.0,120.97092231269926,511.8259273744188,-1020257.6487429284,1185371.727070276,0.8332083505266701,214,-0.5139010013093103,-0.8578494977869301,325.10199920937885,1312.9543051379733,-1.9027405,-2.1783905,204.1310768966796,801.1283777635545,-1019907.9942629479,1180111.9643749634,6.111098336102739
A23A,2020215,2020-08-02,-75.6734,-40.694,nic,16.0,7.0,-1020053.5176660317,1186172.8554480395,-1020378.6196652411,1184859.9011429015,2020-08-01,-1019601.8298657621,1187985.9823508195,2020-08-03,1.0,1.0,325.10199920937885,1312.9543051379733,-1019728.4156668223,1187485.8097531775,0.5199765248709107,215,-0.5285813283559292,-0.8488826652214553,451.6878002695739,1813.12690278003,9.5429535,5.0974426,126.58580106019508,500.17259764205664,-1022650.0477469005,1181835.914245365,6.917348970428475
A23A,2020216,2020-08-03,-75.6636,-40.6382,nic,16.0,7.0,-1019601.8298657621,1187985.9823508195,-1020053.5176660317,1186172.8554480395,2020-08-02,-1019082.4667723834,1189971.3349959776,2020-08-04,1.0,1.0,451.6878002695739,1813.12690278003,-1019150.1420654926,1189799.1092535995,0.18647861013357145,216,-0.5431052396834317,-0.8396646346181327,519.3630933787208,1985.3526451580692,1.8307648,5.012207,67.67529310914688,172.22574237803929,-1022023.5131592426,1184501.4407965683,6.258445069528261
A23A,2020217,2020-08-04,-75.653,-40.5765,nic,16.0,7.0,-1019082.4667723834,1189971.3349959776,-1019601.8298657621,1187985.9823508195,2020-08-03,-1018573.4243041242,1191829.4365713422,2020-08-05,1.0,1.0,519.3630933787208,1985.3526451580692,-1018563.1036790047,1191956.6876411356,0.12866985273910905,217,-0.5574684374327892,-0.8301981337405212,509.04246825922746,1858.1015753645916,4.241379,5.405472,-10.320625119493343,-127.25106979347765,-1021436.4747727547,1186643.4957466044,5.9694115786079305
A23A,2020218,2020-08-05,-75.6432,-40.5182,nic,16.0,7.0,-1018573.4243041242,1191829.4365713422,-1019082.4667723834,1189971.3349959776,2020-08-04,-1018139.1616384084,1193230.1624579094,2020-08-06,1.0,1.0,509.04246825922746,1858.1015753645916,-1018064.381835865,1193687.5381467068,0.46705851366414336,218,-0.5716666713027052,-0.8204859638785327,434.26266571576707,1400.725886567263,2.3695374,6.267761,-74.77980254346039,-457.3756887973286,-1020937.752929615,1188380.9805295193,5.64182383591816
A23A,2020219,2020-08-06,-75.6361,-40.4729,nic,16.0,7.0,-1018139.1616384084,1193230.1624579094,-1018573.4243041242,1191829.4365713422,2020-08-05,-1017862.5564740577,1193872.0352875136,2020-08-07,1.0,1.0,434.26266571576707,1400.725886567263,-1017704.8989726927,1194630.8883444767,0.7810751055762182,219,-0.5856957398073508,-0.8105309990194823,276.60516435070895,641.8728296041954,-1.7908325,2.7679443,-157.65750136505812,-758.8530569630675,-1020817.0908672239,1189093.0480124454,5.661619885319003
A23A,2020220,2020-08-07,-75.6333,-40.45,nic,44.0,40.0,-1017862.5564740577,1193872.0352875136,-1018139.1616384084,1193230.1624579094,2020-08-06,-1017712.5220531166,1193999.9342419324,2020-08-08,1.0,1.0,276.60516435070895,641.8728296041954,-1017585.951309707,1194513.9081171178,0.5334320834195393,220,-0.5995514915196489,-0.8003361849976323,150.03442094114143,127.89895441872068,-0.104263306,3.9926453,-126.57074340956751,-513.9738751854748,-1019207.6305089258,1189126.3436639928,5.13732034906882
A23A,2020221,2020-08-08,-75.6333,-40.4428,nic,16.0,7.0,-1017712.5220531166,1193999.9342419324,-1017862.5564740577,1193872.0352875136,2020-08-07,-1017608.3220274813,1194088.741867148,2020-08-09,1.0,1.0,150.03442094114143,127.89895441872068,-1017562.4876321754,1194127.833196351,0.06069908408935537,221,-0.6132298262997502,-0.7899045386224707,104.20002563530579,88.80762521573342,-3.0272217,3.848816,-45.83439530583564,-39.091329202987254,-1018031.1109231911,1193006.7654473276,1.170603752140032
A23A,2020222,2020-08-09,-75.6333,-40.4378,nic,16.0,7.0,-1017608.3220274813,1194088.741867148,-1017712.5220531166,1193999.9342419324,2020-08-08,-1017533.2932104684,1194152.6777266436,2020-08-10,1.0,1.0,104.20002563530579,88.80762521573342,-1017504.122001846,1194177.5494923638,0.03862668927720446,222,-0.6267266965083301,-0.7792391467859886,75.02881701290607,63.93585949554108,-0.05871582,7.3902283,-29.171208622399718,-24.871765720192343,-1017683.6094286038,1193613.0627369927,0.5644987892352386
A23A,2020223,2020-08-10,-75.6333,-40.4342,nic,16.0,7.0,-1017533.2932104684,1194152.6777266436,-1017608.3220274813,1194088.741867148,2020-08-09,-1017468.6818435568,1194207.7298280182,2020-08-11,1.0,1.0,75.02881701290607,63.93585949554108,-1017458.2643934555,1194216.6135861392,0.01379524687210994,223,-0.6400381082043503,-0.7683431655492202,64.61136691155843,55.05210137460381,1.7211914,10.058594,-10.41745010134764,-8.883758120937273,-1017704.9017530746,1193694.2074582095,0.569593397339821
A23A,2020224,2020-08-11,-75.6333,-40.4311,nic,16.0,7.0,-1017468.6818435568,1194207.7298280182,-1017533.2932104684,1194152.6777266436,2020-08-10,-1017399.8987284125,1194266.3298363856,2020-08-12,1.0,1.0,64.61136691155843,55.05210137460381,-1017404.0704766453,1194262.7819293928,0.005518100530196679,224,-0.65316012232693,-0.7572198192083127,68.78311514435336,58.60000836732797,0.36660767,7.5782776,4.171748232794926,3.5479069927241653,-1017831.5003777683,1193701.279671092,0.716455061796191
A23A,2020225,2020-08-12,-75.6333,-40.4278,nic,16.0,7.0,-1017399.8987284125,1194266.3298363856,-1017468.6818435568,1194207.7298280182,2020-08-11,-1017304.0136034196,1194348.0080863482,2020-08-13,1.0,1.0,68.78311514435336,58.60000836732797,-1017331.1156132681,1194324.929844753,0.035867639886112225,225,-0.666088855860977,-0.7458723993404063,95.88512499281205,81.67824996262789,0.5628052,8.451706,27.102009848458692,23.078241595299914,-1017807.2631352408,1193763.427586452,0.777238728188593
A23A,2020226,2020-08-13,-75.6333,-40.4232,nic,16.0,7.0,-1017304.0136034196,1194348.0080863482,-1017399.8987284125,1194266.3298363856,2020-08-12,-1017168.5125738027,1194463.4098798723,2020-08-14,1.0,1.0,95.88512499281205,81.67824996262789,-1017208.1284784268,1194429.6863363108,0.05242193610422871,226,-0.6788204829862355,-0.734304263829602,135.50102961692028,115.40179352415726,6.680588,3.6980438,39.615904624108225,33.72354356152937,-1017541.1568292569,1193902.3338582835,0.6786997930471408
A23A,2020227,2020-08-14,-75.6333,-40.4167,nic,44.0,40.0,-1017168.5125738027,1194463.4098798723,-1017304.0136034196,1194348.0080863482,2020-08-13,-1016919.5183419922,1194762.316246734,2020-08-15,1.0,1.0,135.50102961692028,115.40179352415726,-1017033.0115441858,1194578.8116733965,0.21741592116860295,227,-0.6913512362094071,-0.722518835873311,248.99423181056045,298.90636686165817,5.101959,-2.6983643,113.49320219364017,183.50457333750091,-1017924.9366540491,1193570.2264072832,1.5713588359547375
A23A,2020228,2020-08-15,-75.6327,-40.4027,nic,16.0,7.0,-1016919.5183419922,1194762.316246734,-1017168.5125738027,1194463.4098798723,2020-08-14,-1016546.7135008598,1195325.708780717,2020-08-16,1.0,1.0,248.99423181056045,298.90636686165817,-1016670.5241101816,1195061.2226135957,0.29427361520487677,228,-0.7036774074790128,-0.7105196029692745,372.8048411323689,563.3925339831039,-5.879471,-1.8691711,123.81060932180844,264.48616712144576,-1018522.0636609629,1192378.373492502,3.57520093039103
A23A,2020229,2020-08-16,-75.631,-40.379,nic,16.0,7.0,-1016546.7135008598,1195325.708780717,-1016919.5183419922,1194762.316246734,2020-08-15,-1016120.1267683072,1196050.2455736247,2020-08-17,1.0,1.0,372.8048411323689,563.3925339831039,-1016173.9086597274,1195889.1013147002,0.1711927316818387,229,-0.7157953492826642,-0.6983101158835584,426.58673255261965,724.536792907631,-6.842453,0.9596863,53.78189142025076,161.1442589245271,-1019582.0812671493,1190906.7390100127,6.2474817544969055
A23A,2020230,2020-08-17,-75.6285,-40.35,nic,16.0,7.0,-1016120.1267683072,1196050.2455736247,-1016546.7135008598,1195325.708780717,2020-08-16,-1015700.7310740022,1196826.027161351,2020-08-18,1.0,1.0,426.58673255261965,724.536792907631,-1015693.5400357546,1196774.7823665324,0.05215538080982787,230,-0.7277014757264236,-0.6858939875998223,419.3956943049561,775.7815877262037,1.591156,-2.563675,-7.191038247663528,51.2447948185727,-1018989.9304166139,1191450.8585384074,6.349925542819035
A23A,2020231,2020-08-18,-75.6256,-40.32,nic,16.0,7.0,-1015700.7310740022,1196826.027161351,-1016120.1267683072,1196050.2455736247,2020-08-17,-1015371.179609217,1197568.4628334423,2020-08-19,1.0,1.0,419.3956943049561,775.7815877262037,-1015281.3353796973,1197601.8087490771,0.09656471445287114,231,-0.7393922635959241,-0.673274892250183,329.55146478523966,742.4356720913202,2.3648834,-0.780365,-89.84422951971646,-33.34591563488357,-1018577.7257605566,1192268.995760796,6.241431675328219
A23A,2020232,2020-08-19,-75.6224,-40.2933,nic,16.0,7.0,-1015371.179609217,1197568.4628334423,-1015700.7310740022,1196826.027161351,2020-08-18,-1015183.7458779735,1198161.1413534842,2020-08-20,1.0,1.0,329.55146478523966,742.4356720913202,-1015041.6281444317,1198310.8985055336,0.20802358229354553,232,-0.7508642533989489,-0.6604565640279754,187.43373124348,592.6785200419836,-1.2661438,-5.118088,-142.11773354175966,-149.75715204933658,-1018270.8686229474,1192819.739325846,6.216540749634976
A23A,2020233,2020-08-20,-75.6194,-40.2741,nic,16.0,7.0,-1015183.7458779735,1198161.1413534842,-1015371.179609217,1197568.4628334423,2020-08-19,-1015221.5005640114,1198519.5154640696,2020-08-21,1.0,1.0,187.43373124348,592.6785200419836,-1014996.31214673,1198753.8198735262,0.3274375604822749,233,-0.7621140503891487,-0.6474427960827475,-37.75468603789341,358.3741105853114,-6.090088,-3.6558533,-225.1884172813734,-234.30440945667215,-1016407.6652961441,1193698.3843266512,5.003372441165181
A23A,2020234,2020-08-21,-75.6167,-40.2667,nic,44.0,40.0,-1015221.5005640114,1198519.5154640696,-1015183.7458779735,1198161.1413534842,2020-08-20,-1015451.6717976042,1198714.8846916528,2020-08-22,1.0,1.0,-37.75468603789341,358.3741105853114,-1015259.2552500493,1198877.8895746549,0.25408880792853644,234,-0.7731383255706026,-0.6342374393978054,-230.17123359278776,195.36922758328728,2.677002,-4.5018463,-192.41654755489435,-163.00488300202414,-1015130.1028300053,1196062.8092523892,2.6925605317876173
A23A,2020235,2020-08-22,-75.614,-40.2685,nic,16.0,7.0,-1015451.6717976042,1198714.8846916528,-1015221.5005640114,1198519.5154640696,2020-08-21,-1015766.0241304259,1198882.3092992317,2020-08-23,1.0,1.0,-230.17123359278776,195.36922758328728,-1015681.843031197,1198910.2539192361,0.0893741602059024,235,-0.7839338166829201,-0.620844401650647,-314.3523328216979,167.42460757889785,-0.98417664,-1.9550323,-84.18109922891017,-27.944620004389435,-1012661.1511366657,1196198.1538215799,4.137138228903502
A23A,2020236,2020-08-23,-75.611,-40.2733,nic,16.0,7.0,-1015766.0241304259,1198882.3092992317,-1015451.6717976042,1198714.8846916528,2020-08-22,-1016130.2532945251,1199036.3748298865,2020-08-24,1.0,1.0,-314.3523328216979,167.42460757889785,-1016080.3764632476,1199049.7339068106,0.05202901546353344,236,-0.7944973291665992,-0.6072676460566135,-364.22916409920435,154.06553065474145,-2.3049011,2.4875793,-49.876831277506426,-13.359076924156398,-1013067.3359359038,1196831.8147173575,3.803936486806965
A23A,2020237,2020-08-24,-75.6078,-40.2798,nic,16.0,7.0,-1016130.2532945251,1199036.3748298865,-1015766.0241304259,1198882.3092992317,2020-08-23,-1016492.8234647139,1199162.9000340116,2020-08-25,1.0,1.0,-364.22916409920435,154.06553065474145,-1016494.4824586243,1199190.4403605412,0.02780594839777049,237,-0.8048257371083452,-0.593511190196115,-362.5701701887883,126.5252041250933,6.1788025,6.880966,1.6589939104160294,-27.540326529648155,-1013921.4072633118,1197397.8507609318,3.1437617804761318
A23A,2020238,2020-08-25,-75.6048,-40.2869,nic,16.0,7.0,-1016492.8234647139,1199162.9000340116,-1016130.2532945251,1199036.3748298865,2020-08-24,-1016807.2119855676,1199257.932209219,2020-08-26,1.0,1.0,-362.5701701887883,126.5252041250933,-1016855.3936349027,1199289.4252381367,0.058017527500750704,238,-0.8149159841660791,-0.5795791048257612,-314.38852085371036,95.03217520751059,2.1330261,6.799942,48.181649335077964,-31.493028917582706,-1014235.8079415433,1197480.463690285,3.1508387334432033
A23A,2020239,2020-08-26,-75.6023,-40.2934,nic,16.0,7.0,-1016807.2119855676,1199257.932209219,-1016492.8234647139,1199162.9000340116,2020-08-25,-1017028.9706933412,1199315.7776287915,2020-08-27,1.0,1.0,-314.38852085371036,95.03217520751059,-1017121.6005064213,1199352.9643844266,0.10060083375331803,239,-0.8247650844733614,-0.5654755126737576,-221.7587077736389,57.84541957243346,0.8252716,3.1139832,92.62981308007147,-37.186755635077134,-1014794.65861189,1198017.4610885282,2.604648748723089
A23A,2020240,2020-08-27,-75.6006,-40.2982,nic,16.0,7.0,-1017028.9706933412,1199315.7776287915,-1016807.2119855676,1199257.932209219,2020-08-26,-1017109.4589610525,1199334.3073086804,2020-08-28,1.0,1.0,-221.7587077736389,57.84541957243346,-1017250.7294011149,1199373.623048364,0.14778672733999207,240,-0.8343701235229537,-0.5512045872199277,-80.48826771124732,18.52967988885939,0.7150116,2.3224945,141.27044006239157,-39.315739683574066,-1015167.9869694742,1198085.228150903,2.3269140396861183
A23A,2020241,2020-08-28,-75.6,-40.3,nic,44.0,40.0,-1017109.4589610525,1199334.3073086804,-1017028.9706933412,1199315.7776287915,2020-08-27,-1016994.3264463408,1199431.9372818074,2020-08-29,1.0,1.0,-80.48826771124732,18.52967988885939,-1017189.9472287637,1199352.8369885692,0.21260726362173973,241,-0.8437282590292712,-0.5367705514607103,115.13251471170224,97.62997312704101,-0.73687744,1.5092468,195.62078242294956,79.10029323818162,-1017455.5243772012,1198486.353284956,1.060068149767892
A23A,2020242,2020-08-29,-75.6,-40.2945,nic,16.0,7.0,-1016994.3264463408,1199431.9372818074,-1017109.4589610525,1199334.3073086804,2020-08-28,-1016694.9380531766,1199685.7234845648,2020-08-30,1.0,1.0,115.13251471170224,97.62997312704101,-1016879.1939316291,1199529.5672549345,0.2433472119191886,242,-0.8528367217694595,-0.522177676659508,299.3883931641467,253.7862027573865,4.6207886,3.235382,184.25587845244445,156.15622963034548,-1017176.0530319709,1198973.9558047391,0.8656236137201764
A23A,2020243,2020-08-30,-75.6,-40.2802,nic,16.0,7.0,-1016694.9380531766,1199685.7234845648,-1016994.3264463408,1199431.9372818074,2020-08-29,-1016284.4846424971,1200033.4488965592,2020-08-31,1.0,1.0,299.3883931641467,253.7862027573865,-1016395.5496600125,1199939.5096873222,0.14656144963531928,243,-0.8616928164028521,-0.5074302810827518,410.4534106794745,347.72541199438274,6.822647,3.82872,111.06501751532778,93.93920923699625,-1019761.3118670437,1197571.0790232597,4.292585539621401
A23A,2020244,2020-08-31,-75.6,-40.2606,nic,16.0,7.0,-1016284.4846424971,1200033.4488965592,-1016694.9380531766,1199685.7234845648,2020-08-30,-1015840.3909461442,1200409.4019616893,2020-09-01,1.0,1.0,410.4534106794745,347.72541199438274,-1015874.0312318177,1200381.1743085536,0.04424540186812738,244,-0.8702939222685674,-0.49253272872205434,444.0936963529093,375.9530651301611,8.901688,1.5934296,33.640285673434846,28.227653135778382,-1019893.0732240052,1197711.9133222254,4.905036143743898
A23A,2020245,2020-09-01,-75.6,-40.2394,nic,16.0,7.0,-1015840.3909461442,1200409.4019616893,-1016284.4846424971,1200033.4488965592,2020-08-31,-1015429.6900262561,1200756.835003998,2020-09-02,1.0,1.0,444.0936963529093,375.9530651301611,-1015396.2972497913,1200785.3550268195,0.044245401973947746,245,-0.8786374941610001,-0.4774894280028391,410.7009198880987,347.43304230854847,-5.2794037,5.639847,-33.392776464810595,-28.520022821612656,-1018333.8748865101,1195782.5288549445,5.803835902440488
A23A,2020246,2020-09-02,-75.6,-40.2198,nic,16.0,7.0,-1015429.6900262561,1200756.835003998,-1015840.3909461442,1200409.4019616893,2020-09-01,-1015129.9710110932,1201010.2306602774,2020-09-03,1.0,1.0,410.7009198880987,347.43304230854847,-1015018.989106368,1201104.2680463064,0.14656144958052655,246,-0.886721063082993,-0.46230483047981086,299.7190151629038,253.39565627952106,-7.555435,-0.0047912598,-110.98190472519491,-94.0373860290274,-1018031.2193309774,1198427.6117963064,3.9135067140274846
A23A,2020247,2020-09-03,-75.6,-40.2055,nic,16.0,7.0,-1015129.9710110932,1201010.2306602774,-1015429.6900262561,1200756.835003998,2020-09-02,-1015014.6776284097,1201107.6706084812,2020-09-04,1.0,1.0,299.7190151629038,253.39565627952106,-1014830.2519959303,1201263.626316557,0.24334721173542745,247,-0.8945422369764496,-0.4469834295196741,115.29338268353604,97.43994820374064,5.039276,9.418762,-184.42563247936778,-155.95570807578042,-1017902.2339295241,1198868.7918439007,3.681384565686539
A23A,2020248,2020-09-04,-75.6,-40.2,nic,44.0,40.0,-1015014.6776284097,1201107.6706084812,-1015129.9710110932,1201010.2306602774,2020-09-03,-1015088.8465655013,1201131.6519423048,2020-09-05,1.0,1.0,115.29338268353604,97.43994820374064,-1014899.3842457262,1201205.110556685,0.20474551285072914,248,-0.9020987014301837,-0.43152975897147144,-74.16893709159922,23.981333823641762,4.25119,5.307007,-189.46231977513526,-73.45861438009888,-1015196.243346068,1200625.1447974076,0.5217539237315338
A23A,2020249,2020-09-05,-75.5994,-40.2015,nic,16.0,7.0,-1015088.8465655013,1201131.6519423048,-1015014.6776284097,1201107.6706084812,2020-09-04,-1015297.9545338575,1201200.4687995908,2020-09-06,1.0,1.0,-74.16893709159922,23.981333823641762,-1015163.0155025929,1201155.6332761284,0.14330763050519182,249,-0.9093882203647925,-0.4159483918249421,-209.1079683562275,68.81685728603043,5.835083,9.433105,-134.93903126462828,44.835523462388664,-1015313.4246059865,1200419.276830816,0.7874210846786838
A23A,2020250,2020-09-06,-75.5977,-40.2057,nic,16.0,7.0,-1015297.9545338575,1201200.4687995908,-1015088.8465655013,1201131.6519423048,2020-09-05,-1015608.0852771791,1201299.4373859419,2020-09-07,1.0,1.0,-209.1079683562275,68.81685728603043,-1015507.0625022138,1201269.2856568769,0.10625122364256126,250,-0.9164086366943458,-0.4002439388573056,-310.1307433216134,98.96858635102399,3.0138855,6.020813,-101.0227749653859,30.15172906499356,-1013267.719240495,1199887.2531861737,2.7550959247941043
A23A,2020251,2020-09-07,-75.5952,-40.212,nic,16.0,7.0,-1015608.0852771791,1201299.4373859419,-1015297.9545338575,1201200.4687995908,2020-09-06,-1015991.6113975421,1201408.5548611654,2020-09-08,1.0,1.0,-310.1307433216134,98.96858635102399,-1015918.2160205008,1201398.4059722929,0.07466833867274361,251,-0.9231578729647039,-0.38442104726885545,-383.52612036291976,109.1174752234947,5.11911,6.6019135,-73.39537704130635,10.148888872470707,-1013734.4142626883,1200014.3553131132,2.6740890223175438
A23A,2020252,2020-09-08,-75.5922,-40.2201,nic,16.0,7.0,-1015991.6113975421,1201408.5548611654,-1015608.0852771791,1201299.4373859419,2020-09-07,-1016416.7013379384,1201511.3733833022,2020-09-09,1.0,1.0,-383.52612036291976,109.1174752234947,-1016375.137517905,1201517.6723363888,0.0423591834234962,252,-0.9296339319682695,-0.3684843993077793,-425.08994039637037,102.81852213689126,4.183716,0.80537415,-41.56382003345061,-6.298953086603433,-1014164.1445979831,1200096.159885217,2.6813056220943
A23A,2020253,2020-09-09,-75.589,-40.2295,nic,16.0,7.0,-1016416.7013379384,1201511.3733833022,-1015991.6113975421,1201408.5548611654,2020-09-08,-1016842.2812398836,1201584.820818107,2020-09-10,1.0,1.0,-425.08994039637037,102.81852213689126,-1016841.7912783348,1201614.1919054391,0.029602718201375517,253,-0.9358348973349941,-0.35243871088460327,-425.57990194519516,73.44743480486795,6.344818,-1.4868469,-0.4899615488247946,-29.371087332023308,-1014973.2308535301,1200187.7308458688,2.35200112286993
A23A,2020254,2020-09-10,-75.586,-40.2396,nic,16.0,7.0,-1016842.2812398836,1201584.820818107,-1016416.7013379384,1201511.3733833022,2020-09-09,-1017252.8275084213,1201627.5705500632,2020-09-11,1.0,1.0,-425.57990194519516,73.44743480486795,-1017267.8611418288,1201658.268252912,0.03445121769923321,254,-0.9417589340994617,-0.33628873017668287,-410.5462685376406,42.7497319560498,-5.850586,-0.24372864,15.03363340755459,-30.697702848818153,-1014951.934628157,1199935.7931552557,2.878549118723548
A23A,2020255,2020-09-11,-75.5833,-40.25,nic,44.0,40.0,-1017252.8275084213,1201627.5705500632,-1016842.2812398836,1201584.820818107,2020-09-10,-1017738.5058422575,1201563.2502891298,2020-09-12,1.0,1.0,-410.5462685376406,42.7497319560498,-1017663.3737769589,1201670.3202820192,0.1317847482976643,255,-0.9474042892438845,-0.32003923622313857,-485.6783338362584,-64.32026093336754,-1.7327576,5.8455353,-75.13206529861782,-107.06999288941734,-1015473.890622662,1200237.3378601442,2.6449387369721324
A23A,2020256,2020-09-12,-75.5809,-40.265,nic,16.0,7.0,-1017738.5058422575,1201563.2502891298,-1017252.8275084213,1201627.5705500632,2020-09-11,-1018363.8706330569,1201365.9350410562,2020-09-13,1.0,1.0,-485.6783338362584,-64.32026093336754,-1018224.1841760938,1201498.9300281964,0.19431817359447337,256,-0.9527692922168511,-0.30369503751065885,-625.3647907993291,-197.31524807354435,-5.4507446,2.999054,-139.68645696307067,-132.99498714017682,-1015992.7579065625,1199998.052098509,2.7589834320314526
A23A,2020257,2020-09-13,-75.5786,-40.287,nic,16.0,7.0,-1018363.8706330569,1201365.9350410562,-1017738.5058422575,1201563.2502891298,2020-09-12,-1019071.8417498233,1201112.7026522371,2020-09-14,1.0,1.0,-625.3647907993291,-197.31524807354435,-1018989.2354238562,1201168.6197929827,0.10049966161629595,257,-0.9578523554276669,-0.28726097055059635,-707.97111676645,-253.2323888191022,-5.5071564,-4.0764008,-82.60632596712094,-55.917140745557845,-1017014.6610830359,1201445.7315483538,2.0998207343867543
A23A,2020258,2020-09-14,-75.5762,-40.3126,nic,16.0,7.0,-1019071.8417498233,1201112.7026522371,-1018363.8706330569,1201365.9350410562,2020-09-13,-1019786.0783844048,1200853.7388647732,2020-09-15,1.0,1.0,-707.97111676645,-253.2323888191022,-1019779.8128665898,1200859.470263418,0.00855503681630143,258,-0.9626519747161487,-0.2707418984477642,-714.2366345814662,-258.9637874639593,8.438492,6.874893,-6.26551781501621,-5.731398644857109,-1018346.4868167851,1201398.3942746485,1.5507753753666615
A23A,2020259,2020-09-15,-75.5738,-40.3385,nic,16.0,7.0,-1019786.0783844048,1200853.7388647732,-1019071.8417498233,1201112.7026522371,2020-09-14,-1020431.1390065175,1200653.150378237,2020-09-16,1.0,1.0,-714.2366345814662,-258.9637874639593,-1020500.3150189862,1200594.7750773092,0.0911918696773296,259,-0.9671667297977312,-0.2541427094613622,-645.0606221127091,-200.58848653617315,-7.520447,-6.16893,69.17601246875711,58.37530092778616,-1018267.9886029706,1200682.9262232443,2.1799277454549273
A23A,2020260,2020-09-16,-75.5714,-40.3611,nic,16.0,7.0,-1020431.1390065175,1200653.150378237,-1019786.0783844048,1200853.7388647732,2020-09-15,-1020932.8603460056,1200559.6660733586,2020-09-17,1.0,1.0,-645.0606221127091,-200.58848653617315,-1021076.1996286302,1200452.5618917008,0.18027132047843467,260,-0.97139528468375,-0.23746831555846842,-501.7213394881692,-93.48430487839505,-10.674728,-2.998825,143.33928262453992,107.1041816577781,-1018843.8732126146,1200580.4287663957,2.105086115808011
A23A,2020261,2020-09-17,-75.5691,-40.3772,nic,16.0,7.0,-1020932.8603460056,1200559.6660733586,-1020431.1390065175,1200653.150378237,2020-09-16,-1021232.222038376,1200652.6549661104,2020-09-18,1.0,1.0,-501.7213394881692,-93.48430487839505,-1021434.5816854938,1200466.1817684802,0.27723032799249675,261,-0.9753363880767837,-0.2207236509605022,-299.3616923703812,92.98889275174588,-5.708893,-4.374634,202.35964711778797,186.47319763014093,-1019100.5528769001,1199007.9647274646,2.713656749814056
A23A,2020262,2020-09-18,-75.5667,-40.3833,nic,44.0,40.0,-1021232.222038376,1200652.6549661104,-1020932.8603460056,1200559.6660733586,2020-09-17,-1021425.2166002269,1200879.5567697156,2020-09-19,1.0,1.0,-299.3616923703812,92.98889275174588,-1021531.5837307464,1200745.643858862,0.17229497992273016,262,-0.9789888737409319,-0.20391367068311472,-192.9945618509082,226.90180360525846,-5.439804,-10.488541,106.367130519473,133.91291085351259,-1018897.6081448089,1198786.7675160887,3.3074757717302807
A23A,2020263,2020-09-19,-75.564,-40.3833,nic,16.0,7.0,-1021425.2166002269,1200879.5567697156,-1021232.222038376,1200652.6549661104,2020-09-18,-1021639.6563005914,1201131.6714112405,2020-09-20,1.0,1.0,-192.9945618509082,226.90180360525846,-1021618.2111620778,1201106.4585733209,0.03336024608195821,263,-0.9823516608469237,-0.18704334906991657,-214.43970036448445,252.11464152485132,-0.98379517,1.6784973,-21.44513851357624,25.212837919592857,-1018165.4167284841,1198342.584794024,4.49046940951682
A23A,2020264,2020-09-20,-75.561,-40.3833,nic,16.0,7.0,-1021639.6563005914,1201131.6714112405,-1021425.2166002269,1200879.5567697156,2020-09-19,-1021868.3934876465,1201400.595466906,2020-09-21,1.0,1.0,-214.43970036448445,252.11464152485132,-1021854.0960009559,1201383.7860527653,0.02224114243849026,264,-0.9854237542919524,-0.17011767832049052,-228.73718705505598,268.9240556654986,6.4919586,3.1124878,-14.297486690571532,16.809414140647277,-1018393.6338427528,1197978.6422539372,4.915442724915088
A23A,2020265,2020-09-21,-75.5578,-40.3833,nic,16.0,7.0,-1021868.3934876465,1201400.595466906,-1021639.6563005914,1201131.6714112405,2020-09-20,-1022082.8360133203,1201652.7134301192,2020-09-22,1.0,1.0,-228.73718705505598,268.9240556654986,-1022097.1306747015,1201669.5195225715,0.022236596148422345,265,-0.9882042449941422,-0.15314166701312007,-214.44252567377407,252.11796321324073,3.505005,2.3090057,14.294661381281912,-16.80609245225787,-1011811.092588764,1198477.914297962,10.835353030864756
A23A,2020266,2020-09-22,-75.5548,-40.3833,nic,16.0,7.0,-1022082.8360133203,1201652.7134301192,-1021868.3934876465,1201400.595466906,2020-09-21,-1022261.5391626855,1201862.8129609665,2020-09-23,1.0,1.0,-214.44252567377407,252.11796321324073,-1022297.278538994,1201904.8313933325,0.055595412799175604,266,-0.9906923101615609,-0.13612033862266704,-178.7031493652612,210.0995308472775,-3.0789032,-5.9583435,35.739376308512874,-42.018432365963235,-1012526.2560780565,1198283.4539519262,10.453784431514109
A23A,2020267,2020-09-23,-75.5523,-40.3833,nic,16.0,7.0,-1022261.5391626855,1201862.8129609665,-1022082.8360133203,1201652.7134301192,2020-09-22,-1022383.0578467995,1202005.6812798078,2020-09-24,1.0,1.0,-178.7031493652612,210.0995308472775,-1022440.2423120508,1202072.9124918138,0.08895458662311852,267,-0.9928872135356962,-0.11905873003404988,-121.51868411398027,142.86831884132698,1.3528595,-3.659546,57.184465251280926,-67.23121200595051,-1012562.6329370508,1199619.6776285325,10.184816524098302
A23A,2020268,2020-09-24,-75.5506,-40.3833,nic,16.0,7.0,-1022383.0578467995,1202005.6812798078,-1022261.5391626855,1201862.8129609665,2020-09-23,-1022425.9468990075,1202056.105515639,2020-09-25,1.0,1.0,-121.51868411398027,142.86831884132698,-1022504.5765309135,1202148.5495986491,0.12231390494912418,268,-0.994788305609327,-0.10196189005174576,-42.88905220804736,50.42423583124764,-4.541092,1.5358887,78.62963190593291,-92.44408301007934,-1015013.7659840385,1200693.594032243,7.594697206288849
A23A,2020269,2020-09-25,-75.55,-40.3833,nic,44.0,40.0,-1022425.9468990075,1202056.105515639,-1022383.0578467995,1202005.6812798078,2020-09-24,-1016772.4832669011,1199301.8393119744,2020-09-26,1.0,1.0,-42.88905220804736,50.42423583124764,-1022468.8359512156,1202106.5297514703,6.399168842099883,269,-0.9963950238187231,-0.08483487790576538,5653.463632106432,-2754.266203664709,-6.338379,-0.48013306,5696.352684314479,-2804.6904394959565,-1016640.5254043406,1201416.1035429742,2.134789515751868
A23A,2020270,2020-09-26,-75.6022,-40.2914,ascat,16.0,7.0,-1016772.4832669011,1199301.8393119744,-1022425.9468990075,1202056.105515639,2020-09-25,-1016772.4832669011,1199301.8393119744,2020-09-27,1.0,1.0,5653.463632106432,-2754.266203664709,-1011119.0196347947,1196547.5731083096,6.338692922171719,270,-0.9977068927101168,-0.06768276175455162,0.0,0.0,-11.759766,1.5072632,-5653.463632106432,2754.266203664709,-1016567.4625058884,1198278.5781131925,1.0518152648989119
A23A,2020271,2020-09-27,-75.6022,-40.2914,ascat,16.0,7.0,-1016772.4832669011,1199301.8393119744,-1016772.4832669011,1199301.8393119744,2020-09-26,-1016772.4832669011,1199301.8393119744,2020-09-28,1.0,1.0,0.0,0.0,-1016772.4832669011,1199301.8393119744,0.0,271,-0.9987235240803972,-0.050510617185222886,0.0,0.0,-13.418259,0.3442688,0.0,0.0,-1017463.1876126042,1198300.221941369,1.2258965217396178
A23A,2020272,2020-09-28,-75.6022,-40.2914,ascat,16.0,7.0,-1016772.4832669011,1199301.8393119744,-1016772.4832669011,1199301.8393119744,2020-09-27,-1022970.0291567207,1195980.3434671515,2020-09-29,1.0,1.0,0.0,0.0,-1016772.4832669011,1199301.8393119744,7.08456603280891,272,-0.9994446170919858,-0.033323525711631344,-6197.545889819623,-3321.4958448228426,-6.8873444,5.8262024,-6197.545889819623,-3321.4958448228426,-1017219.3895779363,1198427.4424003533,6.296962549299818
A23A,2020273,2020-09-29,-75.5887,-40.5417,ascat,16.0,7.0,-1022970.0291567207,1195980.3434671515,-1016772.4832669011,1199301.8393119744,2020-09-28,-1029148.6795143326,1192621.04140601,2020-09-30,1.0,1.0,-6197.545889819623,-3321.4958448228426,-1029167.5750465404,1192658.8476223287,0.04259830161755941,273,-0.9998699583618592,-0.016126573270657762,-6178.650357611827,-3359.3020611414686,-0.9900665,5.1632843,18.89553220779635,-37.80621631862596,-1019786.2771949779,1193555.1959499654,9.48111453197483
A23A,2020274,2020-09-30,-75.5753,-40.7919,ascat,16.0,7.0,-1029148.6795143326,1192621.04140601,-1022970.0291567207,1195980.3434671515,2020-09-29,-1029148.6795143326,1192621.04140601,2020-10-01,1.0,1.0,-6178.650357611827,-3359.3020611414686,-1035327.3298719444,1189261.7393448686,7.0854944868465175,274,-0.9999994220246925,0.001075151282798226,0.0,0.0,-2.2637177,4.3735504,6178.650357611827,3359.3020611414686,-1025946.0320203819,1190093.6878922319,4.112114107048115
A23A,2020275,2020-10-01,-75.5753,-40.7919,ascat,16.0,7.0,-1029148.6795143326,1192621.04140601,-1029148.6795143326,1192621.04140601,2020-09-30,-1029148.6795143326,1192621.04140601,2020-10-02,1.0,1.0,0.0,0.0,-1029148.6795143326,1192621.04140601,0.0,275,-0.999832969770105,0.018276557681691223,0.0,0.0,4.037445,5.450714,0.0,0.0,-1022660.9085182388,1192324.9001706585,6.544707955339314
A23A,2020276,2020-10-02,-75.5753,-40.7919,ascat,16.0,7.0,-1029148.6795143326,1192621.04140601,-1029148.6795143326,1192621.04140601,2020-10-01,-1029148.6795143326,1192621.04140601,2020-10-03,1.0,1.0,0.0,0.0,-1029148.6795143326,1192621.04140601,0.0,276,-0.9993706508539969,0.03547255575312556,0.0,0.0,3.3191986,6.242264,0.0,0.0,-1022660.9085182388,1192324.9001706585,6.544707955339314
A23A,2020277,2020-10-03,-75.5753,-40.7919,ascat,16.0,7.0,-1029148.6795143326,1192621.04140601,-1029148.6795143326,1192621.04140601,2020-10-02,-1029148.6795143326,1192621.04140601,2020-10-04,1.0,1.0,0.0,0.0,-1029148.6795143326,1192621.04140601,0.0,277,-0.9986126020839734,0.052658056924614005,0.0,0.0,-0.62094116,2.4298706,0.0,0.0,-1022855.3186744888,1192260.4898923382,6.352413604126725
A23A,2020278,2020-10-04,-75.5753,-40.7919,ascat,16.0,7.0,-1029148.6795143326,1192621.04140601,-1029148.6795143326,1192621.04140601,2020-10-03,-1029148.6795143326,1192621.04140601,2020-10-05,1.0,1.0,0.0,0.0,-1029148.6795143326,1192621.04140601,0.0,278,-0.9975590477788613,0.06982797572987089,0.0,0.0,-2.4181213,2.3924866,0.0,0.0,-1022863.2678932388,1192350.3305295452,6.339833514459481
A23A,2020279,2020-10-05,-75.5753,-40.7919,ascat,16.0,7.0,-1029148.6795143326,1192621.04140601,-1029148.6795143326,1192621.04140601,2020-10-04,-1029148.6795143326,1192621.04140601,2020-10-06,1.0,1.0,0.0,0.0,-1029148.6795143326,1192621.04140601,0.0,279,-0.9962102997023297,0.0869772313136861,0.0,0.0,2.9403381,5.0510864,0.0,0.0,-1022668.8577369888,1192398.1496060833,6.533717345844791
A23A,2020280,2020-10-06,-75.5753,-40.7919,ascat,16.0,7.0,-1029148.6795143326,1192621.04140601,-1029148.6795143326,1192621.04140601,2020-10-05,-1029148.6795143326,1192621.04140601,2020-10-07,1.0,1.0,0.0,0.0,-1029148.6795143326,1192621.04140601,0.0,280,-0.9945667569706337,0.1041007489354256,0.0,0.0,4.2849274,0.2157135,0.0,0.0,-1023265.6223854263,1192241.521508549,5.9408652219172895
A23A,2020281,2020-10-07,-75.5753,-40.7919,ascat,16.0,7.0,-1029148.6795143326,1192621.04140601,-1029148.6795143326,1192621.04140601,2020-10-06,-1029148.6795143326,1192621.04140601,2020-10-08,1.0,1.0,0.0,0.0,-1029148.6795143326,1192621.04140601,0.0,281,-0.9926289059345095,0.121193461470736,0.0,0.0,-6.463089,-1.5850525,0.0,0.0,-1023466.22150652,1191916.586694096,5.770375633681208
A23A,2020282,2020-10-08,-75.5753,-40.7919,ascat,16.0,7.0,-1029148.6795143326,1192621.04140601,-1029148.6795143326,1192621.04140601,2020-10-07,-1031835.2423901673,1193988.9992212583,2020-10-09,1.0,1.0,0.0,0.0,-1029148.6795143326,1192621.04140601,3.0383565149328837,282,-0.9903973200352558,0.1382503109109819,-2686.5628758347593,1367.9578152482864,-6.3965454,4.4077454,-2686.5628758347593,1367.9578152482864,-1022742.1013893326,1192073.9945920452,9.364790550382635
A23A,2020283,2020-10-09,-75.55,-40.8333,nic,44.0,40.0,-1031835.2423901673,1193988.9992212583,-1029148.6795143326,1192621.04140601,2020-10-08,-1032868.9357420021,1192759.2536672666,2020-10-10,1.0,1.0,-2686.5628758347593,1367.9578152482864,-1034521.8052660021,1195356.9570365066,3.1030389990314196,283,-0.9878726596350429,0.15526624985999563,-1033.6933518347796,-1229.7455539917573,4.9714355,2.5616455,1652.8695239999797,-2597.7033692400437,-1024106.9859300646,1189097.0874076004,9.571083790733734
A23A,2020284,2020-10-10,-75.5523,-40.8909,nic,16.0,7.0,-1032868.9357420021,1192759.2536672666,-1031835.2423901673,1193988.9992212583,2020-10-09,-1034022.4806754387,1190853.6049038162,2020-10-11,1.0,1.0,-1033.6933518347796,-1229.7455539917573,-1033902.6290938369,1191529.5081132748,0.6916713416887923,284,-0.9850556718215013,0.172236243027682,-1153.5449334365549,-1905.6487634503283,2.4133148,-1.7475586,-119.85158160177525,-675.9032094585709,-1025407.7550703994,1192581.758601556,8.853067500093443
A23A,2020285,2020-10-11,-75.5585,-40.9679,nic,16.0,7.0,-1034022.4806754387,1190853.6049038162,-1032868.9357420021,1192759.2536672666,2020-10-10,-1035187.6974859328,1188582.9229812669,2020-10-12,1.0,1.0,-1153.5449334365549,-1905.6487634503283,-1035176.0256088752,1188947.956140366,0.3680284368295529,285,-0.981947190186646,0.18915526872004093,-1165.2168104941957,-2270.681922549382,-12.805222,0.29542542,-11.671877057640813,-365.0331590990536,-1026702.7599838752,1189652.4656008151,8.61745026712011
A23A,2020286,2020-10-12,-75.5671,-41.054,nic,16.0,7.0,-1035187.6974859328,1188582.9229812669,-1034022.4806754387,1190853.6049038162,2020-10-11,-1036243.7536316887,1186241.7534289511,2020-10-13,1.0,1.0,-1165.2168104941957,-2270.681922549382,-1036352.914296427,1186312.2410587175,0.1309639922706532,286,-0.9785481345802031,0.20601832032517084,-1056.056145755807,-2341.169552315725,-11.203644,5.353195,109.16066473838873,-70.48762976634316,-1027220.769765177,1187160.1944888933,9.139256434579078
A23A,2020287,2020-10-13,-75.5768,-41.1389,nic,16.0,7.0,-1036243.7536316887,1186241.7534289511,-1035187.6974859328,1188582.9229812669,2020-10-12,-1037064.7841654571,1184116.5560112125,2020-10-14,1.0,1.0,-1056.056145755807,-2341.169552315725,-1037299.8097774445,1183900.5838766354,0.3215849136322154,287,-0.9748595108374125,0.22282040779479959,-821.0305337684695,-2125.1974177386146,-12.233444,2.9632263,235.02561198733747,215.9721345771104,-1028238.287316507,1184761.4495382565,8.91828537513196
A23A,2020288,2020-10-14,-75.5864,-41.2123,nic,16.0,7.0,-1037064.7841654571,1184116.5560112125,-1036243.7536316887,1186241.7534289511,2020-10-13,-1037532.0816883149,1182503.9333350023,2020-10-15,1.0,1.0,-821.0305337684695,-2125.1974177386146,-1037885.8146992256,1181991.358593474,0.6274881860300663,288,-0.9708824104813836,0.23955655912092708,-467.2975228577852,-1612.6226762102451,-11.030014,5.304062,353.73301091068424,512.5747415283695,-1028753.6701679756,1182839.3120236497,8.852875314395737
A23A,2020289,2020-10-15,-75.5946,-41.2638,nic,16.0,7.0,-1037532.0816883149,1182503.9333350023,-1037064.7841654571,1184116.5560112125,2020-10-14,-1037541.4311419874,1181703.0975924,2020-10-16,1.0,1.0,-467.2975228577852,-1612.6226762102451,-1037999.3792111727,1180891.310658792,0.9391205589427833,289,-0.9666180104000972,0.2562218218071163,-9.349453672533855,-800.8357426023576,-6.0963135,1.571518,457.94806918525137,811.7869336078875,-1029439.8440549227,1181584.7892964873,8.165489373045345
A23A,2020290,2020-10-16,-75.6,-41.2833,nic,44.0,40.0,-1037541.4311419874,1181703.0975924,-1037532.0816883149,1182503.9333350023,2020-10-15,-1037118.5641019187,1181545.863948349,2020-10-17,1.0,1.0,-9.349453672533855,-800.8357426023576,-1037550.78059566,1180902.2618497976,0.7811378464312785,290,-0.9620675724981452,0.27281126433401914,422.86704006872606,-157.23364405101165,0.033187866,-0.7165222,432.2164937412599,643.602098551346,-1031761.2107714412,1182725.6876310476,5.527804283900483
A23A,2020291,2020-10-17,-75.6036,-41.2755,nic,16.0,7.0,-1037118.5641019187,1181545.863948349,-1037541.4311419874,1181703.0975924,2020-10-16,-1036454.6084800358,1181629.4607986868,2020-10-18,1.0,1.0,422.86704006872606,-157.23364405101165,-1036695.69706185,1181388.630304298,0.3433431846038709,291,-0.957232443323312,0.28931997761869527,663.9556218829239,83.5968503379263,-4.6510925,-0.54141235,241.08858181419782,240.83049438893795,-1033365.0696204437,1182922.8860416026,3.374836080809437
A23A,2020292,2020-10-18,-75.607,-41.2553,nic,16.0,7.0,-1036454.6084800358,1181629.4607986868,-1037118.5641019187,1181545.863948349,2020-10-17,-1035653.7153331928,1181876.8183208914,2020-10-19,1.0,1.0,663.9556218829239,83.5968503379263,-1035790.6528581529,1181713.0576490248,0.21508623785090578,292,-0.9521140536681102,0.3057430764672831,800.893146842951,247.35752220451832,-1.2780304,-2.2435303,136.93752496002708,163.76067186659202,-1032315.4629167466,1181493.1669172132,3.3864861332886154
A23A,2020293,2020-10-19,-75.6101,-41.2274,nic,16.0,7.0,-1035653.7153331928,1181876.8183208914,-1036454.6084800358,1181629.4607986868,2020-10-18,-1034819.9943639308,1182211.063491047,2020-10-20,1.0,1.0,800.893146842951,247.35752220451832,-1034852.8221863499,1182124.1758430959,0.09359385168990801,293,-0.9467139181463862,0.3220757010206104,833.7209692620672,334.2451701555401,2.5589447,2.8273926,32.82782241911627,86.88764795102179,-1030136.9266785374,1180015.0405891896,5.21358621165943
A23A,2020294,2020-10-20,-75.6128,-41.1965,nic,16.0,7.0,-1034819.9943639308,1182211.063491047,-1035653.7153331928,1181876.8183208914,2020-10-19,-1034074.1960970956,1182570.4003016322,2020-10-21,1.0,1.0,833.7209692620672,334.2451701555401,-1033986.2733946687,1182545.3086612024,0.09215233519555027,294,-0.9410336347451197,0.3383130181923076,745.7982668351615,359.3368105853442,1.7247314,-3.6963348,-87.92270242690574,25.0916404298041,-1029988.3415099031,1180305.951483468,4.708694561251948
A23A,2020295,2020-10-21,-75.6148,-41.1674,nic,16.0,7.0,-1034074.1960970956,1182570.4003016322,-1034819.9943639308,1182211.063491047,2020-10-20,-1033503.9776456596,1182863.696836747,2020-10-22,1.0,1.0,745.7982668351615,359.3368105853442,-1033328.3978302605,1182929.7371122176,0.18901953071052446,295,-0.9350748843515574,0.3544502230989869,570.218451436027,293.2965351147577,6.912781,6.185425,-175.57981539913453,-66.0402754705865,-1028518.5540802605,1180880.4753934676,5.408075580589095
A23A,2020296,2020-10-22,-75.6162,-41.1447,nic,16.0,7.0,-1033503.9776456596,1182863.696836747,-1034074.1960970956,1182570.4003016322,2020-10-21,-1033232.3229661868,1183027.7642276909,2020-10-23,1.0,1.0,570.218451436027,293.2965351147577,-1032933.7591942236,1183156.9933718618,0.3278088350557405,296,-0.9288394302558068,0.3704825404820963,271.65467947279103,164.0673909438774,1.2642975,-6.874832,-298.5637719632359,-129.22914417088032,-1028935.8273094579,1180929.3808230336,4.8196635247556205
A23A,2020297,2020-10-23,-75.6167,-41.1333,nic,44.0,40.0,-1033232.3229661868,1183027.7642276909,-1033503.9776456596,1182863.696836747,2020-10-22,-1033147.6646293884,1183101.697753203,2020-10-24,1.0,1.0,271.65467947279103,164.0673909438774,-1032960.668286714,1183191.8316186348,0.20916429944708217,297,-0.9223291176290545,0.3864052261209853,84.65833679842763,73.93352551222779,1.0726929,1.9994965,-186.9963426743634,-90.13386543164961,-1026204.4763921828,1182544.9322656074,7.020072704193774
A23A,2020298,2020-10-24,-75.6167,-41.1292,nic,16.0,7.0,-1033147.6646293884,1183101.697753203,-1033232.3229661868,1183027.7642276909,2020-10-23,-1033075.3911317645,1183164.8069451791,2020-10-25,1.0,1.0,84.65833679842763,73.93352551222779,-1033063.0062925899,1183175.6312787153,0.01657302082916346,298,-0.9155458729775467,0.40221356823680365,72.27349762385711,63.109191976021975,-1.899643,5.716339,-12.384839174570516,-10.824333536205813,-1025973.4330504024,1182767.8155133345,7.168725485633555
A23A,2020299,2020-10-25,-75.6167,-41.1257,nic,16.0,7.0,-1033075.3911317645,1183164.8069451791,-1033147.6646293884,1183101.697753203,2020-10-24,-1033011.3742431247,1183220.6999710586,2020-10-26,1.0,1.0,72.27349762385711,63.109191976021975,-1033003.1176341407,1183227.9161371551,0.011048680828630626,299,-0.9084917035725082,0.41790288888678667,64.01688863977324,55.893025879515335,3.9404602,4.5759277,-8.256608984083869,-7.21616609650664,-1025980.6942942969,1183017.5308985077,7.08858086773492
A23A,2020300,2020-10-26,-75.6167,-41.1226,nic,16.0,7.0,-1033011.3742431247,1183220.6999710586,-1033075.3911317645,1183164.8069451791,2020-10-25,-1032959.7455173065,1183265.7724689294,2020-10-27,1.0,1.0,64.01688863977324,55.893025879515335,-1032947.357354485,1183276.5929969382,0.016573019805565987,300,-0.9011686968561569,0.4334685453485363,51.628725818241946,45.07249787077308,-1.6166382,-4.12323,-12.388162821531296,-10.820528008742258,-1027202.2040341725,1182579.1689246725,5.843840748829862
A23A,2020301,2020-10-27,-75.6167,-41.1201,nic,16.0,7.0,-1032959.7455173065,1183265.7724689294,-1033011.3742431247,1183220.6999710586,2020-10-26,-1032920.506370411,1183300.0260606627,2020-10-28,1.0,1.0,51.628725818241946,45.07249787077308,-1032908.1167914883,1183310.8449668002,0.016573019542688864,301,-0.8935790198239952,0.4489059314938798,39.23914689547382,34.25359173328616,-2.7395782,-10.5724945,-12.389578922768123,-10.81890613748692,-1027162.9634711758,1182537.4971884799,5.853431026454182
A23A,2020302,2020-10-28,-75.6167,-41.1182,nic,16.0,7.0,-1032920.506370411,1183300.0260606627,-1032959.7455173065,1183265.7724689294,2020-10-27,-1032897.7884504086,1183319.8564927091,2020-10-29,1.0,1.0,39.23914689547382,34.25359173328616,-1032881.2672235155,1183334.279652396,0.022097359202148774,302,-0.8857249183835637,0.4642104791518923,22.71792000241112,19.830432046437636,-2.4505615,3.4996796,-16.521226893062703,-14.423159686848521,-1026401.4454461718,1183242.543034354,6.547499727413099
A23A,2020303,2020-10-29,-75.6167,-41.1171,nic,16.0,7.0,-1032897.7884504086,1183319.8564927091,-1032920.506370411,1183300.0260606627,2020-10-28,-1032889.5272941977,1183327.0674507702,2020-10-30,1.0,1.0,22.71792000241112,19.830432046437636,-1032875.0705304062,1183339.6869247556,0.019335189283345617,303,-0.8776087166898392,0.4793776594606945,8.261156210908666,7.21095806104131,-6.035095,2.924118,-14.456763791502453,-12.619473985396326,-1026490.4416241562,1182753.3661850095,6.4751134548697
A23A,2020304,2020-10-30,-75.6167,-41.1167,nic,44.0,40.0,-1032889.5272941977,1183327.0674507702,-1032897.7884504086,1183319.8564927091,2020-10-29,-1032746.2367533839,1183012.8606923164,2020-10-31,1.0,1.0,8.261156210908666,7.21095806104131,-1032881.2661379868,1183334.2784088312,0.35140290823276826,304,-0.8692328164574792,0.49440298420761813,143.29054081381764,-314.20675845374353,-3.8221893,0.46810913,135.02938460290898,-321.41771651478484,-1026998.2090090805,1182726.015469378,5.800200347421147
A23A,2020305,2020-10-31,-75.6197,-41.1203,nic,16.0,7.0,-1032746.2367533839,1183012.8606923164,-1032889.5272941977,1183327.0674507702,2020-10-30,-1032368.0888737297,1182171.490984841,2020-11-01,1.0,1.0,143.29054081381764,-314.20675845374353,-1032602.9462125701,1182698.6539338627,0.5817156484159557,305,-0.8605996962501181,0.5092820071573356,378.14787965419237,-841.3697074754164,5.756363,4.66156,234.85733884037472,-527.1629490216728,-1025704.6346891326,1184434.7387727299,7.091410541746714
A23A,2020306,2020-11-01,-75.6277,-41.1301,nic,16.0,7.0,-1032368.0888737297,1182171.490984841,-1032746.2367533839,1183012.8606923164,2020-10-31,-1031852.2818496507,1180981.621609311,2020-11-02,1.0,1.0,378.14787965419237,-841.3697074754164,-1031989.9409940755,1181330.1212773656,0.3776970179420468,306,-0.8517119107469189,0.5240103253675756,515.8070240790257,-1189.8693755299319,1.2386475,-3.7872314,137.65914442483336,-348.4996680545155,-1028797.2178495442,1183369.312073264,3.9070064572474905
A23A,2020307,2020-11-02,-75.6389,-41.1445,nic,16.0,7.0,-1031852.2818496507,1180981.621609311,-1032368.0888737297,1182171.490984841,2020-11-01,-1031274.310756033,1179596.9319311772,2020-11-03,1.0,1.0,515.8070240790257,-1189.8693755299319,-1031336.4748255716,1179791.7522337812,0.20613397635238512,307,-0.8425720899866032,0.5385835804920232,577.9710936176125,-1384.689678133931,6.933304,-2.3280182,62.16406953858677,-194.82030260399915,-1028545.1923548685,1181975.8528197187,3.648111721281928
A23A,2020308,2020-11-03,-75.6518,-41.1619,nic,16.0,7.0,-1031274.310756033,1179596.9319311772,-1031852.2818496507,1180981.621609311,2020-11-02,-1030740.9899806269,1178202.3509764282,2020-11-04,1.0,1.0,577.9710936176125,-1384.689678133931,-1030696.3396624154,1178212.2422530432,0.04608841338375488,308,-0.8331829385891785,0.5529974600700271,533.3207754062023,-1394.5809547489043,4.7250977,-5.8998566,-44.650318211410195,-9.891276614973322,-1027503.6165178842,1180242.5438887854,3.856062396992747
A23A,2020309,2020-11-04,-75.6645,-41.1808,nic,16.0,7.0,-1030740.9899806269,1178202.3509764282,-1031274.310756033,1179596.9319311772,2020-11-03,-1030321.0760989226,1176942.8627557298,2020-11-05,1.0,1.0,533.3207754062023,-1394.5809547489043,-1030207.6692052206,1176807.7700216793,0.17781606054906215,309,-0.8235472349556007,0.5672476988027229,419.91388170421124,-1259.488220698433,4.3657227,1.494339,-113.40689370199107,135.09273405047134,-1026877.0417638144,1178935.03979707,4.0094547085510275
A23A,2020310,2020-11-05,-75.6756,-41.1996,nic,16.0,7.0,-1030321.0760989226,1176942.8627557298,-1030740.9899806269,1178202.3509764282,2020-11-04,-1030112.6797958143,1175996.4475201338,2020-11-06,1.0,1.0,419.91388170421124,-1259.488220698433,-1029901.1622172184,1175683.3745350314,0.3809015048726731,310,-0.8136678304455991,0.5813300798152042,208.39630310831126,-946.4152355960105,5.8795776,-2.871231,-211.51757859589998,313.07298510242254,-1026476.0494242497,1177745.0625233126,4.0665043986411105
A23A,2020311,2020-11-06,-75.6833,-41.2167,nic,44.0,40.0,-1030112.6797958143,1175996.4475201338,-1030321.0760989226,1176942.8627557298,2020-11-05,-1030085.9311265216,1175315.9844179868,2020-11-07,1.0,1.0,208.39630310831126,-946.4152355960105,-1029904.283492706,1175050.0322845378,0.3246885633297353,311,-0.8035476485339116,0.5952404359043674,26.748669292777777,-680.4631021469831,-2.318924,-3.6423492,-181.64763381553348,265.9521334490273,-1025056.8396450498,1177010.2462737956,5.3482732597885185
A23A,2020312,2020-11-07,-75.6881,-41.2324,nic,16.0,7.0,-1030085.9311265216,1175315.9844179868,-1030112.6797958143,1175996.4475201338,2020-11-06,-1030140.9329193472,1174725.0501129783,2020-11-08,1.0,1.0,26.748669292777777,-680.4631021469831,-1030059.1824572288,1174635.5213158398,0.12222626983593389,312,-0.7931896839451843,0.6089746507720486,-55.00179282564204,-590.9343050085008,0.73124695,2.0450897,-81.75046211841982,89.52879713848233,-1023739.4651720725,1176803.0291283398,6.78298413575497
A23A,2020313,2020-11-08,-75.6918,-41.2482,nic,16.0,7.0,-1030140.9329193472,1174725.0501129783,-1030085.9311265216,1175315.9844179868,2020-11-07,-1030247.5322225781,1174176.7286077647,2020-11-09,1.0,1.0,-55.00179282564204,-590.9343050085008,-1030195.9347121728,1174134.1158079698,0.06746445816899223,313,-0.7825970017677834,0.6225286602431057,-106.5993032308761,-548.321505213622,-7.1395874,-1.0228577,-51.59751040523406,42.61279979487881,-1024606.9640090478,1175872.3012327745,5.936087921262685
A23A,2020314,2020-11-09,-75.6949,-41.2644,nic,16.0,7.0,-1030247.5322225781,1174176.7286077647,-1030140.9329193472,1174725.0501129783,2020-11-08,-1030375.5205359369,1173624.142584664,2020-11-10,1.0,1.0,-106.5993032308761,-548.321505213622,-1030354.131525809,1173628.407102551,0.021981344283111402,314,-0.7717727365467837,0.6358984534680745,-127.98831335885916,-552.5860231006518,-5.265808,5.187622,-21.389010127983056,-4.264517887029797,-1023386.8868969027,1175264.952390637,7.235211898480542
A23A,2020315,2020-11-10,-75.6979,-41.2813,nic,16.0,7.0,-1030375.5205359369,1173624.142584664,-1030247.5322225781,1174176.7286077647,2020-11-09,-1030511.236480434,1173035.2282479333,2020-11-11,1.0,1.0,-127.98831335885916,-552.5860231006518,-1030503.5088492958,1173071.5565615634,0.037434807171390576,315,-0.7607200913564104,0.6490800741100398,-135.71594449703116,-588.9143367307261,-0.26663208,5.757538,-7.727631138172001,-36.32831363007426,-1023465.601134452,1175133.4672060946,7.409227586999869
A23A,2020316,2020-11-11,-75.7011,-41.2993,nic,16.0,7.0,-1030511.236480434,1173035.2282479333,-1030375.5205359369,1173624.142584664,2020-11-10,-1030626.4055104272,1172361.379058894,2020-11-12,1.0,1.0,-135.71594449703116,-588.9143367307261,-1030646.952424931,1172446.3139112026,0.08809191926011177,316,-0.7494423368521953,0.6620696215153815,-115.16902999323793,-673.8491890393198,-3.4903412,-0.75694275,20.546914503793232,-84.93485230859369,-1022946.739534306,1173949.9623487026,7.904253592786339
A23A,2020317,2020-11-12,-75.705,-41.3188,nic,16.0,7.0,-1030626.4055104272,1172361.379058894,-1030511.236480434,1173035.2282479333,2020-11-11,-1030695.8662902347,1171565.9187936345,2020-11-13,1.0,1.0,-115.16902999323793,-673.8491890393198,-1030741.5745404204,1171687.5298698547,0.1309747712115925,317,-0.7379428103031386,0.6748632518680403,-69.46077980753034,-795.4602652594913,-4.413498,-3.4827118,45.708250185707584,-121.61107622017153,-1024414.1780560454,1173303.4451530578,6.568952883273397
A23A,2020318,2020-11-13,-75.71,-41.34,nic,44.0,40.0,-1030695.8662902347,1171565.9187936345,-1030626.4055104272,1172361.379058894,2020-11-12,-1030591.7934798471,1170438.045201641,2020-11-14,1.0,1.0,-69.46077980753034,-795.4602652594913,-1030765.3270700423,1170770.458528375,0.37805201375835923,318,-0.7262249146041543,0.6874571793269664,104.0728103875881,-1127.8735919934697,-5.773636,-0.41882324,173.53359019511845,-332.41332673397847,-1025035.8724801985,1172711.435823297,6.050231181816029
A23A,2020319,2020-11-14,-75.7183,-41.3645,nic,16.0,7.0,-1030591.7934798471,1170438.045201641,-1030695.8662902347,1171565.9187936345,2020-11-13,-1030269.5971795568,1168899.322756622,2020-11-15,1.0,1.0,104.0728103875881,-1127.8735919934697,-1030487.7206694596,1169310.1716096476,0.46897988355377773,319,-0.7142921172691032,0.699847677146407,322.19630029029213,-1538.7224450190552,-4.948059,1.5333252,218.12348990270402,-410.8488530255854,-1024462.0434233658,1171690.099099882,6.49401517726569
A23A,2020320,2020-11-15,-75.7307,-41.393,nic,16.0,7.0,-1030269.5971795568,1168899.322756622,-1030591.7934798471,1170438.045201641,2020-11-14,-1029845.8910749841,1167140.8408049121,2020-11-16,1.0,1.0,322.19630029029213,-1538.7224450190552,-1029947.4008792666,1167360.600311603,0.24406381793358387,320,-0.7021479494046978,0.7120310787787131,423.70610457274597,-1758.4819517098367,-3.6692963,1.8229675,101.50980428245384,-219.75950669078156,-1025864.3293460634,1170812.6752627748,5.458739771051696
A23A,2020321,2020-11-16,-75.7452,-41.4241,nic,16.0,7.0,-1029845.8910749841,1167140.8408049121,-1030269.5971795568,1168899.322756622,2020-11-15,-1029410.5479888312,1165318.5177905543,2020-11-17,1.0,1.0,423.70610457274597,-1758.4819517098367,-1029422.1849704114,1165382.3588532023,0.0654243844359644,321,-0.6897960046655887,0.7240037789593305,435.34308615291957,-1822.3230143578257,-3.2846527,0.05760193,11.636981580173597,-63.84106264798902,-1025935.3390231457,1168849.8705719523,4.993621430194781
A23A,2020322,2020-11-17,-75.7602,-41.4565,nic,16.0,7.0,-1029410.5479888312,1165318.5177905543,-1029845.8910749841,1167140.8408049121,2020-11-16,-1029074.5727006062,1163599.099819341,2020-11-18,1.0,1.0,435.34308615291957,-1822.3230143578257,-1028975.2049026783,1163496.1947761965,0.1442417709831852,322,-0.6772399381909491,0.7357622347736527,335.9752882249886,-1719.4179712133482,0.16377258,-1.2297211,-99.36779792793095,102.90504314447753,-1025725.0720901783,1167021.9093758059,4.826939505088522
A23A,2020323,2020-11-18,-75.7739,-41.4892,nic,16.0,7.0,-1029074.5727006062,1163599.099819341,-1029410.5479888312,1165318.5177905543,2020-11-17,-1028946.5830552445,1162166.2276621324,2020-11-19,1.0,1.0,335.9752882249886,-1719.4179712133482,-1028738.5974123812,1161879.6818481276,0.3570277485070466,323,-0.6644834655228552,0.7473029667054297,127.9896453616675,-1432.8721572086215,-1.802597,3.7297058,-207.98564286332112,286.5458140047267,-1023776.78833035,1165594.9191528151,6.2528004685923175
A23A,2020324,2020-11-19,-75.7844,-41.5207,nic,16.0,7.0,-1028946.5830552445,1162166.2276621324,-1029074.5727006062,1163599.099819341,2020-11-18,-1029131.1660121365,1161177.7444049115,2020-11-20,1.0,1.0,127.9896453616675,-1432.8721572086215,-1028818.5934098829,1160733.3555049237,0.5478507062981649,324,-0.6515303615068021,0.75862255966641,-184.58295689197257,-988.4832572208252,-8.120743,-2.5349731,-312.57260225364007,444.3888999877963,-1022797.8619645704,1163940.8745478925,6.965181808720119
A23A,2020325,2020-11-20,-75.79,-41.55,nic,44.0,40.0,-1029131.1660121365,1161177.7444049115,-1028946.5830552445,1162166.2276621324,2020-11-19,-1029569.4502347632,1160435.3731930875,2020-11-21,1.0,1.0,-184.58295689197257,-988.4832572208252,-1029315.7489690285,1160189.2611476907,0.356419923261081,325,-0.6383844591746642,0.769717664006921,-438.2842226267094,-742.3712118240073,-7.151825,6.5902405,-253.7012657347368,246.11204539681785,-1019229.611273716,1162650.0287258157,10.660074876796237
A23A,2020326,2020-11-21,-75.7924,-41.5803,nic,16.0,7.0,-1029569.4502347632,1160435.3731930875,-1029131.1660121365,1161177.7444049115,2020-11-20,-1030088.6763051294,1159650.0268004492,2020-11-22,1.0,1.0,-438.2842226267094,-742.3712118240073,-1030007.7344573899,1159693.0019812635,0.0923748711971343,326,-0.6250496486104377,0.7805849965070866,-519.2260703662178,-785.3463926382829,-9.457642,2.3999329,-80.94184773950838,-42.97518081427552,-1020826.2061370774,1162136.2363562635,9.667879338828595
A23A,2020327,2020-11-22,-75.7946,-41.6139,nic,16.0,7.0,-1030088.6763051294,1159650.0268004492,-1029569.4502347632,1160435.3731930875,2020-11-21,-1030646.7615689852,1158888.4373788286,2020-11-23,1.0,1.0,-519.2260703662178,-785.3463926382829,-1030607.9023754956,1158864.680407811,0.04592582729747492,327,-0.6115298757991053,0.7912213413483807,-558.0852638557553,-761.5894216205925,-8.454987,1.5784912,-38.859193489537574,23.756971017690375,-1021842.5019848706,1161195.1205933578,9.175044629222189
A23A,2020328,2020-11-23,-75.7964,-41.648,nic,16.0,7.0,-1030646.7615689852,1158888.4373788286,-1030088.6763051294,1159650.0268004492,2020-11-22,-1031173.7484071827,1158198.0960697117,2020-11-24,1.0,1.0,-558.0852638557553,-761.5894216205925,-1031204.8468328409,1158126.847957208,0.0783644954520286,328,-0.5978291414589552,0.801623551065242,-526.9868381975684,-690.3413091169205,-2.125229,-0.7793579,31.098425658186898,71.24811250367202,-1022434.8644109659,1160499.2012286924,9.109897813730397
A23A,2020329,2020-11-24,-75.7979,-41.6795,nic,16.0,7.0,-1031173.7484071827,1158198.0960697117,-1030646.7615689852,1158888.4373788286,2020-11-23,-1031613.2000466195,1157629.4539121392,2020-11-25,1.0,1.0,-526.9868381975684,-690.3413091169205,-1031700.7352453803,1157507.7547605948,0.15110836550492204,329,-0.5839514998576998,0.8117885474764613,-439.45163943676744,-568.6421575725544,-1.3755188,-0.37902832,87.535198760801,121.69915154436603,-1022930.7528235053,1159959.855590673,9.0625080585129
A23A,2020330,2020-11-25,-75.7991,-41.7056,nic,16.0,7.0,-1031613.2000466195,1157629.4539121392,-1031173.7484071827,1158198.0960697117,2020-11-24,-1031921.4170133324,1157251.296517837,2020-11-26,1.0,1.0,-439.45163943676744,-568.6421575725544,-1032052.6516860563,1157060.8117545666,0.23316566902182664,330,-0.5699010576127624,0.821713322596059,-308.21696671284735,-378.1573943020776,-2.382843,2.8428192,131.23467272392008,190.48476327047683,-1022059.6116469938,1159605.4174674572,10.221130007690777
A23A,2020331,2020-11-26,-75.7998,-41.7234,nic,16.0,7.0,-1031921.4170133324,1157251.296517837,-1031613.2000466195,1157629.4539121392,2020-11-25,-1032040.036242912,1157115.9612471147,2020-11-27,1.0,1.0,-308.21696671284735,-378.1573943020776,-1032229.6339800452,1156873.139123535,0.3105353176321449,331,-0.5556819724760489,0.8313949395234058,-118.61922957969364,-135.33527072239667,-0.9160919,9.0043335,189.59773713315371,242.82212357968092,-1022072.8341753577,1159476.178918457,10.325939467293319
A23A,2020332,2020-11-27,-75.8,-41.73,nic,44.0,40.0,-1032040.036242912,1157115.9612471147,-1031921.4170133324,1157251.296517837,2020-11-26,-1031971.1710031751,1157221.7038138446,2020-11-28,1.0,1.0,-118.61922957969364,-135.33527072239667,-1032158.6554724918,1156980.6259763923,0.30783901857525464,332,-0.5412984521036173,0.8408305333122887,68.86523973697331,105.74256672989577,2.2864838,5.670746,187.48446931666695,241.07783745229244,-1023951.5812537418,1159829.3884275642,8.500971938527439
A23A,2020333,2020-11-28,-75.7997,-41.7255,nic,16.0,7.0,-1031971.1710031751,1157221.7038138446,-1032040.036242912,1157115.9612471147,2020-11-27,-1031784.7166114147,1157520.9016600673,2020-11-29,1.0,1.0,68.86523973697331,105.74256672989577,-1031902.3057634381,1157327.4463805745,0.22820213159521616,333,-0.5267547528105542,0.8500173118187018,186.45439176040236,299.1978462226689,4.4715633,0.20611572,117.58915202342905,193.45527949277312,-1025425.1788103131,1158488.388030965,6.4849865334798915
A23A,2020334,2020-11-29,-75.7988,-41.713,nic,16.0,7.0,-1031784.7166114147,1157520.9016600673,-1031971.1710031751,1157221.7038138446,2020-11-28,-1031502.2257062092,1157964.6322493616,2020-11-30,1.0,1.0,186.45439176040236,299.1978462226689,-1031598.2622196543,1157820.09950629,0.17491766438615655,334,-0.5120551783114646,0.8589525565270845,282.49090520548634,443.73058929434046,2.2266235,-0.5596924,96.03651344508398,144.53274307167158,-1024920.5942509043,1157362.663806827,6.663515534426326
A23A,2020335,2020-11-30,-75.7975,-41.6943,nic,16.0,7.0,-1031502.2257062092,1157964.6322493616,-1031784.7166114147,1157520.9016600673,2020-11-29,-1031153.8527341819,1158525.837647909,2020-12-01,1.0,1.0,282.49090520548634,443.73058929434046,-1031219.7348010037,1158408.362838656,0.13576643510271533,335,-0.4972040784469378,0.8676336233547726,348.37297202728223,561.2053985474631,-0.88049316,3.053543,65.88206682179589,117.47480925312266,-1025501.5863635037,1155732.0884245934,6.3577980267695
A23A,2020336,2020-12-01,-75.7958,-41.6709,nic,16.0,7.0,-1031153.8527341819,1158525.837647909,-1031502.2257062092,1157964.6322493616,2020-11-30,-1030761.1811871479,1159155.605207984,2020-12-02,1.0,1.0,348.37297202728223,561.2053985474631,-1030805.4797621546,1159087.0430464565,0.08228026379461083,336,-0.4822058478963526,0.8760579434344281,392.67154703405686,629.7675600750372,-2.3433685,-0.9814453,44.29857500677463,68.56216152757406,-1026507.0388441859,1156256.685380441,5.19116713630451
A23A,2020337,2020-12-02,-75.7939,-41.6446,nic,16.0,7.0,-1030761.1811871479,1159155.605207984,-1031153.8527341819,1158525.837647909,2020-12-01,-1030343.858562937,1159806.8366956755,2020-12-03,1.0,1.0,392.67154703405686,629.7675600750372,-1030368.5096401138,1159785.3727680591,0.032946100021216444,337,-0.46706492487743034,0.8842230238742036,417.32262421085034,651.2314876914024,-1.5600586,3.6084137,24.65107717679348,21.463927616365254,-1024650.3612026138,1156410.5526996998,6.685145699801643
A23A,2020338,2020-12-03,-75.792,-41.6171,nic,16.0,7.0,-1030343.858562937,1159806.8366956755,-1030761.1811871479,1159155.605207984,2020-12-02,-1029941.5701469015,1160458.9924000383,2020-12-04,1.0,1.0,417.32262421085034,651.2314876914024,-1029926.5359387262,1160458.068183367,0.01518547232059854,338,-0.451785789832884,0.8921264484954345,402.28841603547335,652.1557043627836,-4.2052307,6.0135345,-15.034208175376989,0.9242166713811457,-1024208.3875012262,1156984.929511492,6.759843379483157
A23A,2020339,2020-12-04,-75.79,-41.59,nic,44.0,40.0,-1029941.5701469015,1160458.9924000383,-1030343.858562937,1159806.8366956755,2020-12-03,-1029480.2225853257,1161236.7351807756,2020-12-05,1.0,1.0,402.28841603547335,652.1557043627836,-1029539.2817308661,1161111.148104401,0.139892600823005,339,-0.4363729641045924,0.8997658785476209,461.3475615758216,777.742780737346,-1.4388885,4.9701996,59.059145540348254,125.58707637456246,-1023821.1332933661,1157736.3280360417,6.709968934654678
A23A,2020340,2020-12-05,-75.7875,-41.5582,nic,16.0,7.0,-1029480.2225853257,1161236.7351807756,-1029941.5701469015,1160458.9924000383,2020-12-04,-1028915.7733818393,1162237.6888265712,2020-12-06,1.0,1.0,461.3475615758216,777.742780737346,-1029018.8750237499,1162014.477961513,0.2478406754796309,340,-0.42083100859565564,0.9071390534005044,564.4492034864379,1000.9536457955837,-0.19291687,-2.608963,103.10164191061631,223.2108650582377,-1024720.4341057811,1158442.306086513,5.704878772756076
A23A,2020341,2020-12-06,-75.7841,-41.5181,nic,16.0,7.0,-1028915.7733818393,1162237.6888265712,-1029480.2225853257,1161236.7351807756,2020-12-05,-1028282.1869194872,1163357.620007267,2020-12-07,1.0,1.0,564.4492034864379,1000.9536457955837,-1028351.3241783528,1163238.6424723668,0.13870383897418542,341,-0.4051645224207563,0.9142437912130223,633.5864623520756,1119.9311806957703,-0.6387787,-1.5549469,69.1372588656377,118.97753490018658,-1024052.8832603841,1159685.8648844762,5.647761457264681
A23A,2020342,2020-12-07,-75.7803,-41.4732,nic,16.0,7.0,-1028282.1869194872,1163357.620007267,-1028915.7733818393,1162237.6888265712,2020-12-06,-1027627.1549669546,1164495.2098679228,2020-12-08,1.0,1.0,633.5864623520756,1119.9311806957703,-1027648.6004571351,1164477.5511879628,0.028000299274021673,342,-0.3893781415452015,0.9210779895789526,655.0319525325904,1137.589860655833,-3.092392,1.7019958,21.445490180514753,17.658679960062727,-1022616.0281915101,1160878.0533852284,6.2319628417724084
A23A,2020343,2020-12-08,-75.7765,-41.4273,nic,16.0,7.0,-1027627.1549669546,1164495.2098679228,-1028282.1869194872,1163357.620007267,2020-12-07,-1026989.4380604503,1165542.732890457,2020-12-09,1.0,1.0,655.0319525325904,1137.589860655833,-1026972.123014422,1165632.7997285787,0.09245620948065343,343,-0.37347653741307074,0.9276396261490467,637.7169065043563,1047.523022534093,3.6945953,6.7865143,-17.315046028234065,-90.06683812174015,-1021096.826139422,1162280.6659395162,6.791454180601122
A23A,2020344,2020-12-09,-75.7732,-41.3841,nic,16.0,7.0,-1026989.4380604503,1165542.732890457,-1027627.1549669546,1164495.2098679228,2020-12-08,-1026402.071253488,1166397.8930636551,2020-12-10,1.0,1.0,637.7169065043563,1047.523022534093,-1026351.7211539459,1166590.255912991,0.20044153902689946,344,-0.3574644155648614,0.9339267592294762,587.3668069622945,855.1601731982082,-0.24861145,-4.9767914,-50.3500995420618,-192.36284933588468,-1022009.1371695709,1162916.2800829129,5.652178012170205
A23A,2020345,2020-12-10,-75.7709,-41.347,nic,16.0,7.0,-1026402.071253488,1166397.8930636551,-1026989.4380604503,1165542.732890457,2020-12-09,-1025917.8362714708,1166955.9840209612,2020-12-11,1.0,1.0,587.3668069622945,855.1601731982082,-1025814.7044465257,1167253.0532368533,0.31697998712687775,345,-0.34134651424503615,0.9399375283564133,484.23498201719485,558.0909573060926,-6.242279,-2.4225922,-103.13182494509965,-297.0692158921156,-1021803.1839387132,1163512.785170447,5.410115560900051
A23A,2020346,2020-12-11,-75.77,-41.32,nic,44.0,40.0,-1025917.8362714708,1166955.9840209612,-1026402.071253488,1166397.8930636551,2020-12-10,-1025048.125085933,1166824.760207344,2020-12-12,1.0,1.0,484.23498201719485,558.0909573060926,-1025433.6012894536,1167514.0749782673,0.7963372834826274,346,-0.3251276029999093,0.9456701548465688,869.7111855377443,-131.22381361713633,-1.3389893,-2.3460388,385.47620352054946,-689.3147709232289,-1021274.2111527348,1164543.1931423298,4.446745471737792
A23A,2020347,2020-12-12,-75.7761,-41.2991,nic,16.0,7.0,-1025048.125085933,1166824.760207344,-1025917.8362714708,1166955.9840209612,2020-12-11,-1023494.5027968226,1165884.9849475462,2020-12-13,1.0,1.0,869.7111855377443,-131.22381361713633,-1024178.4139003953,1166693.536393727,1.067852665187404,347,-0.30881248126625377,0.9511229423235357,1553.6222891104408,-939.775259797927,-4.8022766,-4.666168,683.9111035726964,-808.5514461807907,-1023017.0338955125,1169734.895036305,3.910877295765635
A23A,2020348,2020-12-13,-75.7918,-41.2789,nic,16.0,7.0,-1023494.5027968226,1165884.9849475462,-1025048.125085933,1166824.760207344,2020-12-12,-1021550.4318002468,1164436.7787286472,2020-12-14,1.0,1.0,1553.6222891104408,-939.775259797927,-1021940.8805077121,1164945.2096877482,0.6464424731794891,348,-0.29240597695107734,0.9562942772197719,1944.070996575756,-1448.2062188989948,-4.5792084,-6.562317,390.44870746531524,-508.43095910106786,-1020779.5005028293,1168357.1410842326,4.02793424762753
A23A,2020349,2020-12-14,-75.8133,-41.2602,nic,16.0,7.0,-1021550.4318002468,1164436.7787286472,-1023494.5027968226,1165884.9849475462,2020-12-13,-1019520.1138103616,1162785.4941144958,2020-12-15,1.0,1.0,1944.070996575756,-1448.2062188989948,-1019606.3608036711,1162988.5725097482,0.2224914297548056,349,-0.27591294500296043,0.9611826292540837,2030.317989885225,-1651.2846141513437,-0.36299133,-5.939911,86.24699330946896,-203.07839525234886,-1025283.1171513273,1166248.8249511544,6.779823609440864
A23A,2020350,2020-12-15,-75.8367,-41.244,nic,16.0,7.0,-1019520.1138103616,1162785.4941144958,-1021550.4318002468,1164436.7787286472,2020-12-14,-1017699.8959328406,1161228.6389270255,2020-12-16,1.0,1.0,2030.317989885225,-1651.2846141513437,-1017489.7958204764,1161134.2095003445,0.23228882522550318,350,-0.2593382659754056,0.9657865518844574,1820.2178775209468,-1556.8551874703262,-2.4018707,-4.399704,-210.10011236427817,94.4294266810175,-1023088.9901564139,1164820.092556985,6.530696199113053
A23A,2020351,2020-12-16,-75.8582,-41.2313,nic,16.0,7.0,-1017699.8959328406,1161228.6389270255,-1019520.1138103616,1162785.4941144958,2020-12-15,-1016390.945304074,1160074.0721868265,2020-12-17,1.0,1.0,1820.2178775209468,-1556.8551874703262,-1015879.6780553197,1159671.7837395552,0.6561112195544672,351,-0.2426868445825954,0.9701046827361175,1308.9506287666736,-1154.5667401989922,-0.23300171,0.87390137,-511.26724875427317,402.288447271334,-1022054.0706334447,1163107.5127434614,6.478551032100621
A23A,2020352,2020-12-17,-75.8739,-41.223,nic,16.0,7.0,-1016390.945304074,1160074.0721868265,-1017699.8959328406,1161228.6389270255,2020-12-16,-1015887.0287739126,1159621.411755393,2020-12-18,1.0,1.0,1308.9506287666736,-1154.5667401989922,-1015081.9946753073,1158919.5054466275,1.077196169120951,352,-0.22596360824801906,0.974135744004672,503.91653016139753,-452.66043143346906,-2.6599731,4.9385376,-805.0340986052761,701.9063087655231,-1020164.1880346823,1162525.9925071744,5.21400399442951
A23A,2020353,2020-12-18,-75.88,-41.22,nic,40.0,34.0,-1015887.0287739126,1159621.411755393,-1016390.945304074,1160074.0721868265,2020-12-17,-1015988.2209641318,1159532.7544725924,2020-12-19,1.0,1.0,503.91653016139753,-452.66043143346906,-1015383.1122437512,1159168.7513239596,0.7121713634669649,353,-0.20917350564635637,0.9778785428342386,-101.19219021918252,-88.6572828006465,-3.2512207,2.1844482,-605.10872038058,364.00314863282256,-1019557.9467164074,1162647.5250056002,4.777853613697945
A23A,2020354,2020-12-19,-75.88,-41.225,nic,16.0,7.0,-1015988.2209641318,1159532.7544725924,-1015887.0287739126,1159621.411755393,2020-12-18,-1016247.2377124274,1159305.7515920985,2020-12-20,1.0,1.0,-101.19219021918252,-88.6572828006465,-1016089.413154351,1159444.0971897917,0.2115861882528039,354,-0.19232150523909483,0.9813319716704275,-259.01674829563126,-227.00288049387746,4.090378,3.3512268,-157.82455807644874,-138.34559769323096,-1015631.3773572318,1160439.1309422331,1.3004618296551351
A23A,2020355,2020-12-20,-75.88,-41.2378,nic,16.0,7.0,-1016247.2377124274,1159305.7515920985,-1015988.2209641318,1159532.7544725924,2020-12-19,-1016603.302923436,1158993.5281604552,2020-12-21,1.0,1.0,-259.01674829563126,-227.00288049387746,-1016506.254460723,1159078.7487116046,0.13020692742207401,355,-0.17541259380427843,0.9844950085880858,-356.0652110086521,-312.2234316433314,2.381424,1.3983002,-97.04846271302085,-85.22055114945397,-1014957.2315115043,1160944.6476373859,2.5735377792320526
A23A,2020356,2020-12-21,-75.88,-41.2554,nic,16.0,7.0,-1016603.302923436,1158993.5281604552,-1016247.2377124274,1159305.7515920985,2020-12-20,-1016991.6282959116,1158652.7960561307,2020-12-22,1.0,1.0,-356.0652110086521,-312.2234316433314,-1016959.3681344447,1158681.3047288118,0.04340258961980758,356,-0.15845177496083632,0.9873667175937016,-388.32537247554865,-340.73210432450287,-2.0485687,-2.5727234,-32.260161466896534,-28.508672681171447,-1015539.6838082728,1160495.887980765,2.3654381135215847
A23A,2020357,2020-12-22,-75.88,-41.2746,nic,16.0,7.0,-1016991.6282959116,1158652.7960561307,-1016603.302923436,1158993.5281604552,2020-12-21,-1017347.492898262,1158340.3439949246,2020-12-23,1.0,1.0,-388.32537247554865,-340.73210432450287,-1017379.9536683871,1158312.0639518062,0.04340258969056984,357,-0.14144406768794202,0.9899462489023779,-355.86460235039704,-312.45206120610237,-2.8300323,-1.5057526,32.46077012515161,28.2800431184005,-1015960.2693422153,1160075.9461539546,2.2399897446987507
A23A,2020358,2020-12-23,-75.88,-41.2922,nic,16.0,7.0,-1017347.492898262,1158340.3439949246,-1016991.6282959116,1158652.7960561307,2020-12-22,-1017606.2432255826,1158113.037479924,2020-12-24,1.0,1.0,-355.86460235039704,-312.45206120610237,-1017703.3575006124,1158027.8919337185,0.13020692738366763,358,-0.12439450483979998,0.9922328391893008,-258.750327320653,-227.30651500052772,-2.3059998,0.52500916,97.11427502974402,85.14554620557465,-1016294.3252740499,1159970.6204493435,2.2927119669619525
A23A,2020359,2020-12-24,-75.88,-41.305,nic,16.0,7.0,-1017606.2432255826,1158113.037479924,-1017347.492898262,1158340.3439949246,2020-12-23,-1017707.3037787684,1158024.2301731033,2020-12-25,1.0,1.0,-258.750327320653,-227.30651500052772,-1017864.9935529033,1157885.7309649235,0.2115861881303713,359,-0.10730813165636247,0.9942258118156161,-101.06055318575818,-88.80730682075955,-1.0204315,-1.8784943,157.68977413489483,138.49920817976817,-1016445.3092267314,1159669.419441486,2.0903857274106077
A23A,2020360,2020-12-25,-75.88,-41.31,nic,40.0,34.0,-1017707.3037787684,1158024.2301731033,-1017606.2432255826,1158113.037479924,2020-12-24,-1017676.5864853623,1158095.2568416179,2020-12-26,1.0,1.0,-101.06055318575818,-88.80730682075955,-1017808.3643319542,1157935.4228662825,0.20884252974914763,360,-0.09019000427034513,0.9959245770286599,30.717293406138197,71.02666851459071,-1.9230042,1.8330994,131.77784659189638,159.83397533535026,-1018268.2762887413,1158894.1145777083,1.002605969860146
A23A,2020361,2020-12-26,-75.8797,-41.3074,nic,16.0,7.0,-1017676.5864853623,1158095.2568416179,-1017707.3037787684,1158024.2301731033,2020-12-25,-1017601.7933954762,1158307.737245217,2020-12-27,1.0,1.0,30.717293406138197,71.02666851459071,-1017645.8691919561,1158166.2835101325,0.14938450493529135,361,-0.07304518821104743,0.9973286321364752,74.79308988607954,212.48040359909646,-0.45133972,7.42099,44.075796479941346,141.45373508450575,-1017513.0364740606,1159038.672792359,0.7424298448813241
A23A,2020362,2020-12-27,-75.8787,-41.3001,nic,16.0,7.0,-1017601.7933954762,1158307.737245217,-1017676.5864853623,1158095.2568416179,2020-12-26,-1017493.7753394233,1158637.4057662655,2020-12-28,1.0,1.0,74.79308988607954,212.48040359909646,-1017527.0003055901,1158520.217648816,0.1228132043816501,362,-0.05587875690537313,0.9984375616565666,108.01805605285335,329.66852104850113,3.2641754,1.6994934,33.22496616677381,117.18811744940467,-1017371.4091343255,1158594.9674123048,0.13061050650057573
A23A,2020363,2020-12-28,-75.8771,-41.289,nic,16.0,7.0,-1017493.7753394233,1158637.4057662655,-1017601.7933954762,1158307.737245217,2020-12-27,-1017350.0299377689,1159057.0406841985,2020-12-29,1.0,1.0,108.01805605285335,329.66852104850113,-1017385.7572833705,1158967.074287314,0.0975965462514816,363,-0.03869579017652689,0.9992510374388481,143.74540165439248,419.6349179330282,3.6181793,1.8366547,35.72734560153913,89.96639688452706,-1017495.0123721766,1157967.7463454194,1.1080413085610796
A23A,2020364,2020-12-29,-75.8751,-41.2747,nic,16.0,7.0,-1017350.0299377689,1159057.0406841985,-1017493.7753394233,1158637.4057662655,2020-12-28,-1017188.6767231405,1159550.6622443853,2020-12-30,1.0,1.0,143.74540165439248,419.6349179330282,-1017206.2845361145,1159476.6756021315,0.07668172637591211,364,-0.021501372740813793,0.999768818762748,161.3532146284124,493.6215601868462,-0.59028625,-3.1352386,17.607812974019907,73.98664225381799,-1017675.4564721497,1156073.6189615065,3.5401822640108476
A23A,2020365,2020-12-30,-75.8727,-41.2581,nic,16.0,7.0,-1017188.6767231405,1159550.6622443853,-1017350.0299377689,1159057.0406841985,2020-12-29,-1017018.5579191438,1160095.7858223112,2020-12-31,1.0,1.0,161.3532146284124,493.6215601868462,-1017027.3235085121,1160044.2838045722,0.05267555419310289,365,-0.004300592702981974,0.9999907524084426,170.11880399670918,545.1235779258423,0.9728241,0.7052002,8.765589368296787,51.502017738996074,-1017517.1634132973,1156792.9517733222,3.3680291127798982
A23A,2020366,2020-12-31,-75.87,-41.24,nic,40.0,34.0,-1017018.5579191438,1160095.7858223112,-1017188.6767231405,1159550.6622443853,2020-12-30,-1016941.5033470663,1160485.8677250093,2021-01-01,1.0,1.0,170.11880399670918,545.1235779258423,-1016848.4391151471,1160640.909400237,0.182303457840007,366,0.012901459949419653,0.9999167727021953,77.05457207746804,390.08190269814804,4.0162506,2.4717407,-93.06423191924114,-155.0416752276942,-1017428.8041664166,1157377.3376228933,3.1726284303701537
