iceberg_id,latest_observation_date,forecast_horizon_days,forecast_date,predicted_latitude,predicted_longitude,latest_speed_m_per_day,risk_radius_km_p90,selected_model,forecast_status
A01,1979-05-06,1,1979-05-07,-50.1804084524484,-26.239585034205454,5317.403935218522,2.560458969109476,global_constant_velocity_baseline,historical_demo_not_real_time
A01,1979-05-06,3,1979-05-09,-50.141109921373925,-26.118948243969733,5317.403935218522,11.984682765525426,global_constant_velocity_baseline,historical_demo_not_real_time
A01,1979-05-06,7,1979-05-13,-50.06205337773445,-25.878448071311,5317.403935218522,38.88320587636103,global_constant_velocity_baseline,historical_demo_not_real_time
A02,1979-10-21,1,1979-10-22,-54.24931331289246,-32.61602212172749,43792.195755520814,2.560458969109476,global_constant_velocity_baseline,historical_demo_not_real_time
A02,1979-10-21,3,1979-10-24,-53.548948914592785,-32.25936582899678,43792.195755520814,11.984682765525426,global_constant_velocity_baseline,historical_demo_not_real_time
A02,1979-10-21,7,1979-10-28,-52.15270971152353,-31.588224774997038,43792.195755520814,38.88320587636103,global_constant_velocity_baseline,historical_demo_not_real_time
A03,1979-06-17,1,1979-06-18,-59.499999999998465,-44.5,0.0,2.560458969109476,global_constant_velocity_baseline,historical_demo_not_real_time
A03,1979-06-17,3,1979-06-20,-59.499999999998465,-44.5,0.0,11.984682765525426,global_constant_velocity_baseline,historical_demo_not_real_time
A03,1979-06-17,7,1979-06-24,-59.499999999998465,-44.5,0.0,38.88320587636103,global_constant_velocity_baseline,historical_demo_not_real_time
A05,1979-11-04,1,1979-11-05,-60.757045642533626,-51.085437599845626,6935.71976046614,2.560458969109476,global_constant_velocity_baseline,historical_demo_not_real_time
A05,1979-11-04,3,1979-11-07,-60.67097517905535,-51.25552889900075,6935.71976046614,11.984682765525426,global_constant_velocity_baseline,historical_demo_not_real_time
A05,1979-11-04,7,1979-11-11,-60.49819644476633,-51.59259896894173,6935.71976046614,38.88320587636103,global_constant_velocity_baseline,historical_demo_not_real_time
A06,1980-01-13,1,1980-01-14,-61.581600403886554,-53.417750120774926,2335.770040103082,2.560458969109476,global_constant_velocity_baseline,historical_demo_not_real_time
A06,1980-01-13,3,1980-01-16,-61.54479769805524,-53.453178697910865,2335.770040103082,11.984682765525426,global_constant_velocity_baseline,historical_demo_not_real_time
A06,1980-01-13,7,1980-01-20,-61.471178417860976,-53.52375044714943,2335.770040103082,38.88320587636103,global_constant_velocity_baseline,historical_demo_not_real_time
A08,1980-02-03,1,1980-02-04,-49.447639634314676,-28.8109431141881,16453.386671224365,2.560458969109476,global_constant_velocity_baseline,historical_demo_not_real_time
A08,1980-02-03,3,1980-02-06,-49.3417560989394,-28.434424760992652,16453.386671224365,11.984682765525426,global_constant_velocity_baseline,historical_demo_not_real_time
A08,1980-02-03,7,1980-02-10,-49.12539754940807,-27.687818989791793,16453.386671224365,38.88320587636103,global_constant_velocity_baseline,historical_demo_not_real_time
A11,1980-05-18,1,1980-05-19,-70.42150729551976,-44.333527007809565,8860.43398197617,2.560458969109476,global_constant_velocity_baseline,historical_demo_not_real_time
A11,1980-05-18,3,1980-05-21,-70.26455601066894,-44.399765945191746,8860.43398197617,11.984682765525426,global_constant_velocity_baseline,historical_demo_not_real_time
A11,1980-05-18,7,1980-05-25,-69.95079405960205,-44.52907391610131,8860.43398197617,38.88320587636103,global_constant_velocity_baseline,historical_demo_not_real_time
A12,1980-09-28,1,1980-09-29,-66.59999999999981,-60.20000000000001,0.0,2.560458969109476,global_constant_velocity_baseline,historical_demo_not_real_time
A12,1980-09-28,3,1980-10-01,-66.59999999999981,-60.20000000000001,0.0,11.984682765525426,global_constant_velocity_baseline,historical_demo_not_real_time
A12,1980-09-28,7,1980-10-05,-66.59999999999981,-60.20000000000001,0.0,38.88320587636103,global_constant_velocity_baseline,historical_demo_not_real_time
A13,1981-01-25,1,1981-01-26,-73.79999999999998,-38.5,0.0,2.560458969109476,global_constant_velocity_baseline,historical_demo_not_real_time
A13,1981-01-25,3,1981-01-28,-73.79999999999998,-38.5,0.0,11.984682765525426,global_constant_velocity_baseline,historical_demo_not_real_time
A13,1981-01-25,7,1981-02-01,-73.79999999999998,-38.5,0.0,38.88320587636103,global_constant_velocity_baseline,historical_demo_not_real_time
A14,1981-01-25,1,1981-01-26,-72.29999999999998,-36.0,0.0,2.560458969109476,global_constant_velocity_baseline,historical_demo_not_real_time
A14,1981-01-25,3,1981-01-28,-72.29999999999998,-36.0,0.0,11.984682765525426,global_constant_velocity_baseline,historical_demo_not_real_time
A14,1981-01-25,7,1981-02-01,-72.29999999999998,-36.0,0.0,38.88320587636103,global_constant_velocity_baseline,historical_demo_not_real_time
A15,1981-08-02,1,1981-08-03,-66.09134084996245,-53.991359474037566,8852.010231589775,2.560458969109476,global_constant_velocity_baseline,historical_demo_not_real_time
A15,1981-08-02,3,1981-08-05,-66.07324636398326,-54.373640424644414,8852.010231589775,11.984682765525426,global_constant_velocity_baseline,historical_demo_not_real_time
A15,1981-08-02,7,1981-08-09,-66.0339619941959,-55.13633649586,8852.010231589775,38.88320587636103,global_constant_velocity_baseline,historical_demo_not_real_time
A16,1982-05-16,1,1982-05-17,-55.30243376758183,-37.15128345883646,3315.9759669231926,2.560458969109476,global_constant_velocity_baseline,historical_demo_not_real_time
A16,1982-05-16,3,1982-05-19,-55.307230486837284,-37.053828785366484,3315.9759669231926,11.984682765525426,global_constant_velocity_baseline,historical_demo_not_real_time
A16,1982-05-16,7,1982-05-23,-55.31654049203429,-36.858835004663156,3315.9759669231926,38.88320587636103,global_constant_velocity_baseline,historical_demo_not_real_time
A17,1983-05-29,1,1983-05-30,-60.821378976146555,-49.077227685609245,21790.160395305003,2.560458969109476,global_constant_velocity_baseline,historical_demo_not_real_time
A17,1983-05-29,3,1983-06-01,-60.46417954375211,-48.83632751887601,21790.160395305003,11.984682765525426,global_constant_velocity_baseline,historical_demo_not_real_time
A17,1983-05-29,7,1983-06-05,-59.750043450936886,-48.37233276121831,21790.160395305003,38.88320587636103,global_constant_velocity_baseline,historical_demo_not_real_time
A19,1984-06-10,1,1984-06-11,-67.26609822767816,-58.71956335681966,3920.3495003144376,2.560458969109476,global_constant_velocity_baseline,historical_demo_not_real_time
A19,1984-06-10,3,1984-06-13,-67.19829862460914,-58.75851107659118,3920.3495003144376,11.984682765525426,global_constant_velocity_baseline,historical_demo_not_real_time
A19,1984-06-10,7,1984-06-17,-67.062715679518,-58.83569801339063,3920.3495003144376,38.88320587636103,global_constant_velocity_baseline,historical_demo_not_real_time
A20,1986-08-17,1,1986-08-18,-65.29959023574851,-55.928580790085675,3396.296103916458,2.560458969109476,global_constant_velocity_baseline,historical_demo_not_real_time
A20,1986-08-17,3,1986-08-20,-65.29865898170873,-55.78575025001327,3396.296103916458,11.984682765525426,global_constant_velocity_baseline,historical_demo_not_real_time
A20,1986-08-17,7,1986-08-24,-65.29634964157196,-55.500126896384366,3396.296103916458,38.88320587636103,global_constant_velocity_baseline,historical_demo_not_real_time
A20A,1988-03-27,1,1988-03-28,-51.84716187143343,-29.811294906084704,15530.378763336375,2.560458969109476,global_constant_velocity_baseline,historical_demo_not_real_time
A20A,1988-03-27,3,1988-03-30,-51.74038569386358,-29.43557544350693,15530.378763336375,11.984682765525426,global_constant_velocity_baseline,historical_demo_not_real_time
A20A,1988-03-27,7,1988-04-03,-51.52249238231308,-28.690940052560183,15530.378763336375,38.88320587636103,global_constant_velocity_baseline,historical_demo_not_real_time
A20B,1988-02-07,1,1988-02-08,-46.29866236315771,-22.17859324284287,10560.685269027215,2.560458969109476,global_constant_velocity_baseline,historical_demo_not_real_time
A20B,1988-02-07,3,1988-02-10,-46.295452268186544,-21.935806987375422,10560.685269027215,11.984682765525426,global_constant_velocity_baseline,historical_demo_not_real_time
A20B,1988-02-07,7,1988-02-14,-46.286893625680634,-21.450373981742775,10560.685269027215,38.88320587636103,global_constant_velocity_baseline,historical_demo_not_real_time
A21,1986-12-14,1,1986-12-15,-66.7881023922374,-59.20465415869645,1360.9790150363087,2.560458969109476,global_constant_velocity_baseline,historical_demo_not_real_time
A21,1986-12-14,3,1986-12-17,-66.76430819651891,-59.21394779456352,1360.9790150363087,11.984682765525426,global_constant_velocity_baseline,historical_demo_not_real_time
A21,1986-12-14,7,1986-12-21,-66.71672389751971,-59.232476554167405,1360.9790150363087,38.88320587636103,global_constant_velocity_baseline,historical_demo_not_real_time
A21A,1988-01-03,1,1988-01-04,-58.19998612838791,-45.03879998220697,2399.3296595348033,2.560458969109476,global_constant_velocity_baseline,historical_demo_not_real_time
A21A,1988-01-03,3,1988-01-06,-58.19991677044725,-45.11639975089839,2399.3296595348033,11.984682765525426,global_constant_velocity_baseline,historical_demo_not_real_time
A21A,1988-01-03,7,1988-01-10,-58.19961159767224,-45.27159750901419,2399.3296595348033,38.88320587636103,global_constant_velocity_baseline,historical_demo_not_real_time
A22,1994-02-08,1,1994-02-09,-76.6391,-45.0596,0.0,2.560458969109476,global_constant_velocity_baseline,historical_demo_not_real_time
A22,1994-02-08,3,1994-02-11,-76.6391,-45.0596,0.0,11.984682765525426,global_constant_velocity_baseline,historical_demo_not_real_time
A22,1994-02-08,7,1994-02-15,-76.6391,-45.0596,0.0,38.88320587636103,global_constant_velocity_baseline,historical_demo_not_real_time
A22A,2007-10-23,1,2007-10-24,-48.50185503761735,-16.05025188654643,23724.167923592147,2.560458969109476,global_constant_velocity_baseline,historical_demo_not_real_time
A22A,2007-10-23,3,2007-10-26,-48.24665804094353,-15.62087812257736,23724.167923592147,11.984682765525426,global_constant_velocity_baseline,historical_demo_not_real_time
A22A,2007-10-23,7,2007-10-30,-47.73122721831364,-14.779185301348278,23724.167923592147,38.88320587636103,global_constant_velocity_baseline,historical_demo_not_real_time
A22B,2000-09-17,1,2000-09-18,-51.399999999991195,-39.3,0.0,2.560458969109476,global_constant_velocity_baseline,historical_demo_not_real_time
A22B,2000-09-17,3,2000-09-20,-51.399999999991195,-39.3,0.0,11.984682765525426,global_constant_velocity_baseline,historical_demo_not_real_time
A22B,2000-09-17,7,2000-09-24,-51.399999999991195,-39.3,0.0,38.88320587636103,global_constant_velocity_baseline,historical_demo_not_real_time
A22C,2001-12-02,1,2001-12-03,-51.294907342970475,6.209270052066249,13457.434790154539,2.560458969109476,global_constant_velocity_baseline,historical_demo_not_real_time
A22C,2001-12-02,3,2001-12-05,-51.48460991295723,6.026364999236826,13457.434790154539,11.984682765525426,global_constant_velocity_baseline,historical_demo_not_real_time
A22C,2001-12-02,7,2001-12-09,-51.863539452779364,5.65467919999325,13457.434790154539,38.88320587636103,global_constant_velocity_baseline,historical_demo_not_real_time
A23,1991-12-01,1,1991-12-02,-76.71181111679465,-42.73462554151601,1568.0206069826618,2.560458969109476,global_constant_velocity_baseline,historical_demo_not_real_time
A23,1991-12-01,3,1991-12-04,-76.73541969404589,-42.80406315725345,1568.0206069826618,11.984682765525426,global_constant_velocity_baseline,historical_demo_not_real_time
A23,1991-12-01,7,1991-12-08,-76.78258184237755,-42.943688503593236,1568.0206069826618,38.88320587636103,global_constant_velocity_baseline,historical_demo_not_real_time
A23A,2026-03-31,1,2026-04-01,-48.344001170708665,-29.827332719692166,16428.567090955534,2.560458969109476,global_constant_velocity_baseline,historical_demo_not_real_time
A23A,2026-03-31,3,2026-04-03,-48.25461415202924,-29.45290641207481,16428.567090955534,11.984682765525426,global_constant_velocity_baseline,historical_demo_not_real_time
A23A,2026-03-31,7,2026-04-07,-48.071133036770426,-28.709354728089114,16428.567090955534,38.88320587636103,global_constant_velocity_baseline,historical_demo_not_real_time
A23B,1999-11-09,1,1999-11-10,-60.12059999999871,-32.065000000000005,0.0,2.560458969109476,global_constant_velocity_baseline,historical_demo_not_real_time
A23B,1999-11-09,3,1999-11-12,-60.12059999999871,-32.065000000000005,0.0,11.984682765525426,global_constant_velocity_baseline,historical_demo_not_real_time
A23B,1999-11-09,7,1999-11-16,-60.12059999999871,-32.065000000000005,0.0,38.88320587636103,global_constant_velocity_baseline,historical_demo_not_real_time
A24,1992-03-08,1,1992-03-09,-50.64038246062788,-46.99999999999999,7274.006375302194,2.560458969109476,global_constant_velocity_baseline,historical_demo_not_real_time
A24,1992-03-08,3,1992-03-11,-50.52121191854709,-47.0,7274.006375302194,11.984682765525426,global_constant_velocity_baseline,historical_demo_not_real_time
A24,1992-03-08,7,1992-03-15,-50.2831295483012,-46.99999999999999,7274.006375302194,38.88320587636103,global_constant_velocity_baseline,historical_demo_not_real_time
A24A,1992-05-17,1,1992-05-18,-49.299999999987286,-54.60000000000001,0.0,2.560458969109476,global_constant_velocity_baseline,historical_demo_not_real_time
A24A,1992-05-17,3,1992-05-20,-49.299999999987286,-54.60000000000001,0.0,11.984682765525426,global_constant_velocity_baseline,historical_demo_not_real_time
A24A,1992-05-17,7,1992-05-24,-49.299999999987286,-54.60000000000001,0.0,38.88320587636103,global_constant_velocity_baseline,historical_demo_not_real_time
A24B,1992-05-17,1,1992-05-18,-49.299999999987286,-54.5,0.0,2.560458969109476,global_constant_velocity_baseline,historical_demo_not_real_time
A24B,1992-05-17,3,1992-05-20,-49.299999999987286,-54.5,0.0,11.984682765525426,global_constant_velocity_baseline,historical_demo_not_real_time
A24B,1992-05-17,7,1992-05-24,-49.299999999987286,-54.5,0.0,38.88320587636103,global_constant_velocity_baseline,historical_demo_not_real_time
A24C,1992-05-17,1,1992-05-18,-49.299999999987286,-54.5,0.0,2.560458969109476,global_constant_velocity_baseline,historical_demo_not_real_time
A24C,1992-05-17,3,1992-05-20,-49.299999999987286,-54.5,0.0,11.984682765525426,global_constant_velocity_baseline,historical_demo_not_real_time
A24C,1992-05-17,7,1992-05-24,-49.299999999987286,-54.5,0.0,38.88320587636103,global_constant_velocity_baseline,historical_demo_not_real_time
A24D,1992-05-17,1,1992-05-18,-49.09999999998686,-54.39999999999999,0.0,2.560458969109476,global_constant_velocity_baseline,historical_demo_not_real_time
A24D,1992-05-17,3,1992-05-20,-49.09999999998686,-54.39999999999999,0.0,11.984682765525426,global_constant_velocity_baseline,historical_demo_not_real_time
A24D,1992-05-17,7,1992-05-24,-49.09999999998686,-54.39999999999999,0.0,38.88320587636103,global_constant_velocity_baseline,historical_demo_not_real_time
A25,1990-03-25,1,1990-03-26,-57.96057682700444,-40.38426390567042,8563.705047719739,2.560458969109476,global_constant_velocity_baseline,historical_demo_not_real_time
A25,1990-03-25,3,1990-03-28,-57.88138187925625,-40.15369060501207,8563.705047719739,11.984682765525426,global_constant_velocity_baseline,historical_demo_not_real_time
A25,1990-03-25,7,1990-04-01,-57.72161321132927,-39.69613284510933,8563.705047719739,38.88320587636103,global_constant_velocity_baseline,historical_demo_not_real_time
A26,1988-04-17,1,1988-04-18,-59.45743186649666,-45.98749597311541,13527.668775646898,2.560458969109476,global_constant_velocity_baseline,historical_demo_not_real_time
A26,1988-04-17,3,1988-04-20,-59.37112271734656,-45.56435762064626,13527.668775646898,11.984682765525426,global_constant_velocity_baseline,historical_demo_not_real_time
A26,1988-04-17,7,1988-04-24,-59.193869378157814,-44.72564186604165,13527.668775646898,38.88320587636103,global_constant_velocity_baseline,historical_demo_not_real_time
A27,2011-10-23,1,2011-10-24,-68.74450022407783,-57.5330416998239,2946.3208241263887,2.560458969109476,global_constant_velocity_baseline,historical_demo_not_real_time
A27,2011-10-23,3,2011-10-26,-68.69350138180731,-57.49924959852222,2946.3208241263887,11.984682765525426,global_constant_velocity_baseline,historical_demo_not_real_time
A27,2011-10-23,7,2011-10-30,-68.59150679501488,-57.432159228512155,2946.3208241263887,38.88320587636103,global_constant_velocity_baseline,historical_demo_not_real_time
A28,1992-11-29,1,1992-11-30,-57.25720522147431,-44.28152954148607,5170.929686194401,2.560458969109476,global_constant_velocity_baseline,historical_demo_not_real_time
A28,1992-11-29,3,1992-12-02,-57.17163326561847,-44.244740936954706,5170.929686194401,11.984682765525426,global_constant_velocity_baseline,historical_demo_not_real_time
A28,1992-11-29,7,1992-12-06,-57.00056043174076,-44.17176725283315,5170.929686194401,38.88320587636103,global_constant_velocity_baseline,historical_demo_not_real_time
A29,1992-08-03,1,1992-08-04,-55.94919999999645,-38.2516,0.0,2.560458969109476,global_constant_velocity_baseline,historical_demo_not_real_time
A29,1992-08-03,3,1992-08-06,-55.94919999999645,-38.2516,0.0,11.984682765525426,global_constant_velocity_baseline,historical_demo_not_real_time
A29,1992-08-03,7,1992-08-10,-55.94919999999645,-38.2516,0.0,38.88320587636103,global_constant_velocity_baseline,historical_demo_not_real_time
A30,1991-05-12,1,1991-05-13,-72.94291576007737,-35.39322082060294,6339.647801401439,2.560458969109476,global_constant_velocity_baseline,historical_demo_not_real_time
A30,1991-05-12,3,1991-05-15,-72.8287712080614,-35.37979959862039,6339.647801401439,11.984682765525426,global_constant_velocity_baseline,historical_demo_not_real_time
A30,1991-05-12,7,1991-05-19,-72.60057859929242,-35.35349293304137,6339.647801401439,38.88320587636103,global_constant_velocity_baseline,historical_demo_not_real_time
A31,1992-08-24,1,1992-08-25,-57.67539999999762,-52.9284,0.0,2.560458969109476,global_constant_velocity_baseline,historical_demo_not_real_time
A31,1992-08-24,3,1992-08-27,-57.67539999999762,-52.9284,0.0,11.984682765525426,global_constant_velocity_baseline,historical_demo_not_real_time
A31,1992-08-24,7,1992-08-31,-57.67539999999762,-52.9284,0.0,38.88320587636103,global_constant_velocity_baseline,historical_demo_not_real_time
A32,1995-05-24,1,1995-05-25,-66.85304208425558,-58.53238987388314,5733.433010987846,2.560458969109476,global_constant_velocity_baseline,historical_demo_not_real_time
A32,1995-05-24,3,1995-05-27,-66.78415374443664,-58.34343602807096,5733.433010987846,11.984682765525426,global_constant_velocity_baseline,historical_demo_not_real_time
A32,1995-05-24,7,1995-05-31,-66.64569563350031,-57.96897137965707,5733.433010987846,38.88320587636103,global_constant_velocity_baseline,historical_demo_not_real_time
A32A,1995-12-11,1,1995-12-12,-54.6452560542555,-50.35124139909982,11821.991640228265,2.560458969109476,global_constant_velocity_baseline,historical_demo_not_real_time
A32A,1995-12-11,3,1995-12-14,-54.47643951481012,-50.529760536750324,11821.991640228265,11.984682765525426,global_constant_velocity_baseline,historical_demo_not_real_time
A32A,1995-12-11,7,1995-12-18,-54.138313804696196,-50.88142794877577,11821.991640228265,38.88320587636103,global_constant_velocity_baseline,historical_demo_not_real_time
A33,1994-07-10,1,1994-07-11,-61.39999999999908,-51.199999999999996,0.0,2.560458969109476,global_constant_velocity_baseline,historical_demo_not_real_time
A33,1994-07-10,3,1994-07-13,-61.39999999999908,-51.199999999999996,0.0,11.984682765525426,global_constant_velocity_baseline,historical_demo_not_real_time
A33,1994-07-10,7,1994-07-17,-61.39999999999908,-51.199999999999996,0.0,38.88320587636103,global_constant_velocity_baseline,historical_demo_not_real_time
A34,1996-09-29,1,1996-09-30,-72.19999999999999,-16.9,0.0,2.560458969109476,global_constant_velocity_baseline,historical_demo_not_real_time
A34,1996-09-29,3,1996-10-02,-72.19999999999999,-16.9,0.0,11.984682765525426,global_constant_velocity_baseline,historical_demo_not_real_time
A34,1996-09-29,7,1996-10-06,-72.19999999999999,-16.9,0.0,38.88320587636103,global_constant_velocity_baseline,historical_demo_not_real_time
A34A,2005-06-13,1,2005-06-14,-49.27672088985823,-15.226810805766254,7127.0745695523265,2.560458969109476,global_constant_velocity_baseline,historical_demo_not_real_time
A34A,2005-06-13,3,2005-06-16,-49.161025413871634,-15.219864635148323,7127.0745695523265,11.984682765525426,global_constant_velocity_baseline,historical_demo_not_real_time
A34A,2005-06-13,7,2005-06-20,-48.92988595835415,-15.206099786232265,7127.0745695523265,38.88320587636103,global_constant_velocity_baseline,historical_demo_not_real_time
A35,1998-09-30,1,1998-10-01,-76.23396434711438,-38.978161459486,4256.654520940704,2.560458969109476,global_constant_velocity_baseline,historical_demo_not_real_time
A35,1998-09-30,3,1998-10-03,-76.1711871615417,-39.16697871964266,4256.654520940704,11.984682765525426,global_constant_velocity_baseline,historical_demo_not_real_time
A35,1998-09-30,7,1998-10-07,-76.0452167070609,-39.53945959867881,4256.654520940704,38.88320587636103,global_constant_velocity_baseline,historical_demo_not_real_time
A35A,2000-11-12,1,2000-11-13,-66.30025404434086,-55.90052987000846,37.5597051721859,2.560458969109476,global_constant_velocity_baseline,historical_demo_not_real_time
A35A,2000-11-12,3,2000-11-15,-66.30076212779063,-55.90158964505833,37.5597051721859,11.984682765525426,global_constant_velocity_baseline,historical_demo_not_real_time
A35A,2000-11-12,7,2000-11-19,-66.30177827375877,-55.90370933529809,37.5597051721859,38.88320587636103,global_constant_velocity_baseline,historical_demo_not_real_time
A35B,2000-11-12,1,2000-11-13,-66.3999999999998,-55.4,0.0,2.560458969109476,global_constant_velocity_baseline,historical_demo_not_real_time
A35B,2000-11-12,3,2000-11-15,-66.3999999999998,-55.4,0.0,11.984682765525426,global_constant_velocity_baseline,historical_demo_not_real_time
A35B,2000-11-12,7,2000-11-19,-66.3999999999998,-55.4,0.0,38.88320587636103,global_constant_velocity_baseline,historical_demo_not_real_time
A35C,2000-11-12,1,2000-11-13,-67.59999999999988,-58.1,0.0,2.560458969109476,global_constant_velocity_baseline,historical_demo_not_real_time
A35C,2000-11-12,3,2000-11-15,-67.59999999999988,-58.1,0.0,11.984682765525426,global_constant_velocity_baseline,historical_demo_not_real_time
A35C,2000-11-12,7,2000-11-19,-67.59999999999988,-58.1,0.0,38.88320587636103,global_constant_velocity_baseline,historical_demo_not_real_time
A36,1998-10-09,1,1998-10-10,-68.4948999999999,-59.89410000000001,0.0,2.560458969109476,global_constant_velocity_baseline,historical_demo_not_real_time
A36,1998-10-09,3,1998-10-12,-68.4948999999999,-59.89410000000001,0.0,11.984682765525426,global_constant_velocity_baseline,historical_demo_not_real_time
A36,1998-10-09,7,1998-10-16,-68.4948999999999,-59.89410000000001,0.0,38.88320587636103,global_constant_velocity_baseline,historical_demo_not_real_time
A37,1998-08-02,1,1998-08-03,-69.51442930905834,-60.820058398092876,9619.93213544364,2.560458969109476,global_constant_velocity_baseline,historical_demo_not_real_time
A37,1998-08-02,3,1998-08-05,-69.34334739550656,-60.85966641980242,9619.93213544364,11.984682765525426,global_constant_velocity_baseline,historical_demo_not_real_time
A37,1998-08-02,7,1998-08-09,-69.00142468293839,-60.93690646126192,9619.93213544364,38.88320587636103,global_constant_velocity_baseline,historical_demo_not_real_time
A38A,2004-07-26,1,2004-07-27,-52.055652915085744,-16.430806367543507,63756.135393180324,2.560458969109476,global_constant_velocity_baseline,historical_demo_not_real_time
A38A,2004-07-26,3,2004-07-29,-51.50656651359274,-14.983994790645937,63756.135393180324,11.984682765525426,global_constant_velocity_baseline,historical_demo_not_real_time
A38A,2004-07-26,7,2004-08-02,-50.34889014305214,-12.22362100844812,63756.135393180324,38.88320587636103,global_constant_velocity_baseline,historical_demo_not_real_time
A38B,2004-11-24,1,2004-11-25,-52.72429999999313,-37.68660000000001,0.0,2.560458969109476,global_constant_velocity_baseline,historical_demo_not_real_time
A38B,2004-11-24,3,2004-11-27,-52.72429999999313,-37.68660000000001,0.0,11.984682765525426,global_constant_velocity_baseline,historical_demo_not_real_time
A38B,2004-11-24,7,2004-12-01,-52.72429999999313,-37.68660000000001,0.0,38.88320587636103,global_constant_velocity_baseline,historical_demo_not_real_time
A38C,2004-01-05,1,2004-01-06,-52.05161622234412,-42.50702254964692,66310.86982125755,2.560458969109476,global_constant_velocity_baseline,historical_demo_not_real_time
A38C,2004-01-05,3,2004-01-08,-52.05435564348237,-44.28472950891609,66310.86982125755,11.984682765525426,global_constant_velocity_baseline,historical_demo_not_real_time
A38C,2004-01-05,7,2004-01-12,-51.95798397237415,-47.832439173332816,66310.86982125755,38.88320587636103,global_constant_velocity_baseline,historical_demo_not_real_time
A38D,2004-01-29,1,2004-01-30,-52.07249999999222,-24.699300000000004,0.0,2.560458969109476,global_constant_velocity_baseline,historical_demo_not_real_time
A38D,2004-01-29,3,2004-02-01,-52.07249999999222,-24.699300000000004,0.0,11.984682765525426,global_constant_velocity_baseline,historical_demo_not_real_time
A38D,2004-01-29,7,2004-02-05,-52.07249999999222,-24.699300000000004,0.0,38.88320587636103,global_constant_velocity_baseline,historical_demo_not_real_time
A38E,2004-08-31,1,2004-09-01,-51.01137959262109,-16.959228076350193,14045.528882857003,2.560458969109476,global_constant_velocity_baseline,historical_demo_not_real_time
A38E,2004-08-31,3,2004-09-03,-51.24217695016248,-16.968169539717888,14045.528882857003,11.984682765525426,global_constant_velocity_baseline,historical_demo_not_real_time
A38E,2004-08-31,7,2004-09-07,-51.70472006804208,-16.986401477380817,14045.528882857003,38.88320587636103,global_constant_velocity_baseline,historical_demo_not_real_time
A38F,2004-06-21,1,2004-06-22,-51.469263067229285,-20.77899980022026,18388.21273856282,2.560458969109476,global_constant_velocity_baseline,historical_demo_not_real_time
A38F,2004-06-21,3,2004-06-24,-51.18078305523651,-20.63317097664405,18388.21273856282,11.984682765525426,global_constant_velocity_baseline,historical_demo_not_real_time
A38F,2004-06-21,7,2004-06-28,-50.60463019175877,-20.348410581177266,18388.21273856282,38.88320587636103,global_constant_velocity_baseline,historical_demo_not_real_time
A38G,2002-01-18,1,2002-01-19,-65.30201246101494,-56.154841851264266,10811.203471629446,2.560458969109476,global_constant_velocity_baseline,historical_demo_not_real_time
A38G,2002-01-18,3,2002-01-21,-65.38956760447307,-56.55934759411126,10811.203471629446,11.984682765525426,global_constant_velocity_baseline,historical_demo_not_real_time
A38G,2002-01-18,7,2002-01-25,-65.56114861930101,-57.37721811467972,10811.203471629446,38.88320587636103,global_constant_velocity_baseline,historical_demo_not_real_time
A39,2001-01-01,1,2001-01-02,-65.39599854947835,-59.40396583737192,491.8925741305102,2.560458969109476,global_constant_velocity_baseline,historical_demo_not_real_time
A39,2001-01-01,3,2001-01-04,-65.38799548156152,-59.41189352661459,491.8925741305102,11.984682765525426,global_constant_velocity_baseline,historical_demo_not_real_time
A39,2001-01-01,7,2001-01-08,-65.37198868021026,-59.42773298071389,491.8925741305102,38.88320587636103,global_constant_velocity_baseline,historical_demo_not_real_time
A40,2001-05-06,1,2001-05-07,-77.29998032264173,-48.99075688475621,223.49678963305496,2.560458969109476,global_constant_velocity_baseline,historical_demo_not_real_time
A40,2001-05-06,3,2001-05-09,-77.29993998415561,-48.97227074207804,223.49678963305496,11.984682765525426,global_constant_velocity_baseline,historical_demo_not_real_time
A40,2001-05-06,7,2001-05-13,-77.2998553721507,-48.93529882142593,223.49678963305496,38.88320587636103,global_constant_velocity_baseline,historical_demo_not_real_time
A40A,2001-05-09,1,2001-05-10,-77.36229999999999,-49.0425,0.0,2.560458969109476,global_constant_velocity_baseline,historical_demo_not_real_time
A40A,2001-05-09,3,2001-05-12,-77.36229999999999,-49.0425,0.0,11.984682765525426,global_constant_velocity_baseline,historical_demo_not_real_time
A40A,2001-05-09,7,2001-05-16,-77.36229999999999,-49.0425,0.0,38.88320587636103,global_constant_velocity_baseline,historical_demo_not_real_time
A41,2001-01-02,1,2001-01-03,-66.99999999999986,-59.60000000000001,0.0,2.560458969109476,global_constant_velocity_baseline,historical_demo_not_real_time
A41,2001-01-02,3,2001-01-05,-66.99999999999986,-59.60000000000001,0.0,11.984682765525426,global_constant_velocity_baseline,historical_demo_not_real_time
A41,2001-01-02,7,2001-01-09,-66.99999999999986,-59.60000000000001,0.0,38.88320587636103,global_constant_velocity_baseline,historical_demo_not_real_time
A42,2003-10-24,1,2003-10-25,-77.7738,-48.6283,0.0,2.560458969109476,global_constant_velocity_baseline,historical_demo_not_real_time
A42,2003-10-24,3,2003-10-27,-77.7738,-48.6283,0.0,11.984682765525426,global_constant_velocity_baseline,historical_demo_not_real_time
A42,2003-10-24,7,2003-10-31,-77.7738,-48.6283,0.0,38.88320587636103,global_constant_velocity_baseline,historical_demo_not_real_time
A43A,2005-01-30,1,2005-01-31,-51.9098154006525,-23.689085960145892,19793.096630971875,2.560458969109476,global_constant_velocity_baseline,historical_demo_not_real_time
A43A,2005-01-30,3,2005-02-02,-51.608900845836864,-23.48467366513941,19793.096630971875,11.984682765525426,global_constant_velocity_baseline,historical_demo_not_real_time
A43A,2005-01-30,7,2005-02-06,-51.007347788754075,-23.0860261042546,19793.096630971875,38.88320587636103,global_constant_velocity_baseline,historical_demo_not_real_time
A43B,2004-02-14,1,2004-02-15,-51.43598201372285,-41.549990761724,73589.75979686985,2.560458969109476,global_constant_velocity_baseline,historical_demo_not_real_time
A43B,2004-02-14,3,2004-02-17,-50.268036753428404,-41.06515123994024,73589.75979686985,11.984682765525426,global_constant_velocity_baseline,historical_demo_not_real_time
A43B,2004-02-14,7,2004-02-21,-47.95006316066187,-40.18230583657666,73589.75979686985,38.88320587636103,global_constant_velocity_baseline,historical_demo_not_real_time
A43C,2004-07-02,1,2004-07-03,-54.8352999999955,-21.422900000000002,0.0,2.560458969109476,global_constant_velocity_baseline,historical_demo_not_real_time
A43C,2004-07-02,3,2004-07-05,-54.8352999999955,-21.422900000000002,0.0,11.984682765525426,global_constant_velocity_baseline,historical_demo_not_real_time
A43C,2004-07-02,7,2004-07-09,-54.8352999999955,-21.422900000000002,0.0,38.88320587636103,global_constant_velocity_baseline,historical_demo_not_real_time
A43D,2012-02-05,1,2012-02-06,-66.94449309266604,-59.76348310612235,3304.4864014631985,2.560458969109476,global_constant_velocity_baseline,historical_demo_not_real_time
A43D,2012-02-05,3,2012-02-08,-66.89345869841583,-59.69069762492645,3304.4864014631985,11.984682765525426,global_constant_velocity_baseline,historical_demo_not_real_time
A43D,2012-02-05,7,2012-02-12,-66.79130858091426,-59.54611285521134,3304.4864014631985,38.88320587636103,global_constant_velocity_baseline,historical_demo_not_real_time
A43E,2005-12-18,1,2005-12-19,-53.36614237505741,-28.649793283319838,8199.657356959717,2.560458969109476,global_constant_velocity_baseline,historical_demo_not_real_time
A43E,2005-12-18,3,2005-12-21,-53.258322270170545,-28.510040197909102,8199.657356959717,11.984682765525426,global_constant_velocity_baseline,historical_demo_not_real_time
A43E,2005-12-18,7,2005-12-25,-53.0422710940618,-28.233152317438492,8199.657356959717,38.88320587636103,global_constant_velocity_baseline,historical_demo_not_real_time
A43F,2009-01-21,1,2009-01-22,-50.84414700320235,-25.356889074377648,11831.62512363131,2.560458969109476,global_constant_velocity_baseline,historical_demo_not_real_time
A43F,2009-01-21,3,2009-01-24,-51.00067897648281,-25.538842758810354,11831.62512363131,11.984682765525426,global_constant_velocity_baseline,historical_demo_not_real_time
A43F,2009-01-21,7,2009-01-28,-51.31307319777018,-25.90751102615277,11831.62512363131,38.88320587636103,global_constant_velocity_baseline,historical_demo_not_real_time
A43G,2007-11-25,1,2007-11-26,-63.927430923991565,-52.546250027586446,1569.4790204008734,2.560458969109476,global_constant_velocity_baseline,historical_demo_not_real_time
A43G,2007-11-25,3,2007-11-28,-63.942277524659225,-52.59879649925205,1569.4790204008734,11.984682765525426,global_constant_velocity_baseline,historical_demo_not_real_time
A43G,2007-11-25,7,2007-12-02,-63.97190959125103,-52.70407518146573,1569.4790204008734,38.88320587636103,global_constant_velocity_baseline,historical_demo_not_real_time
A43H,2002-01-13,1,2002-01-14,-67.70815718920322,-55.39879626743639,920.8034808391302,2.560458969109476,global_constant_velocity_baseline,historical_demo_not_real_time
A43H,2002-01-13,3,2002-01-16,-67.72447219978802,-55.39638609212592,920.8034808391302,11.984682765525426,global_constant_velocity_baseline,historical_demo_not_real_time
A43H,2002-01-13,7,2002-01-20,-67.75710474734592,-55.39155487228356,920.8034808391302,38.88320587636103,global_constant_velocity_baseline,historical_demo_not_real_time
A43I,2003-10-19,1,2003-10-20,-53.370387627054065,-40.419516486131485,3822.531463703369,2.560458969109476,global_constant_velocity_baseline,historical_demo_not_real_time
A43I,2003-10-19,3,2003-10-22,-53.31116570656169,-40.45844843705448,3822.531463703369,11.984682765525426,global_constant_velocity_baseline,historical_demo_not_real_time
A43I,2003-10-19,7,2003-10-26,-53.19273358373807,-40.53591056095736,3822.531463703369,38.88320587636103,global_constant_velocity_baseline,historical_demo_not_real_time
A43J,2005-03-22,1,2005-03-23,-53.46935075552176,-44.98579348033124,43734.72145015693,2.560458969109476,global_constant_velocity_baseline,historical_demo_not_real_time
A43J,2005-03-22,3,2005-03-25,-52.94281860804736,-45.82217213210805,43734.72145015693,11.984682765525426,global_constant_velocity_baseline,historical_demo_not_real_time
A43J,2005-03-22,7,2005-03-29,-51.873454955770065,-47.42015246611544,43734.72145015693,38.88320587636103,global_constant_velocity_baseline,historical_demo_not_real_time
A43K,2009-04-05,1,2009-04-06,-51.442566426545675,-10.851768027729399,22911.515086016934,2.560458969109476,global_constant_velocity_baseline,historical_demo_not_real_time
A43K,2009-04-05,3,2009-04-08,-51.232828270564745,-10.351495988963098,22911.515086016934,11.984682765525426,global_constant_velocity_baseline,historical_demo_not_real_time
A43K,2009-04-05,7,2009-04-12,-50.80607401534615,-9.368423955656118,22911.515086016934,38.88320587636103,global_constant_velocity_baseline,historical_demo_not_real_time
A44,2001-11-25,1,2001-11-26,-68.16924251598,-56.66528457747586,7735.680482685971,2.560458969109476,global_constant_velocity_baseline,historical_demo_not_real_time
A44,2001-11-25,3,2001-11-28,-68.10720673889335,-56.994420834716465,7735.680482685971,11.984682765525426,global_constant_velocity_baseline,historical_demo_not_real_time
A44,2001-11-25,7,2001-12-02,-67.98107504259745,-57.64694478842489,7735.680482685971,38.88320587636103,global_constant_velocity_baseline,historical_demo_not_real_time
A45,2002-03-11,1,2002-03-12,-69.20839999999993,-58.5307,0.0,2.560458969109476,global_constant_velocity_baseline,historical_demo_not_real_time
A45,2002-03-11,3,2002-03-14,-69.20839999999993,-58.5307,0.0,11.984682765525426,global_constant_velocity_baseline,historical_demo_not_real_time
A45,2002-03-11,7,2002-03-18,-69.20839999999993,-58.5307,0.0,38.88320587636103,global_constant_velocity_baseline,historical_demo_not_real_time
A46,2003-10-24,1,2003-10-25,-60.58859999999886,-45.7373,0.0,2.560458969109476,global_constant_velocity_baseline,historical_demo_not_real_time
A46,2003-10-24,3,2003-10-27,-60.58859999999886,-45.7373,0.0,11.984682765525426,global_constant_velocity_baseline,historical_demo_not_real_time
A46,2003-10-24,7,2003-10-31,-60.58859999999886,-45.7373,0.0,38.88320587636103,global_constant_velocity_baseline,historical_demo_not_real_time
A47,2003-04-13,1,2003-04-14,-52.28590138149831,-47.613206313325016,1964.7985547651163,2.560458969109476,global_constant_velocity_baseline,historical_demo_not_real_time
A47,2003-04-13,3,2003-04-16,-52.25770199597905,-47.639587169715405,1964.7985547651163,11.984682765525426,global_constant_velocity_baseline,historical_demo_not_real_time
A47,2003-04-13,7,2003-04-20,-52.201294714157434,-47.69222211861116,1964.7985547651163,38.88320587636103,global_constant_velocity_baseline,historical_demo_not_real_time
A48,2004-03-15,1,2004-03-16,-54.63709999999531,-38.2899,0.0,2.560458969109476,global_constant_velocity_baseline,historical_demo_not_real_time
A48,2004-03-15,3,2004-03-18,-54.63709999999531,-38.2899,0.0,11.984682765525426,global_constant_velocity_baseline,historical_demo_not_real_time
A48,2004-03-15,7,2004-03-22,-54.63709999999531,-38.2899,0.0,38.88320587636103,global_constant_velocity_baseline,historical_demo_not_real_time
A49,2003-01-26,1,2003-01-27,-63.08001917881984,-51.9960799889152,2299.4313882178535,2.560458969109476,global_constant_velocity_baseline,historical_demo_not_real_time
A49,2003-01-26,3,2003-01-29,-63.04006199902707,-51.98825802985573,2299.4313882178535,11.984682765525426,global_constant_velocity_baseline,historical_demo_not_real_time
A49,2003-01-26,7,2003-02-02,-62.96016552606933,-51.972685977954505,2299.4313882178535,38.88320587636103,global_constant_velocity_baseline,historical_demo_not_real_time
A50,2003-06-15,1,2003-06-16,-58.98817951010102,-50.62784722490065,7821.302669545232,2.560458969109476,global_constant_velocity_baseline,historical_demo_not_real_time
A50,2003-06-15,3,2003-06-18,-58.964099354427916,-50.88323214169581,7821.302669545232,11.984682765525426,global_constant_velocity_baseline,historical_demo_not_real_time
A50,2003-06-15,7,2003-06-22,-58.91418810938099,-51.39273200660678,7821.302669545232,38.88320587636103,global_constant_velocity_baseline,historical_demo_not_real_time
A52,2006-05-04,1,2006-05-05,-54.68712482859438,-37.15789851543675,9231.107027557862,2.560458969109476,global_constant_velocity_baseline,historical_demo_not_real_time
A52,2006-05-04,3,2006-05-07,-54.66164991029996,-36.89439623149315,9231.107027557862,11.984682765525426,global_constant_velocity_baseline,historical_demo_not_real_time
A52,2006-05-04,7,2006-05-11,-54.60860850708481,-36.368630027299055,9231.107027557862,38.88320587636103,global_constant_velocity_baseline,historical_demo_not_real_time
A53,2005-01-30,1,2005-01-31,-67.21999831267667,-60.425238098012045,208.35182052933072,2.560458969109476,global_constant_velocity_baseline,historical_demo_not_real_time
A53,2005-01-30,3,2005-02-02,-67.21999447785171,-60.41571429637147,208.35182052933072,11.984682765525426,global_constant_velocity_baseline,historical_demo_not_real_time
A53,2005-01-30,7,2005-02-06,-67.21998496748891,-60.39666670427373,208.35182052933072,38.88320587636103,global_constant_velocity_baseline,historical_demo_not_real_time
A53A,2008-04-25,1,2008-04-26,-51.33142309929634,-33.07057348614181,18828.805236521523,2.560458969109476,global_constant_velocity_baseline,historical_demo_not_real_time
A53A,2008-04-25,3,2008-04-28,-51.11445415669418,-32.71871582553993,18828.805236521523,11.984682765525426,global_constant_velocity_baseline,historical_demo_not_real_time
A53A,2008-04-25,7,2008-05-02,-50.67736286475658,-32.02760609225777,18828.805236521523,38.88320587636103,global_constant_velocity_baseline,historical_demo_not_real_time
A53B,2006-10-15,1,2006-10-16,-63.135361631112005,-54.87970204753463,3615.0921875266154,2.560458969109476,global_constant_velocity_baseline,historical_demo_not_real_time
A53B,2006-10-15,3,2006-10-18,-63.13596977977096,-55.01911146026002,3615.0921875266154,11.984682765525426,global_constant_velocity_baseline,historical_demo_not_real_time
A53B,2006-10-15,7,2006-10-22,-63.13672558502991,-55.29794578007518,3615.0921875266154,38.88320587636103,global_constant_velocity_baseline,historical_demo_not_real_time
A54,2006-11-28,1,2006-11-29,-64.12279999999959,-56.2358,0.0,2.560458969109476,global_constant_velocity_baseline,historical_demo_not_real_time
A54,2006-11-28,3,2006-12-01,-64.12279999999959,-56.2358,0.0,11.984682765525426,global_constant_velocity_baseline,historical_demo_not_real_time
A54,2006-11-28,7,2006-12-05,-64.12279999999959,-56.2358,0.0,38.88320587636103,global_constant_velocity_baseline,historical_demo_not_real_time
A54A,2007-02-11,1,2007-02-12,-60.88174603300422,-52.85489860738524,7351.339025662643,2.560458969109476,global_constant_velocity_baseline,historical_demo_not_real_time
A54A,2007-02-11,3,2007-02-14,-60.78508576158656,-53.02381781762424,7351.339025662643,11.984682765525426,global_constant_velocity_baseline,historical_demo_not_real_time
A54A,2007-02-11,7,2007-02-18,-60.59116611232734,-53.3581762536932,7351.339025662643,38.88320587636103,global_constant_velocity_baseline,historical_demo_not_real_time
A54B,2006-08-06,1,2006-08-07,-64.65069999818758,-56.419299960098755,86.772643523899,2.560458969109476,global_constant_velocity_baseline,historical_demo_not_real_time
A54B,2006-08-06,3,2006-08-09,-64.65209998912553,-56.417899760579694,86.772643523899,11.984682765525426,global_constant_velocity_baseline,historical_demo_not_real_time
A54B,2006-08-06,7,2006-08-13,-64.65489994923914,-56.41509888258565,86.772643523899,38.88320587636103,global_constant_velocity_baseline,historical_demo_not_real_time
A55,2009-08-04,1,2009-08-05,-63.58329497054403,-56.50975254282483,2791.5204334934815,2.560458969109476,global_constant_velocity_baseline,historical_demo_not_real_time
A55,2009-08-04,3,2009-08-07,-63.5420698990295,-56.56831565450652,2791.5204334934815,11.984682765525426,global_constant_velocity_baseline,historical_demo_not_real_time
A55,2009-08-04,7,2009-08-11,-63.459560233121756,-56.68487675251481,2791.5204334934815,38.88320587636103,global_constant_velocity_baseline,historical_demo_not_real_time
A56,2016-11-18,1,2016-11-19,-48.8813728079607,-13.147982559949483,20327.305695339022,2.560458969109476,global_constant_velocity_baseline,historical_demo_not_real_time
A56,2016-11-18,3,2016-11-21,-49.211235221288035,-13.143894439224626,20327.305695339022,11.984682765525426,global_constant_velocity_baseline,historical_demo_not_real_time
A56,2016-11-18,7,2016-11-25,-49.87301565302059,-13.13549856120396,20327.305695339022,38.88320587636103,global_constant_velocity_baseline,historical_demo_not_real_time
A57,2016-01-01,1,2016-01-02,-71.74557802359274,-59.634168224241606,35409.663361303166,2.560458969109476,global_constant_velocity_baseline,historical_demo_not_real_time
A57,2016-01-01,3,2016-01-04,-72.16090038305029,-61.18975843252645,35409.663361303166,11.984682765525426,global_constant_velocity_baseline,historical_demo_not_real_time
A57,2016-01-01,7,2016-01-08,-72.95113413653665,-64.52590910172098,35409.663361303166,38.88320587636103,global_constant_velocity_baseline,historical_demo_not_real_time
A57A,2019-07-19,1,2019-07-20,-46.609819175469106,-34.23214666177486,27804.110432937454,2.560458969109476,global_constant_velocity_baseline,historical_demo_not_real_time
A57A,2019-07-19,3,2019-07-22,-46.196431246815294,-34.000106352608896,27804.110432937454,11.984682765525426,global_constant_velocity_baseline,historical_demo_not_real_time
A57A,2019-07-19,7,2019-07-26,-45.3712596805136,-33.550194660887065,27804.110432937454,38.88320587636103,global_constant_velocity_baseline,historical_demo_not_real_time
A57B,2018-11-23,1,2018-11-24,-64.25466264446364,-53.32692752180132,18533.437854106047,2.560458969109476,global_constant_velocity_baseline,historical_demo_not_real_time
A57B,2018-11-23,3,2018-11-26,-64.5739707532185,-53.186298023884504,18533.437854106047,11.984682765525426,global_constant_velocity_baseline,historical_demo_not_real_time
A57B,2018-11-23,7,2018-11-30,-65.21328125360758,-52.89380672281437,18533.437854106047,38.88320587636103,global_constant_velocity_baseline,historical_demo_not_real_time
A58,2008-11-16,1,2008-11-17,-70.03571649994917,-72.67715953241313,1601.7588691480635,2.560458969109476,global_constant_velocity_baseline,historical_demo_not_real_time
A58,2008-11-16,3,2008-11-19,-70.00715116556235,-72.67149101272467,1601.7588691480635,11.984682765525426,global_constant_velocity_baseline,historical_demo_not_real_time
A58,2008-11-16,7,2008-11-23,-69.95002717371439,-72.66020338316245,1601.7588691480635,38.88320587636103,global_constant_velocity_baseline,historical_demo_not_real_time
A59,2011-02-27,1,2011-02-28,-70.74282473219351,-76.01566539791254,4225.561218980897,2.560458969109476,global_constant_velocity_baseline,historical_demo_not_real_time
A59,2011-02-27,3,2011-03-02,-70.7482482518253,-75.7868959701603,4225.561218980897,11.984682765525426,global_constant_velocity_baseline,historical_demo_not_real_time
A59,2011-02-27,7,2011-03-06,-70.75819057481819,-75.3289813865568,4225.561218980897,38.88320587636103,global_constant_velocity_baseline,historical_demo_not_real_time
A60,2010-01-24,1,2010-01-25,-70.26980283661857,-72.97034339880202,25.57774939719541,2.560458969109476,global_constant_velocity_baseline,historical_demo_not_real_time
A60,2010-01-24,3,2010-01-27,-70.26940850811044,-72.97103017542047,25.57774939719541,11.984682765525426,global_constant_velocity_baseline,historical_demo_not_real_time
A60,2010-01-24,7,2010-01-31,-70.26861984411347,-72.97240364472032,25.57774939719541,38.88320587636103,global_constant_velocity_baseline,historical_demo_not_real_time
A61,2018-02-28,1,2018-03-01,-55.2636999999959,-14.9836,0.0,2.560458969109476,global_constant_velocity_baseline,historical_demo_not_real_time
A61,2018-02-28,3,2018-03-03,-55.2636999999959,-14.9836,0.0,11.984682765525426,global_constant_velocity_baseline,historical_demo_not_real_time
A61,2018-02-28,7,2018-03-07,-55.2636999999959,-14.9836,0.0,38.88320587636103,global_constant_velocity_baseline,historical_demo_not_real_time
A62,2013-08-18,1,2013-08-19,-54.126600275535615,-30.928598537922092,1003.2478908378712,2.560458969109476,global_constant_velocity_baseline,historical_demo_not_real_time
A62,2013-08-18,3,2013-08-21,-54.143001652687225,-30.92259122332116,1003.2478908378712,11.984682765525426,global_constant_velocity_baseline,historical_demo_not_real_time
A62,2013-08-18,7,2013-08-25,-54.175807707397055,-30.91055900280294,1003.2478908378712,38.88320587636103,global_constant_velocity_baseline,historical_demo_not_real_time
A62A,2013-08-22,1,2013-08-23,-53.77590257475888,-25.587970424919504,24307.46901799289,2.560458969109476,global_constant_velocity_baseline,historical_demo_not_real_time
A62A,2013-08-22,3,2013-08-25,-53.55395559108116,-25.016708056428815,24307.46901799289,11.984682765525426,global_constant_velocity_baseline,historical_demo_not_real_time
A62A,2013-08-22,7,2013-08-29,-53.100931431927805,-23.896451192516874,24307.46901799289,38.88320587636103,global_constant_velocity_baseline,historical_demo_not_real_time
A63,2021-12-12,1,2021-12-13,-63.29429420325779,-50.84201652194415,19794.947168016435,2.560458969109476,global_constant_velocity_baseline,historical_demo_not_real_time
A63,2021-12-12,3,2021-12-15,-63.63656064711382,-50.95365652807516,19794.947168016435,11.984682765525426,global_constant_velocity_baseline,historical_demo_not_real_time
A63,2021-12-12,7,2021-12-19,-64.32217275507335,-51.18618803783189,19794.947168016435,38.88320587636103,global_constant_velocity_baseline,historical_demo_not_real_time
A64,2022-12-16,1,2022-12-17,-60.006954414083374,-48.16015898162373,5370.278793477812,2.560458969109476,global_constant_velocity_baseline,historical_demo_not_real_time
A64,2022-12-16,3,2022-12-19,-60.06092584908184,-48.01005331679686,5370.278793477812,11.984682765525426,global_constant_velocity_baseline,historical_demo_not_real_time
A64,2022-12-16,7,2022-12-23,-60.168314682675046,-47.70814354301713,5370.278793477812,38.88320587636103,global_constant_velocity_baseline,historical_demo_not_real_time
A65,2016-03-07,1,2016-03-08,-51.84647877617302,-35.28953801169001,3865.2837983851755,2.560458969109476,global_constant_velocity_baseline,historical_demo_not_real_time
A65,2016-03-07,3,2016-03-10,-51.87597251990746,-35.380928028190006,3865.2837983851755,11.984682765525426,global_constant_velocity_baseline,historical_demo_not_real_time
A65,2016-03-07,7,2016-03-14,-51.93470381256575,-35.56416372819289,3865.2837983851755,38.88320587636103,global_constant_velocity_baseline,historical_demo_not_real_time
A66,2017-04-05,1,2017-04-06,-53.15259999999368,-20.247600000000006,0.0,2.560458969109476,global_constant_velocity_baseline,historical_demo_not_real_time
A66,2017-04-05,3,2017-04-08,-53.15259999999368,-20.247600000000006,0.0,11.984682765525426,global_constant_velocity_baseline,historical_demo_not_real_time
A66,2017-04-05,7,2017-04-12,-53.15259999999368,-20.247600000000006,0.0,38.88320587636103,global_constant_velocity_baseline,historical_demo_not_real_time
A67,2016-06-10,1,2016-06-11,-75.31866465084963,-33.32123260802181,11262.831608068851,2.560458969109476,global_constant_velocity_baseline,historical_demo_not_real_time
A67,2016-06-10,3,2016-06-13,-75.12249304408022,-33.10157653347936,11262.831608068851,11.984682765525426,global_constant_velocity_baseline,historical_demo_not_real_time
A67,2016-06-10,7,2016-06-17,-74.72978054139551,-32.67938636160777,11262.831608068851,38.88320587636103,global_constant_velocity_baseline,historical_demo_not_real_time
A68,2017-09-22,1,2017-09-23,-67.75349999999987,-60.721700000000006,0.0,2.560458969109476,global_constant_velocity_baseline,historical_demo_not_real_time
A68,2017-09-22,3,2017-09-25,-67.75349999999987,-60.721700000000006,0.0,11.984682765525426,global_constant_velocity_baseline,historical_demo_not_real_time
A68,2017-09-22,7,2017-09-29,-67.75349999999987,-60.721700000000006,0.0,38.88320587636103,global_constant_velocity_baseline,historical_demo_not_real_time
A68A,2021-04-21,1,2021-04-22,-52.65049999999302,-33.01030000000001,0.0,2.560458969109476,global_constant_velocity_baseline,historical_demo_not_real_time
A68A,2021-04-21,3,2021-04-24,-52.65049999999302,-33.01030000000001,0.0,11.984682765525426,global_constant_velocity_baseline,historical_demo_not_real_time
A68A,2021-04-21,7,2021-04-28,-52.65049999999302,-33.01030000000001,0.0,38.88320587636103,global_constant_velocity_baseline,historical_demo_not_real_time
A68B,2020-09-01,1,2020-09-02,-60.34323068662406,-57.4869406189917,14034.977209377868,2.560458969109476,global_constant_velocity_baseline,historical_demo_not_real_time
A68B,2020-09-01,3,2020-09-04,-60.40927648894654,-57.01656725654787,14034.977209377868,11.984682765525426,global_constant_velocity_baseline,historical_demo_not_real_time
A68B,2020-09-01,7,2020-09-08,-60.53565344865521,-56.06937262792643,14034.977209377868,38.88320587636103,global_constant_velocity_baseline,historical_demo_not_real_time
A68C,2020-12-12,1,2020-12-13,-52.861899999993305,-27.787700000000008,0.0,2.560458969109476,global_constant_velocity_baseline,historical_demo_not_real_time
A68C,2020-12-12,3,2020-12-15,-52.861899999993305,-27.787700000000008,0.0,11.984682765525426,global_constant_velocity_baseline,historical_demo_not_real_time
A68C,2020-12-12,7,2020-12-19,-52.861899999993305,-27.787700000000008,0.0,38.88320587636103,global_constant_velocity_baseline,historical_demo_not_real_time
A68D,2021-01-29,1,2021-01-30,-55.1680759164376,-34.74272282535347,15341.79748241727,2.560458969109476,global_constant_velocity_baseline,historical_demo_not_real_time
A68D,2021-01-29,3,2021-02-01,-55.02326646994383,-34.370631247570046,15341.79748241727,11.984682765525426,global_constant_velocity_baseline,historical_demo_not_real_time
A68D,2021-01-29,7,2021-02-05,-54.729878711211356,-33.636256111809196,15341.79748241727,38.88320587636103,global_constant_velocity_baseline,historical_demo_not_real_time
A68E,2021-03-01,1,2021-03-02,-53.19058740759758,-40.059021175291385,12682.099698368793,2.560458969109476,global_constant_velocity_baseline,historical_demo_not_real_time
A68E,2021-03-01,3,2021-03-04,-53.15382679912207,-40.404715553078,12682.099698368793,11.984682765525426,global_constant_velocity_baseline,historical_demo_not_real_time
A68E,2021-03-01,7,2021-03-08,-53.07658086578556,-41.09383301999895,12682.099698368793,38.88320587636103,global_constant_velocity_baseline,historical_demo_not_real_time
A68F,2020-12-31,1,2021-01-01,-56.489999999996876,-35.0,0.0,2.560458969109476,global_constant_velocity_baseline,historical_demo_not_real_time
A68F,2020-12-31,3,2021-01-03,-56.489999999996876,-35.0,0.0,11.984682765525426,global_constant_velocity_baseline,historical_demo_not_real_time
A68F,2020-12-31,7,2021-01-07,-56.489999999996876,-35.0,0.0,38.88320587636103,global_constant_velocity_baseline,historical_demo_not_real_time
A68G,2021-03-12,1,2021-03-13,-55.40562719902195,-35.70424308944901,11214.91097591598,2.560458969109476,global_constant_velocity_baseline,historical_demo_not_real_time
A68G,2021-03-12,3,2021-03-15,-55.396063716593254,-35.3728695587904,11214.91097591598,11.984682765525426,global_constant_velocity_baseline,historical_demo_not_real_time
A68G,2021-03-12,7,2021-03-19,-55.37366933122182,-34.71076054156627,11214.91097591598,38.88320587636103,global_constant_velocity_baseline,historical_demo_not_real_time
A68H,2021-03-13,1,2021-03-14,-52.97999999999346,-36.4,0.0,2.560458969109476,global_constant_velocity_baseline,historical_demo_not_real_time
A68H,2021-03-13,3,2021-03-16,-52.97999999999346,-36.4,0.0,11.984682765525426,global_constant_velocity_baseline,historical_demo_not_real_time
A68H,2021-03-13,7,2021-03-20,-52.97999999999346,-36.4,0.0,38.88320587636103,global_constant_velocity_baseline,historical_demo_not_real_time
A68I,2021-02-26,1,2021-02-27,-52.76034009826098,-34.36193473810213,19641.932001588655,2.560458969109476,global_constant_velocity_baseline,historical_demo_not_real_time
A68I,2021-02-26,3,2021-03-01,-52.77873739434049,-33.82535484090107,19641.932001588655,11.984682765525426,global_constant_velocity_baseline,historical_demo_not_real_time
A68I,2021-02-26,7,2021-03-05,-52.80638133863593,-32.75072452420318,19641.932001588655,38.88320587636103,global_constant_velocity_baseline,historical_demo_not_real_time
A68J,2021-03-13,1,2021-03-14,-53.73798400750257,-36.04123344915048,3339.341281408725,2.560458969109476,global_constant_velocity_baseline,historical_demo_not_real_time
A68J,2021-03-13,3,2021-03-16,-53.76590394362231,-36.12260069648981,3339.341281408725,11.984682765525426,global_constant_velocity_baseline,historical_demo_not_real_time
A68J,2021-03-13,7,2021-03-20,-53.82155078984711,-36.28573659089564,3339.341281408725,38.88320587636103,global_constant_velocity_baseline,historical_demo_not_real_time
A68K,2021-02-19,1,2021-02-20,-55.29516808045985,-34.04741012409423,32657.735035959635,2.560458969109476,global_constant_velocity_baseline,historical_demo_not_real_time
A68K,2021-02-19,3,2021-02-22,-54.9419144230242,-33.31412932401327,32657.735035959635,11.984682765525426,global_constant_velocity_baseline,historical_demo_not_real_time
A68K,2021-02-19,7,2021-02-26,-54.221770891610944,-31.89421166584645,32657.735035959635,38.88320587636103,global_constant_velocity_baseline,historical_demo_not_real_time
A68L,2021-02-13,1,2021-02-14,-56.945983809219555,-33.246262167448435,10278.532633327382,2.560458969109476,global_constant_velocity_baseline,historical_demo_not_real_time
A68L,2021-02-13,3,2021-02-16,-56.89110550714966,-32.94357876593091,10278.532633327382,11.984682765525426,global_constant_velocity_baseline,historical_demo_not_real_time
A68L,2021-02-13,7,2021-02-20,-56.778783955941925,-32.341420239928475,10278.532633327382,38.88320587636103,global_constant_velocity_baseline,historical_demo_not_real_time
A68M,2021-03-12,1,2021-03-13,-56.51118934608226,-36.17469765074769,13270.734197093569,2.560458969109476,global_constant_velocity_baseline,historical_demo_not_real_time
A68M,2021-03-12,3,2021-03-15,-56.33324223306528,-36.42200472902747,13270.734197093569,11.984682765525426,global_constant_velocity_baseline,historical_demo_not_real_time
A68M,2021-03-12,7,2021-03-19,-55.97608713979736,-36.908396277755955,13270.734197093569,38.88320587636103,global_constant_velocity_baseline,historical_demo_not_real_time
A68N,2021-02-26,1,2021-02-27,-55.76714851649875,-34.168325947747086,21183.37885483704,2.560458969109476,global_constant_velocity_baseline,historical_demo_not_real_time
A68N,2021-02-26,3,2021-03-01,-55.698604821657305,-33.546921502717844,21183.37885483704,11.984682765525426,global_constant_velocity_baseline,historical_demo_not_real_time
A68N,2021-02-26,7,2021-03-05,-55.550255267368215,-32.31233545023555,21183.37885483704,38.88320587636103,global_constant_velocity_baseline,historical_demo_not_real_time
A68O,2021-02-19,1,2021-02-20,-55.895631192202025,-35.074429539763265,6384.862880539503,2.560458969109476,global_constant_velocity_baseline,historical_demo_not_real_time
A68O,2021-02-19,3,2021-02-22,-55.846687920517944,-34.90367758551939,6384.862880539503,11.984682765525426,global_constant_velocity_baseline,historical_demo_not_real_time
A68O,2021-02-19,7,2021-02-26,-55.747984124051506,-34.563731827288926,6384.862880539503,38.88320587636103,global_constant_velocity_baseline,historical_demo_not_real_time
A68P,2021-02-26,1,2021-02-27,-55.57269063441598,-34.60476787342579,18890.93261200456,2.560458969109476,global_constant_velocity_baseline,historical_demo_not_real_time
A68P,2021-02-26,3,2021-03-01,-55.39656472740441,-34.13809788870148,18890.93261200456,11.984682765525426,global_constant_velocity_baseline,historical_demo_not_real_time
A68P,2021-02-26,7,2021-03-05,-55.03842944629336,-33.21986166968056,18890.93261200456,38.88320587636103,global_constant_velocity_baseline,historical_demo_not_real_time
A69,2020-08-03,1,2020-08-04,-68.98999999999992,-60.8,0.0,2.560458969109476,global_constant_velocity_baseline,historical_demo_not_real_time
A69,2020-08-03,3,2020-08-06,-68.98999999999992,-60.8,0.0,11.984682765525426,global_constant_velocity_baseline,historical_demo_not_real_time
A69,2020-08-03,7,2020-08-10,-68.98999999999992,-60.8,0.0,38.88320587636103,global_constant_velocity_baseline,historical_demo_not_real_time
A69A,2023-01-13,1,2023-01-14,-60.061499999998695,-48.2336,0.0,2.560458969109476,global_constant_velocity_baseline,historical_demo_not_real_time
A69A,2023-01-13,3,2023-01-16,-60.061499999998695,-48.2336,0.0,11.984682765525426,global_constant_velocity_baseline,historical_demo_not_real_time
A69A,2023-01-13,7,2023-01-20,-60.061499999998695,-48.2336,0.0,38.88320587636103,global_constant_velocity_baseline,historical_demo_not_real_time
A69B,2022-09-10,1,2022-09-11,-59.01361824483022,-52.99702779101665,7381.237704895416,2.560458969109476,global_constant_velocity_baseline,historical_demo_not_real_time
A69B,2022-09-10,3,2022-09-13,-58.88730959767252,-52.98416603685761,7381.237704895416,11.984682765525426,global_constant_velocity_baseline,historical_demo_not_real_time
A69B,2022-09-10,7,2022-09-17,-58.634912652313,-52.95876830275345,7381.237704895416,38.88320587636103,global_constant_velocity_baseline,historical_demo_not_real_time
A69C,2022-09-21,1,2022-09-22,-58.42649066567905,-49.00191104127021,22778.716457748193,2.560458969109476,global_constant_velocity_baseline,historical_demo_not_real_time
A69C,2022-09-21,3,2022-09-24,-58.34666528074713,-48.276369454590785,22778.716457748193,11.984682765525426,global_constant_velocity_baseline,historical_demo_not_real_time
A69C,2022-09-21,7,2022-09-28,-58.17274438435765,-46.837329280197565,22778.716457748193,38.88320587636103,global_constant_velocity_baseline,historical_demo_not_real_time
A70,2023-07-05,1,2023-07-06,-60.47278264702241,-52.14145368834681,27778.534300440377,2.560458969109476,global_constant_velocity_baseline,historical_demo_not_real_time
A70,2023-07-05,3,2023-07-08,-60.859527817709676,-51.56295790013755,27778.534300440377,11.984682765525426,global_constant_velocity_baseline,historical_demo_not_real_time
A70,2023-07-05,7,2023-07-12,-61.626039860817144,-50.35684575753243,27778.534300440377,38.88320587636103,global_constant_velocity_baseline,historical_demo_not_real_time
A71,2021-06-17,1,2021-06-18,-68.68497392512253,-60.294273699682364,10417.114192990268,2.560458969109476,global_constant_velocity_baseline,historical_demo_not_real_time
A71,2021-06-17,3,2021-06-20,-68.8339366938967,-60.599080202804686,10417.114192990268,11.984682765525426,global_constant_velocity_baseline,historical_demo_not_real_time
A71,2021-06-17,7,2021-06-24,-69.1302727731314,-61.221999898213554,10417.114192990268,38.88320587636103,global_constant_velocity_baseline,historical_demo_not_real_time
A72,2021-02-27,1,2021-02-28,-69.27272475798499,-60.91424884918049,7856.8773894207125,2.560458969109476,global_constant_velocity_baseline,historical_demo_not_real_time
A72,2021-02-27,3,2021-03-02,-69.38514542773214,-61.15111082827146,7856.8773894207125,11.984682765525426,global_constant_velocity_baseline,historical_demo_not_real_time
A72,2021-02-27,7,2021-03-06,-69.60904914193854,-61.63281756117345,7856.8773894207125,38.88320587636103,global_constant_velocity_baseline,historical_demo_not_real_time
A73,2021-03-06,1,2021-03-07,-68.70999999999992,-59.99000000000001,0.0,2.560458969109476,global_constant_velocity_baseline,historical_demo_not_real_time
A73,2021-03-06,3,2021-03-09,-68.70999999999992,-59.99000000000001,0.0,11.984682765525426,global_constant_velocity_baseline,historical_demo_not_real_time
A73,2021-03-06,7,2021-03-13,-68.70999999999992,-59.99000000000001,0.0,38.88320587636103,global_constant_velocity_baseline,historical_demo_not_real_time
A74,2022-05-27,1,2022-05-28,-76.88978422693356,-45.435973304554004,2401.9945601975173,2.560458969109476,global_constant_velocity_baseline,historical_demo_not_real_time
A74,2022-05-27,3,2022-05-30,-76.90926521780902,-45.608307748791404,2401.9945601975173,11.984682765525426,global_constant_velocity_baseline,historical_demo_not_real_time
A74,2022-05-27,7,2022-06-03,-76.9478754472199,-45.95452514654812,2401.9945601975173,38.88320587636103,global_constant_velocity_baseline,historical_demo_not_real_time
A74A,2026-04-03,1,2026-04-04,-58.14728357129037,-18.833186684964485,3331.632828164847,2.560458969109476,global_constant_velocity_baseline,historical_demo_not_real_time
A74A,2026-04-03,3,2026-04-06,-58.20225634201714,-18.860835238567944,3331.632828164847,11.984682765525426,global_constant_velocity_baseline,historical_demo_not_real_time
A74A,2026-04-03,7,2026-04-10,-58.312224174813245,-18.916434955197815,3331.632828164847,38.88320587636103,global_constant_velocity_baseline,historical_demo_not_real_time
A74B,2023-08-25,1,2023-08-26,-70.58999999999996,-55.13999999999999,0.0,2.560458969109476,global_constant_velocity_baseline,historical_demo_not_real_time
A74B,2023-08-25,3,2023-08-28,-70.58999999999996,-55.13999999999999,0.0,11.984682765525426,global_constant_velocity_baseline,historical_demo_not_real_time
A74B,2023-08-25,7,2023-09-01,-70.58999999999996,-55.13999999999999,0.0,38.88320587636103,global_constant_velocity_baseline,historical_demo_not_real_time
A75,2021-06-21,1,2021-06-22,-70.42159999999996,-60.1502,0.0,2.560458969109476,global_constant_velocity_baseline,historical_demo_not_real_time
A75,2021-06-21,3,2021-06-24,-70.42159999999996,-60.1502,0.0,11.984682765525426,global_constant_velocity_baseline,historical_demo_not_real_time
A75,2021-06-21,7,2021-06-28,-70.42159999999996,-60.1502,0.0,38.88320587636103,global_constant_velocity_baseline,historical_demo_not_real_time
A76,2021-05-23,1,2021-05-24,-75.16459999999998,-59.05310000000001,0.0,2.560458969109476,global_constant_velocity_baseline,historical_demo_not_real_time
A76,2021-05-23,3,2021-05-26,-75.16459999999998,-59.05310000000001,0.0,11.984682765525426,global_constant_velocity_baseline,historical_demo_not_real_time
A76,2021-05-23,7,2021-05-30,-75.16459999999998,-59.05310000000001,0.0,38.88320587636103,global_constant_velocity_baseline,historical_demo_not_real_time
A76A,2023-08-25,1,2023-08-26,-51.64999999999158,-37.71999999999999,0.0,2.560458969109476,global_constant_velocity_baseline,historical_demo_not_real_time
A76A,2023-08-25,3,2023-08-28,-51.64999999999158,-37.71999999999999,0.0,11.984682765525426,global_constant_velocity_baseline,historical_demo_not_real_time
A76A,2023-08-25,7,2023-09-01,-51.64999999999158,-37.71999999999999,0.0,38.88320587636103,global_constant_velocity_baseline,historical_demo_not_real_time
A76B,2023-08-25,1,2023-08-26,-65.56999999999974,-59.41,0.0,2.560458969109476,global_constant_velocity_baseline,historical_demo_not_real_time
A76B,2023-08-25,3,2023-08-28,-65.56999999999974,-59.41,0.0,11.984682765525426,global_constant_velocity_baseline,historical_demo_not_real_time
A76B,2023-08-25,7,2023-09-01,-65.56999999999974,-59.41,0.0,38.88320587636103,global_constant_velocity_baseline,historical_demo_not_real_time
A76C,2026-04-22,1,2026-04-23,-58.55266408604985,-36.43743436513447,19658.196796338678,2.560458969109476,global_constant_velocity_baseline,historical_demo_not_real_time
A76C,2026-04-22,3,2026-04-25,-58.343012805309435,-36.938440352959304,19658.196796338678,11.984682765525426,global_constant_velocity_baseline,historical_demo_not_real_time
A76C,2026-04-22,7,2026-04-29,-57.917587411882934,-37.919648648713114,19658.196796338678,38.88320587636103,global_constant_velocity_baseline,historical_demo_not_real_time
A76D,2023-08-25,1,2023-08-26,-52.86999999999331,-37.02,0.0,2.560458969109476,global_constant_velocity_baseline,historical_demo_not_real_time
A76D,2023-08-25,3,2023-08-28,-52.86999999999331,-37.02,0.0,11.984682765525426,global_constant_velocity_baseline,historical_demo_not_real_time
A76D,2023-08-25,7,2023-09-01,-52.86999999999331,-37.02,0.0,38.88320587636103,global_constant_velocity_baseline,historical_demo_not_real_time
A76E,2023-08-18,1,2023-08-19,-51.18999999999084,-40.76,0.0,2.560458969109476,global_constant_velocity_baseline,historical_demo_not_real_time
A76E,2023-08-18,3,2023-08-21,-51.18999999999084,-40.76,0.0,11.984682765525426,global_constant_velocity_baseline,historical_demo_not_real_time
A76E,2023-08-18,7,2023-08-25,-51.18999999999084,-40.76,0.0,38.88320587636103,global_constant_velocity_baseline,historical_demo_not_real_time
A76F,2023-08-25,1,2023-08-26,-50.759343475698024,-37.00798972745646,50471.71591962267,2.560458969109476,global_constant_velocity_baseline,historical_demo_not_real_time
A76F,2023-08-25,3,2023-08-28,-49.940834114444904,-37.17814149196532,50471.71591962267,11.984682765525426,global_constant_velocity_baseline,historical_demo_not_real_time
A76F,2023-08-25,7,2023-09-01,-48.31530035366059,-37.496850188689265,50471.71591962267,38.88320587636103,global_constant_velocity_baseline,historical_demo_not_real_time
A76G,2023-08-25,1,2023-08-26,-54.24999999999491,-40.49000000000001,0.0,2.560458969109476,global_constant_velocity_baseline,historical_demo_not_real_time
A76G,2023-08-25,3,2023-08-28,-54.24999999999491,-40.49000000000001,0.0,11.984682765525426,global_constant_velocity_baseline,historical_demo_not_real_time
A76G,2023-08-25,7,2023-09-01,-54.24999999999491,-40.49000000000001,0.0,38.88320587636103,global_constant_velocity_baseline,historical_demo_not_real_time
A76H,2023-08-25,1,2023-08-26,-52.83999999999328,-38.20000000000001,0.0,2.560458969109476,global_constant_velocity_baseline,historical_demo_not_real_time
A76H,2023-08-25,3,2023-08-28,-52.83999999999328,-38.20000000000001,0.0,11.984682765525426,global_constant_velocity_baseline,historical_demo_not_real_time
A76H,2023-08-25,7,2023-09-01,-52.83999999999328,-38.20000000000001,0.0,38.88320587636103,global_constant_velocity_baseline,historical_demo_not_real_time
A76I,2023-05-28,1,2023-05-29,-53.952199999994605,-42.3233,0.0,2.560458969109476,global_constant_velocity_baseline,historical_demo_not_real_time
A76I,2023-05-28,3,2023-05-31,-53.952199999994605,-42.3233,0.0,11.984682765525426,global_constant_velocity_baseline,historical_demo_not_real_time
A76I,2023-05-28,7,2023-06-04,-53.952199999994605,-42.3233,0.0,38.88320587636103,global_constant_velocity_baseline,historical_demo_not_real_time
A76J,2023-08-25,1,2023-08-26,-51.399999999991195,-39.39,0.0,2.560458969109476,global_constant_velocity_baseline,historical_demo_not_real_time
A76J,2023-08-25,3,2023-08-28,-51.399999999991195,-39.39,0.0,11.984682765525426,global_constant_velocity_baseline,historical_demo_not_real_time
A76J,2023-08-25,7,2023-09-01,-51.399999999991195,-39.39,0.0,38.88320587636103,global_constant_velocity_baseline,historical_demo_not_real_time
A76K,2023-08-25,1,2023-08-26,-54.60999999999529,-38.72999999999999,0.0,2.560458969109476,global_constant_velocity_baseline,historical_demo_not_real_time
A76K,2023-08-25,3,2023-08-28,-54.60999999999529,-38.72999999999999,0.0,11.984682765525426,global_constant_velocity_baseline,historical_demo_not_real_time
A76K,2023-08-25,7,2023-09-01,-54.60999999999529,-38.72999999999999,0.0,38.88320587636103,global_constant_velocity_baseline,historical_demo_not_real_time
A76L,2023-08-25,1,2023-08-26,-51.749999999991736,-38.48,0.0,2.560458969109476,global_constant_velocity_baseline,historical_demo_not_real_time
A76L,2023-08-25,3,2023-08-28,-51.749999999991736,-38.48,0.0,11.984682765525426,global_constant_velocity_baseline,historical_demo_not_real_time
A76L,2023-08-25,7,2023-09-01,-51.749999999991736,-38.48,0.0,38.88320587636103,global_constant_velocity_baseline,historical_demo_not_real_time
A76M,2023-08-04,1,2023-08-05,-52.24083727968039,-38.035347821618835,31076.793082875552,2.560458969109476,global_constant_velocity_baseline,historical_demo_not_real_time
A76M,2023-08-04,3,2023-08-07,-51.74324526622781,-37.83042791585352,31076.793082875552,11.984682765525426,global_constant_velocity_baseline,historical_demo_not_real_time
A76M,2023-08-04,7,2023-08-11,-50.751116757971374,-37.43730876184795,31076.793082875552,38.88320587636103,global_constant_velocity_baseline,historical_demo_not_real_time
A77,2025-12-18,1,2025-12-19,-49.15193040596657,-39.94038923082536,31381.951603469588,2.560458969109476,global_constant_velocity_baseline,historical_demo_not_real_time
A77,2025-12-18,3,2025-12-21,-48.67620823439052,-39.666407626138344,31381.951603469588,11.984682765525426,global_constant_velocity_baseline,historical_demo_not_real_time
A77,2025-12-18,7,2025-12-25,-47.72660518045213,-39.13854923726241,31381.951603469588,38.88320587636103,global_constant_velocity_baseline,historical_demo_not_real_time
A78,2023-08-25,1,2023-08-26,-63.34999999999948,-39.050000000000004,0.0,2.560458969109476,global_constant_velocity_baseline,historical_demo_not_real_time
A78,2023-08-25,3,2023-08-28,-63.34999999999948,-39.050000000000004,0.0,11.984682765525426,global_constant_velocity_baseline,historical_demo_not_real_time
A78,2023-08-25,7,2023-09-01,-63.34999999999948,-39.050000000000004,0.0,38.88320587636103,global_constant_velocity_baseline,historical_demo_not_real_time
A79,2022-06-09,1,2022-06-10,-71.08999999999997,-60.49,0.0,2.560458969109476,global_constant_velocity_baseline,historical_demo_not_real_time
A79,2022-06-09,3,2022-06-12,-71.08999999999997,-60.49,0.0,11.984682765525426,global_constant_velocity_baseline,historical_demo_not_real_time
A79,2022-06-09,7,2022-06-16,-71.08999999999997,-60.49,0.0,38.88320587636103,global_constant_velocity_baseline,historical_demo_not_real_time
A80A,2025-09-03,1,2025-09-04,-61.39729770540476,-54.17530193499508,937.1164314781728,2.560458969109476,global_constant_velocity_baseline,historical_demo_not_real_time
A80A,2025-09-03,3,2025-09-06,-61.394086234239694,-54.14211161975681,937.1164314781728,11.984682765525426,global_constant_velocity_baseline,historical_demo_not_real_time
A80A,2025-09-03,7,2025-09-10,-61.387635776679744,-54.07575431676578,937.1164314781728,38.88320587636103,global_constant_velocity_baseline,historical_demo_not_real_time
A80B,2023-01-06,1,2023-01-07,-71.77270367436752,-59.178217547577134,4934.827638503891,2.560458969109476,global_constant_velocity_baseline,historical_demo_not_real_time
A80B,2023-01-06,3,2023-01-09,-71.8607219515088,-59.14420285738744,4934.827638503891,11.984682765525426,global_constant_velocity_baseline,historical_demo_not_real_time
A80B,2023-01-06,7,2023-01-13,-72.03680154952721,-59.07515700381954,4934.827638503891,38.88320587636103,global_constant_velocity_baseline,historical_demo_not_real_time
A80C,2022-12-30,1,2022-12-31,-71.51999999999997,-60.34000000000001,0.0,2.560458969109476,global_constant_velocity_baseline,historical_demo_not_real_time
A80C,2022-12-30,3,2023-01-02,-71.51999999999997,-60.34000000000001,0.0,11.984682765525426,global_constant_velocity_baseline,historical_demo_not_real_time
A80C,2022-12-30,7,2023-01-06,-71.51999999999997,-60.34000000000001,0.0,38.88320587636103,global_constant_velocity_baseline,historical_demo_not_real_time
A80D,2023-08-25,1,2023-08-26,-66.62999999999982,-58.11,0.0,2.560458969109476,global_constant_velocity_baseline,historical_demo_not_real_time
A80D,2023-08-25,3,2023-08-28,-66.62999999999982,-58.11,0.0,11.984682765525426,global_constant_velocity_baseline,historical_demo_not_real_time
A80D,2023-08-25,7,2023-09-01,-66.62999999999982,-58.11,0.0,38.88320587636103,global_constant_velocity_baseline,historical_demo_not_real_time
A81,2026-04-22,1,2026-04-23,-64.66375123072892,-56.218658964919435,4841.169102494486,2.560458969109476,global_constant_velocity_baseline,historical_demo_not_real_time
A81,2026-04-22,3,2026-04-25,-64.61630803286656,-56.05425331504194,4841.169102494486,11.984682765525426,global_constant_velocity_baseline,historical_demo_not_real_time
A81,2026-04-22,7,2026-04-29,-64.52084352494848,-55.727344254962624,4841.169102494486,38.88320587636103,global_constant_velocity_baseline,historical_demo_not_real_time
A82,2026-04-22,1,2026-04-23,-68.82589999999993,-90.623,0.0,2.560458969109476,global_constant_velocity_baseline,historical_demo_not_real_time
A82,2026-04-22,3,2026-04-25,-68.82589999999993,-90.623,0.0,11.984682765525426,global_constant_velocity_baseline,historical_demo_not_real_time
A82,2026-04-22,7,2026-04-29,-68.82589999999993,-90.623,0.0,38.88320587636103,global_constant_velocity_baseline,historical_demo_not_real_time
A83,2026-04-22,1,2026-04-23,-66.99589260794505,-53.0693189489857,1636.34147249048,2.560458969109476,global_constant_velocity_baseline,historical_demo_not_real_time
A83,2026-04-22,3,2026-04-25,-67.0086556197712,-53.13581366935831,1636.34147249048,11.984682765525426,global_constant_velocity_baseline,historical_demo_not_real_time
A83,2026-04-22,7,2026-04-29,-67.03409263189822,-53.269030224564425,1636.34147249048,38.88320587636103,global_constant_velocity_baseline,historical_demo_not_real_time
A84,2026-04-22,1,2026-04-23,-73.39324424563162,-106.77542473911375,8563.274118243979,2.560458969109476,global_constant_velocity_baseline,historical_demo_not_real_time
A84,2026-04-22,3,2026-04-25,-73.27787270109097,-107.13328753711619,8563.274118243979,11.984682765525426,global_constant_velocity_baseline,historical_demo_not_real_time
A84,2026-04-22,7,2026-04-29,-73.04533897654208,-107.8341379712402,8563.274118243979,38.88320587636103,global_constant_velocity_baseline,historical_demo_not_real_time
A85,2026-04-22,1,2026-04-23,-68.08400284741977,-57.73861330783577,3416.973831537145,2.560458969109476,global_constant_velocity_baseline,historical_demo_not_real_time
A85,2026-04-22,3,2026-04-25,-68.1446170671923,-57.74808007348243,3416.973831537145,11.984682765525426,global_constant_velocity_baseline,historical_demo_not_real_time
A85,2026-04-22,7,2026-04-29,-68.2658794848511,-57.76717580801766,3416.973831537145,38.88320587636103,global_constant_velocity_baseline,historical_demo_not_real_time
B01,1986-02-02,1,1986-02-03,-59.78775477216467,-46.97013062899079,2256.0272448097403,2.560458969109476,global_constant_velocity_baseline,historical_demo_not_real_time
B01,1986-02-02,3,1986-02-05,-59.763242848916676,-46.91046784743478,2256.0272448097403,11.984682765525426,global_constant_velocity_baseline,historical_demo_not_real_time
B01,1986-02-02,7,1986-02-09,-59.71413345374056,-46.79144567658917,2256.0272448097403,38.88320587636103,global_constant_velocity_baseline,historical_demo_not_real_time
B02,1985-12-29,1,1985-12-30,-61.95616338355506,-163.1223889954427,6570.02718277832,2.560458969109476,global_constant_velocity_baseline,historical_demo_not_real_time
B02,1985-12-29,3,1986-01-01,-61.86836668073437,-162.96792184350466,6570.02718277832,11.984682765525426,global_constant_velocity_baseline,historical_demo_not_real_time
B02,1985-12-29,7,1986-01-05,-61.69228711911932,-162.66198062228545,6570.02718277832,38.88320587636103,global_constant_velocity_baseline,historical_demo_not_real_time
B03,1983-09-11,1,1983-09-12,-68.83119916161843,-177.90662684869656,8851.378380911276,2.560458969109476,global_constant_velocity_baseline,historical_demo_not_real_time
B03,1983-09-11,3,1983-09-14,-68.69342916940661,-178.11776750773916,8851.378380911276,11.984682765525426,global_constant_velocity_baseline,historical_demo_not_real_time
B03,1983-09-11,7,1983-09-18,-68.41723788479453,-178.53177030671822,8851.378380911276,38.88320587636103,global_constant_velocity_baseline,historical_demo_not_real_time
B04,1985-02-24,1,1985-02-25,-60.381536260917365,-37.72988981692662,4557.266240761449,2.560458969109476,global_constant_velocity_baseline,historical_demo_not_real_time
B04,1985-02-24,3,1985-02-27,-60.344486201403065,-37.58994344336747,4557.266240761449,11.984682765525426,global_constant_velocity_baseline,historical_demo_not_real_time
B04,1985-02-24,7,1985-03-03,-60.26989839230643,-37.311147477649094,4557.266240761449,38.88320587636103,global_constant_velocity_baseline,historical_demo_not_real_time
B05,1987-12-06,1,1987-12-07,-72.08808746922719,-112.51407352744522,1409.98955695769,2.560458969109476,global_constant_velocity_baseline,historical_demo_not_real_time
B05,1987-12-06,3,1987-12-09,-72.06426034928408,-112.54216360845832,1409.98955695769,11.984682765525426,global_constant_velocity_baseline,historical_demo_not_real_time
B05,1987-12-06,7,1987-12-13,-72.01659794510694,-112.59811690158301,1409.98955695769,38.88320587636103,global_constant_velocity_baseline,historical_demo_not_real_time
B05A,1990-09-16,1,1990-09-17,-72.6,-117.8,0.0,2.560458969109476,global_constant_velocity_baseline,historical_demo_not_real_time
B05A,1990-09-16,3,1990-09-19,-72.6,-117.8,0.0,11.984682765525426,global_constant_velocity_baseline,historical_demo_not_real_time
B05A,1990-09-16,7,1990-09-23,-72.6,-117.8,0.0,38.88320587636103,global_constant_velocity_baseline,historical_demo_not_real_time
B06,1991-06-23,1,1991-06-24,-63.391082547189974,-146.24475415167876,3014.5288576908347,2.560458969109476,global_constant_velocity_baseline,historical_demo_not_real_time
B06,1991-06-23,3,1991-06-26,-63.37317699659507,-146.13437765721042,3014.5288576908347,11.984682765525426,global_constant_velocity_baseline,historical_demo_not_real_time
B06,1991-06-23,7,1991-06-30,-63.33708408790809,-145.9140872118646,3014.5288576908347,38.88320587636103,global_constant_velocity_baseline,historical_demo_not_real_time
B07,1989-01-08,1,1989-01-09,-73.69447974451136,-121.1182297844396,3729.5021485965253,2.560458969109476,global_constant_velocity_baseline,historical_demo_not_real_time
B07,1989-01-08,3,1989-01-11,-73.68323407448901,-121.35444370654368,3729.5021485965253,11.984682765525426,global_constant_velocity_baseline,historical_demo_not_real_time
B07,1989-01-08,7,1989-01-15,-73.6599242003873,-121.82586336638927,3729.5021485965253,38.88320587636103,global_constant_velocity_baseline,historical_demo_not_real_time
B07A,1991-11-10,1,1991-11-11,-75.6,-161.8,0.0,2.560458969109476,global_constant_velocity_baseline,historical_demo_not_real_time
B07A,1991-11-10,3,1991-11-13,-75.6,-161.8,0.0,11.984682765525426,global_constant_velocity_baseline,historical_demo_not_real_time
B07A,1991-11-10,7,1991-11-17,-75.6,-161.8,0.0,38.88320587636103,global_constant_velocity_baseline,historical_demo_not_real_time
B07B,1992-02-20,1,1992-02-21,-70.07786585880235,-175.5338796401968,7869.72065922546,2.560458969109476,global_constant_velocity_baseline,historical_demo_not_real_time
B07B,1992-02-20,3,1992-02-23,-70.11429231668782,-175.93276292702313,7869.72065922546,11.984682765525426,global_constant_velocity_baseline,historical_demo_not_real_time
B07B,1992-02-20,7,1992-02-27,-70.18430470708543,-176.73491831523782,7869.72065922546,38.88320587636103,global_constant_velocity_baseline,historical_demo_not_real_time
B08,1990-06-17,1,1990-06-18,-72.69728158121693,-119.85892013433366,1970.6264434800908,2.560458969109476,global_constant_velocity_baseline,historical_demo_not_real_time
B08,1990-06-17,3,1990-06-20,-72.69179073220253,-119.97670374888988,1970.6264434800908,11.984682765525426,global_constant_velocity_baseline,historical_demo_not_real_time
B08,1990-06-17,7,1990-06-24,-72.68059324384342,-120.21204113869456,1970.6264434800908,38.88320587636103,global_constant_velocity_baseline,historical_demo_not_real_time
B09,1989-07-30,1,1989-07-31,-71.22647837843374,-170.67810133278857,11420.818845739968,2.560458969109476,global_constant_velocity_baseline,historical_demo_not_real_time
B09,1989-07-30,3,1989-08-02,-71.07866009398663,-170.23958251319073,11420.818845739968,11.984682765525426,global_constant_velocity_baseline,historical_demo_not_real_time
B09,1989-07-30,7,1989-08-06,-70.78001965619013,-169.3832529101705,11420.818845739968,38.88320587636103,global_constant_velocity_baseline,historical_demo_not_real_time
B09A,2003-10-03,1,2003-10-04,-48.88138450087722,-11.9153984310504,2987.7504254601654,2.560458969109476,global_constant_velocity_baseline,historical_demo_not_real_time
B09A,2003-10-03,3,2003-10-06,-48.87970701033362,-11.988790466275939,2987.7504254601654,11.984682765525426,global_constant_velocity_baseline,historical_demo_not_real_time
B09A,2003-10-03,7,2003-10-10,-48.8761660962796,-12.135554389489336,2987.7504254601654,38.88320587636103,global_constant_velocity_baseline,historical_demo_not_real_time
B09B,2026-04-22,1,2026-04-23,-66.08389999999979,143.2495,0.0,2.560458969109476,global_constant_velocity_baseline,historical_demo_not_real_time
B09B,2026-04-22,3,2026-04-25,-66.08389999999979,143.2495,0.0,11.984682765525426,global_constant_velocity_baseline,historical_demo_not_real_time
B09B,2026-04-22,7,2026-04-29,-66.08389999999979,143.2495,0.0,38.88320587636103,global_constant_velocity_baseline,historical_demo_not_real_time
B09C,2015-06-22,1,2015-06-23,-65.65069999999976,54.1174,0.0,2.560458969109476,global_constant_velocity_baseline,historical_demo_not_real_time
B09C,2015-06-22,3,2015-06-25,-65.65069999999976,54.1174,0.0,11.984682765525426,global_constant_velocity_baseline,historical_demo_not_real_time
B09C,2015-06-22,7,2015-06-29,-65.65069999999976,54.1174,0.0,38.88320587636103,global_constant_velocity_baseline,historical_demo_not_real_time
B09D,2018-04-13,1,2018-04-14,-52.56522560889286,-14.494296009456175,18342.377314596528,2.560458969109476,global_constant_velocity_baseline,historical_demo_not_real_time
B09D,2018-04-13,3,2018-04-16,-52.26265539657632,-14.450065971222022,18342.377314596528,11.984682765525426,global_constant_velocity_baseline,historical_demo_not_real_time
B09D,2018-04-13,7,2018-04-20,-51.65904124956294,-14.363849442332322,18342.377314596528,38.88320587636103,global_constant_velocity_baseline,historical_demo_not_real_time
B09E,2011-06-26,1,2011-06-27,-66.47999994136069,142.9371000000074,131.1198492506193,2.560458969109476,global_constant_velocity_baseline,historical_demo_not_real_time
B09E,2011-06-26,3,2011-06-29,-66.4799996481651,142.93130000010396,131.1198492506193,11.984682765525426,global_constant_velocity_baseline,historical_demo_not_real_time
B09E,2011-06-26,7,2011-07-03,-66.47999835810462,142.91970000103996,131.1198492506193,38.88320587636103,global_constant_velocity_baseline,historical_demo_not_real_time
B09F,2019-05-28,1,2019-05-29,-56.016176712426585,-40.83418801727645,14563.246593041462,2.560458969109476,global_constant_velocity_baseline,historical_demo_not_real_time
B09F,2019-05-28,3,2019-05-31,-56.26195938921668,-40.85763217288693,14563.246593041462,11.984682765525426,global_constant_velocity_baseline,historical_demo_not_real_time
B09F,2019-05-28,7,2019-06-04,-56.75443548696328,-40.90562234373394,14563.246593041462,38.88320587636103,global_constant_velocity_baseline,historical_demo_not_real_time
B09G,2026-04-22,1,2026-04-23,-68.2241999999999,41.56940000000001,0.0,2.560458969109476,global_constant_velocity_baseline,historical_demo_not_real_time
B09G,2026-04-22,3,2026-04-25,-68.2241999999999,41.56940000000001,0.0,11.984682765525426,global_constant_velocity_baseline,historical_demo_not_real_time
B09G,2026-04-22,7,2026-04-29,-68.2241999999999,41.56940000000001,0.0,38.88320587636103,global_constant_velocity_baseline,historical_demo_not_real_time
B09H,2017-12-03,1,2017-12-04,-59.442499999998454,-35.8816,0.0,2.560458969109476,global_constant_velocity_baseline,historical_demo_not_real_time
B09H,2017-12-03,3,2017-12-06,-59.442499999998454,-35.8816,0.0,11.984682765525426,global_constant_velocity_baseline,historical_demo_not_real_time
B09H,2017-12-03,7,2017-12-10,-59.442499999998454,-35.8816,0.0,38.88320587636103,global_constant_velocity_baseline,historical_demo_not_real_time
B09I,2022-08-03,1,2022-08-04,-55.661642029585174,-19.601121358150557,22926.788809502486,2.560458969109476,global_constant_velocity_baseline,historical_demo_not_real_time
B09I,2022-08-03,3,2022-08-06,-55.803820988602034,-20.238388470900347,22926.788809502486,11.984682765525426,global_constant_velocity_baseline,historical_demo_not_real_time
B09I,2022-08-03,7,2022-08-10,-56.076342638199925,-21.529517974623754,22926.788809502486,38.88320587636103,global_constant_velocity_baseline,historical_demo_not_real_time
B09J,2019-05-14,1,2019-05-15,-56.00029999999651,-41.945499999999996,0.0,2.560458969109476,global_constant_velocity_baseline,historical_demo_not_real_time
B09J,2019-05-14,3,2019-05-17,-56.00029999999651,-41.945499999999996,0.0,11.984682765525426,global_constant_velocity_baseline,historical_demo_not_real_time
B09J,2019-05-14,7,2019-05-21,-56.00029999999651,-41.945499999999996,0.0,38.88320587636103,global_constant_velocity_baseline,historical_demo_not_real_time
B10,1995-09-15,1,1995-09-16,-71.85009999999997,-124.9492,0.0,2.560458969109476,global_constant_velocity_baseline,historical_demo_not_real_time
B10,1995-09-15,3,1995-09-18,-71.85009999999997,-124.9492,0.0,11.984682765525426,global_constant_velocity_baseline,historical_demo_not_real_time
B10,1995-09-15,7,1995-09-22,-71.85009999999997,-124.9492,0.0,38.88320587636103,global_constant_velocity_baseline,historical_demo_not_real_time
B10A,2000-02-27,1,2000-02-28,-51.15400230309418,-34.27899161265432,25174.056803851527,2.560458969109476,global_constant_velocity_baseline,historical_demo_not_real_time
B10A,2000-02-27,3,2000-03-01,-51.0586666075439,-33.63947683990331,25174.056803851527,11.984682765525426,global_constant_velocity_baseline,historical_demo_not_real_time
B10A,2000-02-27,7,2000-03-05,-50.85478793796274,-32.37091284651012,25174.056803851527,38.88320587636103,global_constant_velocity_baseline,historical_demo_not_real_time
B10B,1997-10-21,1,1997-10-22,-67.32045941619702,165.78211832807904,16101.8820216426,2.560458969109476,global_constant_velocity_baseline,historical_demo_not_real_time
B10B,1997-10-21,3,1997-10-24,-67.23507700407967,165.07798770261954,16101.8820216426,11.984682765525426,global_constant_velocity_baseline,historical_demo_not_real_time
B10B,1997-10-21,7,1997-10-28,-67.05445427604936,163.686370437693,16101.8820216426,38.88320587636103,global_constant_velocity_baseline,historical_demo_not_real_time
B11,1995-12-30,1,1995-12-31,-71.92189999999998,-121.37,0.0,2.560458969109476,global_constant_velocity_baseline,historical_demo_not_real_time
B11,1995-12-30,3,1996-01-02,-71.92189999999998,-121.37,0.0,11.984682765525426,global_constant_velocity_baseline,historical_demo_not_real_time
B11,1995-12-30,7,1996-01-06,-71.92189999999998,-121.37,0.0,38.88320587636103,global_constant_velocity_baseline,historical_demo_not_real_time
B12,1997-11-20,1,1997-11-21,-71.04089999999995,-159.1749,0.0,2.560458969109476,global_constant_velocity_baseline,historical_demo_not_real_time
B12,1997-11-20,3,1997-11-23,-71.04089999999995,-159.1749,0.0,11.984682765525426,global_constant_velocity_baseline,historical_demo_not_real_time
B12,1997-11-20,7,1997-11-27,-71.04089999999995,-159.1749,0.0,38.88320587636103,global_constant_velocity_baseline,historical_demo_not_real_time
B13,1997-12-17,1,1997-12-18,-68.93059999999994,-159.6535,0.0,2.560458969109476,global_constant_velocity_baseline,historical_demo_not_real_time
B13,1997-12-17,3,1997-12-20,-68.93059999999994,-159.6535,0.0,11.984682765525426,global_constant_velocity_baseline,historical_demo_not_real_time
B13,1997-12-17,7,1997-12-24,-68.93059999999994,-159.6535,0.0,38.88320587636103,global_constant_velocity_baseline,historical_demo_not_real_time
B14,2001-12-02,1,2001-12-03,-55.12868561230523,-146.08685195075566,11458.847719437528,2.560458969109476,global_constant_velocity_baseline,historical_demo_not_real_time
B14,2001-12-02,3,2001-12-05,-54.98575645787741,-145.86202606318764,11458.847719437528,11.984682765525426,global_constant_velocity_baseline,historical_demo_not_real_time
B14,2001-12-02,7,2001-12-09,-54.69872474882427,-145.41819030834296,11458.847719437528,38.88320587636103,global_constant_velocity_baseline,historical_demo_not_real_time
B14A,2001-05-27,1,2001-05-28,-66.29998171880669,178.41020394408176,464.99248409293966,2.560458969109476,global_constant_velocity_baseline,historical_demo_not_real_time
B14A,2001-05-27,3,2001-05-30,-66.29994296272915,178.43061178208063,464.99248409293966,11.984682765525426,global_constant_velocity_baseline,historical_demo_not_real_time
B14A,2001-05-27,7,2001-06-03,-66.29985667586615,178.4714272392974,464.99248409293966,38.88320587636103,global_constant_velocity_baseline,historical_demo_not_real_time
B14B,2001-10-14,1,2001-10-15,-56.13818738885176,-152.23697269234754,2814.217339507218,2.560458969109476,global_constant_velocity_baseline,historical_demo_not_real_time
B14B,2001-10-14,3,2001-10-17,-56.114524402577345,-152.31083615202894,2814.217339507218,11.984682765525426,global_constant_velocity_baseline,historical_demo_not_real_time
B14B,2001-10-14,7,2001-10-21,-56.06704785996095,-152.45823536206004,2814.217339507218,38.88320587636103,global_constant_velocity_baseline,historical_demo_not_real_time
B15,2000-05-03,1,2000-05-04,-78.1064,-173.7178,0.0,2.560458969109476,global_constant_velocity_baseline,historical_demo_not_real_time
B15,2000-05-03,3,2000-05-06,-78.1064,-173.7178,0.0,11.984682765525426,global_constant_velocity_baseline,historical_demo_not_real_time
B15,2000-05-03,7,2000-05-10,-78.1064,-173.7178,0.0,38.88320587636103,global_constant_velocity_baseline,historical_demo_not_real_time
B15A,2009-03-27,1,2009-03-28,-53.35903475240347,-147.4480036831127,4585.322964443892,2.560458969109476,global_constant_velocity_baseline,historical_demo_not_real_time
B15A,2009-03-27,3,2009-03-30,-53.384193265168626,-147.56854397152784,4585.322964443892,11.984682765525426,global_constant_velocity_baseline,historical_demo_not_real_time
B15A,2009-03-27,7,2009-04-03,-53.43406492506503,-147.81015385619827,4585.322964443892,38.88320587636103,global_constant_velocity_baseline,historical_demo_not_real_time
B15AA,2020-03-16,1,2020-03-17,-53.35679999999392,-31.997500000000002,0.0,2.560458969109476,global_constant_velocity_baseline,historical_demo_not_real_time
B15AA,2020-03-16,3,2020-03-19,-53.35679999999392,-31.997500000000002,0.0,11.984682765525426,global_constant_velocity_baseline,historical_demo_not_real_time
B15AA,2020-03-16,7,2020-03-23,-53.35679999999392,-31.997500000000002,0.0,38.88320587636103,global_constant_velocity_baseline,historical_demo_not_real_time
B15AB,2026-03-27,1,2026-03-28,-51.908894890371066,-32.86640703065702,6426.847897002312,2.560458969109476,global_constant_velocity_baseline,historical_demo_not_real_time
B15AB,2026-03-27,3,2026-03-30,-52.00226895983376,-32.94814371566877,6426.847897002312,11.984682765525426,global_constant_velocity_baseline,historical_demo_not_real_time
B15AB,2026-03-27,7,2026-04-03,-52.18895155313247,-33.112918391710515,6426.847897002312,38.88320587636103,global_constant_velocity_baseline,historical_demo_not_real_time
B15AC,2019-03-09,1,2019-03-10,-54.48286607312503,-26.604885072548495,53168.64600742707,2.560458969109476,global_constant_velocity_baseline,historical_demo_not_real_time
B15AC,2019-03-09,3,2019-03-12,-54.7956395008352,-25.1654818146946,53168.64600742707,11.984682765525426,global_constant_velocity_baseline,historical_demo_not_real_time
B15AC,2019-03-09,7,2019-03-16,-55.35812935511672,-22.208297595679625,53168.64600742707,38.88320587636103,global_constant_velocity_baseline,historical_demo_not_real_time
B15B,2014-01-07,1,2014-01-08,-47.46184004237358,-6.620966955590844,23364.20882186975,2.560458969109476,global_constant_velocity_baseline,historical_demo_not_real_time
B15B,2014-01-07,3,2014-01-10,-47.17736264683718,-6.98014533436464,23364.20882186975,11.984682765525426,global_constant_velocity_baseline,historical_demo_not_real_time
B15B,2014-01-07,7,2014-01-14,-46.605531274243866,-7.682982083457251,23364.20882186975,38.88320587636103,global_constant_velocity_baseline,historical_demo_not_real_time
B15C,2002-04-04,1,2002-04-05,-73.9258,170.5766,0.0,2.560458969109476,global_constant_velocity_baseline,historical_demo_not_real_time
B15C,2002-04-04,3,2002-04-07,-73.9258,170.5766,0.0,11.984682765525426,global_constant_velocity_baseline,historical_demo_not_real_time
B15C,2002-04-04,7,2002-04-11,-73.9258,170.5766,0.0,38.88320587636103,global_constant_velocity_baseline,historical_demo_not_real_time
B15D,2008-11-25,1,2008-11-26,-48.84860027718999,-36.75287573042941,67083.46799760133,2.560458969109476,global_constant_velocity_baseline,historical_demo_not_real_time
B15D,2008-11-25,3,2008-11-28,-48.40056661861909,-35.26101573739065,67083.46799760133,11.984682765525426,global_constant_velocity_baseline,historical_demo_not_real_time
B15D,2008-11-25,7,2008-12-02,-47.43396741106567,-32.384483981466495,67083.46799760133,38.88320587636103,global_constant_velocity_baseline,historical_demo_not_real_time
B15E,2001-05-20,1,2001-05-21,-69.09999999999992,158.4,0.0,2.560458969109476,global_constant_velocity_baseline,historical_demo_not_real_time
B15E,2001-05-20,3,2001-05-23,-69.09999999999992,158.4,0.0,11.984682765525426,global_constant_velocity_baseline,historical_demo_not_real_time
B15E,2001-05-20,7,2001-05-27,-69.09999999999992,158.4,0.0,38.88320587636103,global_constant_velocity_baseline,historical_demo_not_real_time
B15F,2013-04-22,1,2013-04-23,-51.117030143234636,-25.68010378776873,11626.033635874952,2.560458969109476,global_constant_velocity_baseline,historical_demo_not_real_time
B15F,2013-04-22,3,2013-04-25,-50.969084060858144,-25.87173026061362,11626.033635874952,11.984682765525426,global_constant_velocity_baseline,historical_demo_not_real_time
B15F,2013-04-22,7,2013-04-29,-50.672388552361774,-26.25031116496783,11626.033635874952,38.88320587636103,global_constant_velocity_baseline,historical_demo_not_real_time
B15G,2012-12-14,1,2012-12-15,-70.43659412478695,-7.970917601987787,1333.8436522573095,2.560458969109476,global_constant_velocity_baseline,historical_demo_not_real_time
B15G,2012-12-14,3,2012-12-17,-70.44716472783117,-8.034805590864565,1333.8436522573095,11.984682765525426,global_constant_velocity_baseline,historical_demo_not_real_time
B15G,2012-12-14,7,2012-12-21,-70.46823520158004,-8.162792558009603,1333.8436522573095,38.88320587636103,global_constant_velocity_baseline,historical_demo_not_real_time
B15H,2003-10-24,1,2003-10-25,-64.59089999999965,98.579,0.0,2.560458969109476,global_constant_velocity_baseline,historical_demo_not_real_time
B15H,2003-10-24,3,2003-10-27,-64.59089999999965,98.579,0.0,11.984682765525426,global_constant_velocity_baseline,historical_demo_not_real_time
B15H,2003-10-24,7,2003-10-31,-64.59089999999965,98.579,0.0,38.88320587636103,global_constant_velocity_baseline,historical_demo_not_real_time
B15I,2010-05-16,1,2010-05-17,-62.45117492679649,172.20334255897365,13708.964827386788,2.560458969109476,global_constant_velocity_baseline,historical_demo_not_real_time
B15I,2010-05-16,3,2010-05-19,-62.491969855322274,172.71121763653065,13708.964827386788,11.984682765525426,global_constant_velocity_baseline,historical_demo_not_real_time
B15I,2010-05-16,7,2010-05-23,-62.56730328685139,173.731471702308,13708.964827386788,38.88320587636103,global_constant_velocity_baseline,historical_demo_not_real_time
B15J,2012-01-09,1,2012-01-10,-52.59184895010677,-144.74219825384446,26689.6602628925,2.560458969109476,global_constant_velocity_baseline,historical_demo_not_real_time
B15J,2012-01-09,3,2012-01-12,-52.18031335657946,-144.47888347377852,26689.6602628925,11.984682765525426,global_constant_velocity_baseline,historical_demo_not_real_time
B15J,2012-01-09,7,2012-01-16,-51.35804065183371,-143.9702967253079,26689.6602628925,38.88320587636103,global_constant_velocity_baseline,historical_demo_not_real_time
B15J1,2011-12-20,1,2011-12-21,-54.12820292626393,-153.955917669008,16984.95324703006,2.560458969109476,global_constant_velocity_baseline,historical_demo_not_real_time
B15J1,2011-12-20,3,2011-12-23,-54.109419737611304,-153.47353989084635,16984.95324703006,11.984682765525426,global_constant_velocity_baseline,historical_demo_not_real_time
B15J1,2011-12-20,7,2011-12-27,-54.064714522740104,-152.51056741221964,16984.95324703006,38.88320587636103,global_constant_velocity_baseline,historical_demo_not_real_time
B15K,2016-12-16,1,2016-12-17,-46.61809737925654,-30.313981398096022,18580.507281593862,2.560458969109476,global_constant_velocity_baseline,historical_demo_not_real_time
B15K,2016-12-16,3,2016-12-19,-46.38729995666804,-30.044314676274205,18580.507281593862,11.984682765525426,global_constant_velocity_baseline,historical_demo_not_real_time
B15K,2016-12-16,7,2016-12-23,-45.92420754096022,-29.51431285599483,18580.507281593862,38.88320587636103,global_constant_velocity_baseline,historical_demo_not_real_time
B15L,2009-11-22,1,2009-11-23,-59.7564589204344,-33.70923249820408,4370.151594927459,2.560458969109476,global_constant_velocity_baseline,historical_demo_not_real_time
B15L,2009-11-22,3,2009-11-25,-59.72805380278166,-33.84709458514399,4370.151594927459,11.984682765525426,global_constant_velocity_baseline,historical_demo_not_real_time
B15L,2009-11-22,7,2009-11-29,-59.67075369872474,-34.122004347464916,4370.151594927459,38.88320587636103,global_constant_velocity_baseline,historical_demo_not_real_time
B15M,2008-05-18,1,2008-05-19,-65.31999999999971,129.62,0.0,2.560458969109476,global_constant_velocity_baseline,historical_demo_not_real_time
B15M,2008-05-18,3,2008-05-21,-65.31999999999971,129.62,0.0,11.984682765525426,global_constant_velocity_baseline,historical_demo_not_real_time
B15M,2008-05-18,7,2008-05-25,-65.31999999999971,129.62,0.0,38.88320587636103,global_constant_velocity_baseline,historical_demo_not_real_time
B15N,2011-11-20,1,2011-11-21,-54.96180469940912,93.76294495874916,26578.588630508508,2.560458969109476,global_constant_velocity_baseline,historical_demo_not_real_time
B15N,2011-11-20,3,2011-11-23,-55.4006186505876,93.61449348161949,26578.588630508508,11.984682765525426,global_constant_velocity_baseline,historical_demo_not_real_time
B15N,2011-11-20,7,2011-11-27,-56.280595575495525,93.3052622549531,26578.588630508508,38.88320587636103,global_constant_velocity_baseline,historical_demo_not_real_time
B15P,2007-03-18,1,2007-03-19,-58.068210599881645,154.47627753241503,18608.166827285608,2.560458969109476,global_constant_velocity_baseline,historical_demo_not_real_time
B15P,2007-03-18,3,2007-03-21,-57.942583485724626,155.02544157042306,18608.166827285608,11.984682765525426,global_constant_velocity_baseline,historical_demo_not_real_time
B15P,2007-03-18,7,2007-03-25,-57.683276105046545,156.11005442102677,18608.166827285608,38.88320587636103,global_constant_velocity_baseline,historical_demo_not_real_time
B15Q,2008-12-14,1,2008-12-15,-63.20750040799285,96.90813240758234,9678.349071710294,2.560458969109476,global_constant_velocity_baseline,historical_demo_not_real_time
B15Q,2008-12-14,3,2008-12-17,-63.121906976303585,96.58599424110264,9678.349071710294,11.984682765525426,global_constant_velocity_baseline,historical_demo_not_real_time
B15Q,2008-12-14,7,2008-12-21,-62.948374721158125,95.94810270063023,9678.349071710294,38.88320587636103,global_constant_velocity_baseline,historical_demo_not_real_time
B15R,2016-05-08,1,2016-05-09,-55.757799999996315,-9.494200000000001,0.0,2.560458969109476,global_constant_velocity_baseline,historical_demo_not_real_time
B15R,2016-05-08,3,2016-05-11,-55.757799999996315,-9.494200000000001,0.0,11.984682765525426,global_constant_velocity_baseline,historical_demo_not_real_time
B15R,2016-05-08,7,2016-05-15,-55.757799999996315,-9.494200000000001,0.0,38.88320587636103,global_constant_velocity_baseline,historical_demo_not_real_time
B15S,2009-11-22,1,2009-11-23,-65.01012792076767,126.550444278112,5189.90453459553,2.560458969109476,global_constant_velocity_baseline,historical_demo_not_real_time
B15S,2009-11-22,3,2009-11-25,-64.97476822172025,126.35176681191263,5189.90453459553,11.984682765525426,global_constant_velocity_baseline,historical_demo_not_real_time
B15S,2009-11-22,7,2009-11-29,-64.90319155379237,125.95615555165229,5189.90453459553,38.88320587636103,global_constant_velocity_baseline,historical_demo_not_real_time
B15T,2019-04-03,1,2019-04-04,-54.170831344870194,-24.548431820640506,30496.775369172607,2.560458969109476,global_constant_velocity_baseline,historical_demo_not_real_time
B15T,2019-04-03,3,2019-04-06,-54.074724310597695,-23.695862660420413,30496.775369172607,11.984682765525426,global_constant_velocity_baseline,historical_demo_not_real_time
B15T,2019-04-03,7,2019-04-10,-53.8605026735538,-22.00615171626093,30496.775369172607,38.88320587636103,global_constant_velocity_baseline,historical_demo_not_real_time
B15U,2008-04-20,1,2008-04-21,-59.54993443437966,179.30851048236812,15700.269995620669,2.560458969109476,global_constant_velocity_baseline,historical_demo_not_real_time
B15U,2008-04-20,3,2008-04-23,-59.309614733966704,179.0685175549521,15700.269995620669,11.984682765525426,global_constant_velocity_baseline,historical_demo_not_real_time
B15U,2008-04-20,7,2008-04-27,-58.82827643339493,178.60016709422936,15700.269995620669,38.88320587636103,global_constant_velocity_baseline,historical_demo_not_real_time
B15V,2010-06-27,1,2010-06-28,-65.69359962909881,55.42150460808775,827.932769642999,2.560458969109476,global_constant_velocity_baseline,historical_demo_not_real_time
B15V,2010-06-27,3,2010-06-30,-65.6807977765613,55.40452763503731,827.932769642999,11.984682765525426,global_constant_velocity_baseline,historical_demo_not_real_time
B15V,2010-06-27,7,2010-07-04,-65.65518964228986,55.37062883776759,827.932769642999,38.88320587636103,global_constant_velocity_baseline,historical_demo_not_real_time
B15W,2011-10-02,1,2011-10-03,-54.08046529071678,85.01267429055679,15571.732026551002,2.560458969109476,global_constant_velocity_baseline,historical_demo_not_real_time
B15W,2011-10-02,3,2011-10-05,-53.94040244089483,84.64034252018521,15571.732026551002,11.984682765525426,global_constant_velocity_baseline,historical_demo_not_real_time
B15W,2011-10-02,7,2011-10-09,-53.65637747535377,83.90493176553613,15571.732026551002,38.88320587636103,global_constant_velocity_baseline,historical_demo_not_real_time
B15X,2016-07-11,1,2016-07-12,-54.941999999995595,-35.6594,0.0,2.560458969109476,global_constant_velocity_baseline,historical_demo_not_real_time
B15X,2016-07-11,3,2016-07-14,-54.941999999995595,-35.6594,0.0,11.984682765525426,global_constant_velocity_baseline,historical_demo_not_real_time
B15X,2016-07-11,7,2016-07-18,-54.941999999995595,-35.6594,0.0,38.88320587636103,global_constant_velocity_baseline,historical_demo_not_real_time
B15Y,2016-07-31,1,2016-08-01,-54.217726275950206,-42.77405154133915,13499.87047677602,2.560458969109476,global_constant_velocity_baseline,historical_demo_not_real_time
B15Y,2016-07-31,3,2016-08-03,-54.18965980416858,-42.39182556105145,13499.87047677602,11.984682765525426,global_constant_velocity_baseline,historical_demo_not_real_time
B15Y,2016-07-31,7,2016-08-07,-54.12906658216669,-41.629370364768995,13499.87047677602,38.88320587636103,global_constant_velocity_baseline,historical_demo_not_real_time
B15Z,2018-06-08,1,2018-06-09,-50.27228434099406,-39.51911509428086,20675.303156051275,2.560458969109476,global_constant_velocity_baseline,historical_demo_not_real_time
B15Z,2018-06-08,3,2018-06-11,-49.95051232793448,-39.35945454861027,20675.303156051275,11.984682765525426,global_constant_velocity_baseline,historical_demo_not_real_time
B15Z,2018-06-08,7,2018-06-15,-49.308048283158804,-39.04832642595519,20675.303156051275,38.88320587636103,global_constant_velocity_baseline,historical_demo_not_real_time
B16,2020-02-29,1,2020-03-01,-58.51644203622028,-23.027789003626282,5298.614927617395,2.560458969109476,global_constant_velocity_baseline,historical_demo_not_real_time
B16,2020-02-29,3,2020-03-03,-58.54935176669886,-23.189233333141345,5298.614927617395,11.984682765525426,global_constant_velocity_baseline,historical_demo_not_real_time
B16,2020-02-29,7,2020-03-07,-58.61447071486192,-23.51318236061875,5298.614927617395,38.88320587636103,global_constant_velocity_baseline,historical_demo_not_real_time
B17,2001-01-04,1,2001-01-05,-73.35925432508022,178.4628066364481,12650.690537865565,2.560458969109476,global_constant_velocity_baseline,historical_demo_not_real_time
B17,2001-01-04,3,2001-01-07,-73.30094195286402,177.6942525107558,12650.690537865565,11.984682765525426,global_constant_velocity_baseline,historical_demo_not_real_time
B17,2001-01-04,7,2001-01-11,-73.17554935463501,176.17402522378916,12650.690537865565,38.88320587636103,global_constant_velocity_baseline,historical_demo_not_real_time
B17A,2015-06-29,1,2015-06-30,-54.35109999999502,-36.6445,0.0,2.560458969109476,global_constant_velocity_baseline,historical_demo_not_real_time
B17A,2015-06-29,3,2015-07-02,-54.35109999999502,-36.6445,0.0,11.984682765525426,global_constant_velocity_baseline,historical_demo_not_real_time
B17A,2015-06-29,7,2015-07-06,-54.35109999999502,-36.6445,0.0,38.88320587636103,global_constant_velocity_baseline,historical_demo_not_real_time
B17B,2009-11-05,1,2009-11-06,-52.047462573827474,105.77880895618011,4415.01861922458,2.560458969109476,global_constant_velocity_baseline,historical_demo_not_real_time
B17B,2009-11-05,3,2009-11-08,-52.05267540228398,105.89685324428956,4415.01861922458,11.984682765525426,global_constant_velocity_baseline,historical_demo_not_real_time
B17B,2009-11-05,7,2009-11-12,-52.06265150519998,106.13304386778896,4415.01861922458,38.88320587636103,global_constant_velocity_baseline,historical_demo_not_real_time
B18,2001-01-07,1,2001-01-08,-68.96160027594205,158.55804897533983,10659.581114678864,2.560458969109476,global_constant_velocity_baseline,historical_demo_not_real_time
B18,2001-01-07,3,2001-01-10,-68.88371974030952,158.07686580150633,10659.581114678864,11.984682765525426,global_constant_velocity_baseline,historical_demo_not_real_time
B18,2001-01-07,7,2001-01-14,-68.72369601343298,157.12546523390375,10659.581114678864,38.88320587636103,global_constant_velocity_baseline,historical_demo_not_real_time
B19,2003-02-16,1,2003-02-17,-53.14333273901332,-166.6068661372975,15528.723041724505,2.560458969109476,global_constant_velocity_baseline,historical_demo_not_real_time
B19,2003-02-16,3,2003-02-19,-53.028884710317925,-166.22250881794503,15528.723041724505,11.984682765525426,global_constant_velocity_baseline,historical_demo_not_real_time
B19,2003-02-16,7,2003-02-23,-52.79559978500496,-165.46146668770004,15528.723041724505,38.88320587636103,global_constant_velocity_baseline,historical_demo_not_real_time
B21,2002-01-27,1,2002-01-28,-74.70043841931681,-103.54496084990815,5467.032360882181,2.560458969109476,global_constant_velocity_baseline,historical_demo_not_real_time
B21,2002-01-27,3,2002-01-30,-74.69663074146956,-103.91934915700143,5467.032360882181,11.984682765525426,global_constant_velocity_baseline,historical_demo_not_real_time
B21,2002-01-27,7,2002-02-03,-74.68707919649381,-104.6674809405817,5467.032360882181,38.88320587636103,global_constant_velocity_baseline,historical_demo_not_real_time
B21A,2012-12-02,1,2012-12-03,-74.16163357771835,-137.58270514843315,5650.835775459136,2.560458969109476,global_constant_velocity_baseline,historical_demo_not_real_time
B21A,2012-12-02,3,2012-12-05,-74.08350365609307,-137.34251716352765,5650.835775459136,11.984682765525426,global_constant_velocity_baseline,historical_demo_not_real_time
B21A,2012-12-02,7,2012-12-09,-73.92647059262298,-136.86925270515908,5650.835775459136,38.88320587636103,global_constant_velocity_baseline,historical_demo_not_real_time
B21B,2003-10-24,1,2003-10-25,-75.09809999999999,-106.9783,0.0,2.560458969109476,global_constant_velocity_baseline,historical_demo_not_real_time
B21B,2003-10-24,3,2003-10-27,-75.09809999999999,-106.9783,0.0,11.984682765525426,global_constant_velocity_baseline,historical_demo_not_real_time
B21B,2003-10-24,7,2003-10-31,-75.09809999999999,-106.9783,0.0,38.88320587636103,global_constant_velocity_baseline,historical_demo_not_real_time
B22A,2026-04-22,1,2026-04-23,-70.58869999999996,-178.4135,0.0,2.560458969109476,global_constant_velocity_baseline,historical_demo_not_real_time
B22A,2026-04-22,3,2026-04-25,-70.58869999999996,-178.4135,0.0,11.984682765525426,global_constant_velocity_baseline,historical_demo_not_real_time
B22A,2026-04-22,7,2026-04-29,-70.58869999999996,-178.4135,0.0,38.88320587636103,global_constant_velocity_baseline,historical_demo_not_real_time
B22B,2005-10-02,1,2005-10-03,-70.03089999999996,-167.2323,0.0,2.560458969109476,global_constant_velocity_baseline,historical_demo_not_real_time
B22B,2005-10-02,3,2005-10-05,-70.03089999999996,-167.2323,0.0,11.984682765525426,global_constant_velocity_baseline,historical_demo_not_real_time
B22B,2005-10-02,7,2005-10-09,-70.03089999999996,-167.2323,0.0,38.88320587636103,global_constant_velocity_baseline,historical_demo_not_real_time
B22C,2004-10-24,1,2004-10-25,-72.68947588238827,-149.23163597702842,4505.927255216996,2.560458969109476,global_constant_velocity_baseline,historical_demo_not_real_time
B22C,2004-10-24,3,2004-10-27,-72.66815888594185,-149.49441780998916,4505.927255216996,11.984682765525426,global_constant_velocity_baseline,historical_demo_not_real_time
B22C,2004-10-24,7,2004-10-31,-72.6244547882276,-150.01799110714668,4505.927255216996,38.88320587636103,global_constant_velocity_baseline,historical_demo_not_real_time
B22D,2002-08-04,1,2002-08-05,-74.09714162945833,-107.10425764822062,341.74299756769653,2.560458969109476,global_constant_velocity_baseline,historical_demo_not_real_time
B22D,2002-08-04,3,2002-08-07,-74.09142468576042,-107.11276829751141,341.74299756769653,11.984682765525426,global_constant_velocity_baseline,historical_demo_not_real_time
B22D,2002-08-04,7,2002-08-11,-74.07998998936935,-107.12977102983317,341.74299756769653,38.88320587636103,global_constant_velocity_baseline,historical_demo_not_real_time
B22E,2004-02-08,1,2004-02-09,-75.60496753427724,-156.9984826598032,2757.502404059208,2.560458969109476,global_constant_velocity_baseline,historical_demo_not_real_time
B22E,2004-02-08,3,2004-02-11,-75.61477632332726,-157.1956526513046,2757.502404059208,11.984682765525426,global_constant_velocity_baseline,historical_demo_not_real_time
B22E,2004-02-08,7,2004-02-15,-75.63388753336118,-157.59079689210205,2757.502404059208,38.88320587636103,global_constant_velocity_baseline,historical_demo_not_real_time
B22F,2026-04-22,1,2026-04-23,-67.10179296593657,-179.90245320268707,6076.553426499103,2.560458969109476,global_constant_velocity_baseline,historical_demo_not_real_time
B22F,2026-04-22,3,2026-04-25,-67.05785917067267,179.84558278996928,6076.553426499103,11.984682765525426,global_constant_velocity_baseline,historical_demo_not_real_time
B22F,2026-04-22,7,2026-04-29,-66.96872231807747,179.34463776605475,6076.553426499103,38.88320587636103,global_constant_velocity_baseline,historical_demo_not_real_time
B22G,2026-04-22,1,2026-04-23,-67.18349839824373,-159.1952787145228,4846.259413555611,2.560458969109476,global_constant_velocity_baseline,historical_demo_not_real_time
B22G,2026-04-22,3,2026-04-25,-67.1014905983757,-159.26047487510448,4846.259413555611,11.984682765525426,global_constant_velocity_baseline,historical_demo_not_real_time
B22G,2026-04-22,7,2026-04-29,-66.93745805846481,-159.38943999112465,4846.259413555611,38.88320587636103,global_constant_velocity_baseline,historical_demo_not_real_time
B22H,2026-04-22,1,2026-04-23,-72.12045678374083,176.27701858655578,3074.7353665449414,2.560458969109476,global_constant_velocity_baseline,historical_demo_not_real_time
B22H,2026-04-22,3,2026-04-25,-72.11664075961025,176.09751325875712,3074.7353665449414,11.984682765525426,global_constant_velocity_baseline,historical_demo_not_real_time
B22H,2026-04-22,7,2026-04-29,-72.10849076334189,175.73874474354957,3074.7353665449414,38.88320587636103,global_constant_velocity_baseline,historical_demo_not_real_time
B22I,2026-04-22,1,2026-04-23,-68.57193186933326,-178.94451086810264,25340.70140208856,2.560458969109476,global_constant_velocity_baseline,historical_demo_not_real_time
B22I,2026-04-22,3,2026-04-25,-68.96131534651748,-179.57353266091354,25340.70140208856,11.984682765525426,global_constant_velocity_baseline,historical_demo_not_real_time
B22I,2026-04-22,7,2026-04-29,-69.73359499455022,179.09462254939766,25340.70140208856,38.88320587636103,global_constant_velocity_baseline,historical_demo_not_real_time
B23,2005-01-14,1,2005-01-15,-74.84769999999999,-109.00870000000002,0.0,2.560458969109476,global_constant_velocity_baseline,historical_demo_not_real_time
B23,2005-01-14,3,2005-01-17,-74.84769999999999,-109.00870000000002,0.0,11.984682765525426,global_constant_velocity_baseline,historical_demo_not_real_time
B23,2005-01-14,7,2005-01-21,-74.84769999999999,-109.00870000000002,0.0,38.88320587636103,global_constant_velocity_baseline,historical_demo_not_real_time
B24,2005-03-20,1,2005-03-21,-74.694,-109.82000000000001,0.0,2.560458969109476,global_constant_velocity_baseline,historical_demo_not_real_time
B24,2005-03-20,3,2005-03-23,-74.694,-109.82000000000001,0.0,11.984682765525426,global_constant_velocity_baseline,historical_demo_not_real_time
B24,2005-03-20,7,2005-03-27,-74.694,-109.82000000000001,0.0,38.88320587636103,global_constant_velocity_baseline,historical_demo_not_real_time
B25,2003-05-04,1,2003-05-05,-74.89999338578785,-109.90714279597533,205.67797052696466,2.560458969109476,global_constant_velocity_baseline,historical_demo_not_real_time
B25,2003-05-04,3,2003-05-07,-74.8999794611406,-109.92142836838813,205.67797052696466,11.984682765525426,global_constant_velocity_baseline,historical_demo_not_real_time
B25,2003-05-04,7,2003-05-11,-74.89994882696385,-109.94999942884608,205.67797052696466,38.88320587636103,global_constant_velocity_baseline,historical_demo_not_real_time
B26,2004-03-28,1,2004-03-29,-78.50395747066956,-170.52060308862167,7681.605922483312,2.560458969109476,global_constant_velocity_baseline,historical_demo_not_real_time
B26,2004-03-28,3,2004-03-31,-78.51058813587834,-171.2224728233408,7681.605922483312,11.984682765525426,global_constant_velocity_baseline,historical_demo_not_real_time
B26,2004-03-28,7,2004-04-04,-78.51870274053769,-172.62813260680957,7681.605922483312,38.88320587636103,global_constant_velocity_baseline,historical_demo_not_real_time
B27,2014-01-30,1,2014-01-31,-55.79605225152905,-130.08050407466015,25731.157223638766,2.560458969109476,global_constant_velocity_baseline,historical_demo_not_real_time
B27,2014-01-30,3,2014-02-02,-56.003962059110876,-129.4017315780328,25731.157223638766,11.984682765525426,global_constant_velocity_baseline,historical_demo_not_real_time
B27,2014-01-30,7,2014-02-06,-56.4066417023941,-128.0179502299856,25731.157223638766,38.88320587636103,global_constant_velocity_baseline,historical_demo_not_real_time
B28,2022-12-30,1,2022-12-31,-74.04999999999998,-110.12,0.0,2.560458969109476,global_constant_velocity_baseline,historical_demo_not_real_time
B28,2022-12-30,3,2023-01-02,-74.04999999999998,-110.12,0.0,11.984682765525426,global_constant_velocity_baseline,historical_demo_not_real_time
B28,2022-12-30,7,2023-01-06,-74.04999999999998,-110.12,0.0,38.88320587636103,global_constant_velocity_baseline,historical_demo_not_real_time
B29,2026-04-22,1,2026-04-23,-73.66539999999999,-110.6862,0.0,2.560458969109476,global_constant_velocity_baseline,historical_demo_not_real_time
B29,2026-04-22,3,2026-04-25,-73.66539999999999,-110.6862,0.0,11.984682765525426,global_constant_velocity_baseline,historical_demo_not_real_time
B29,2026-04-22,7,2026-04-29,-73.66539999999999,-110.6862,0.0,38.88320587636103,global_constant_velocity_baseline,historical_demo_not_real_time
B30,2019-06-21,1,2019-06-22,-65.87183884794929,-131.22115889918646,11316.95052274662,2.560458969109476,global_constant_velocity_baseline,historical_demo_not_real_time
B30,2019-06-21,3,2019-06-24,-66.04872830050465,-130.99431848298744,11316.95052274662,11.984682765525426,global_constant_velocity_baseline,historical_demo_not_real_time
B30,2019-06-21,7,2019-06-28,-66.40171985290334,-130.53015440156838,11316.95052274662,38.88320587636103,global_constant_velocity_baseline,historical_demo_not_real_time
B30A,2019-09-27,1,2019-09-28,-66.47647892453304,-130.35165083610147,6151.569044954619,2.560458969109476,global_constant_velocity_baseline,historical_demo_not_real_time
B30A,2019-09-27,3,2019-09-30,-66.4498744532705,-130.08800957702826,6151.569044954619,11.984682765525426,global_constant_velocity_baseline,historical_demo_not_real_time
B30A,2019-09-27,7,2019-10-04,-66.39522265963907,-129.56258674683104,6151.569044954619,38.88320587636103,global_constant_velocity_baseline,historical_demo_not_real_time
B30B,2019-07-06,1,2019-07-07,-65.94683071805997,-127.65724563963606,12664.930871668066,2.560458969109476,global_constant_velocity_baseline,historical_demo_not_real_time
B30B,2019-07-06,3,2019-07-09,-66.1231741652051,-127.31972797587795,12664.930871668066,11.984682765525426,global_constant_velocity_baseline,historical_demo_not_real_time
B30B,2019-07-06,7,2019-07-13,-66.47371637182314,-126.62913099744281,12664.930871668066,38.88320587636103,global_constant_velocity_baseline,historical_demo_not_real_time
B31,2018-09-08,1,2018-09-09,-57.48209966296379,-49.04520698282786,27711.30043649965,2.560458969109476,global_constant_velocity_baseline,historical_demo_not_real_time
B31,2018-09-08,3,2018-09-11,-57.32735282862371,-48.22035654389849,27711.30043649965,11.984682765525426,global_constant_velocity_baseline,historical_demo_not_real_time
B31,2018-09-08,7,2018-09-15,-56.99926714153409,-46.595937441770054,27711.30043649965,38.88320587636103,global_constant_velocity_baseline,historical_demo_not_real_time
B31A,2018-07-09,1,2018-07-10,-53.06593814861998,-53.800867527155454,21350.099419010705,2.560458969109476,global_constant_velocity_baseline,historical_demo_not_real_time
B31A,2018-07-09,3,2018-07-12,-52.71763341653969,-53.69127152733208,21350.099419010705,11.984682765525426,global_constant_velocity_baseline,historical_demo_not_real_time
B31A,2018-07-09,7,2018-07-16,-52.022730678108054,-53.4785288758252,21350.099419010705,38.88320587636103,global_constant_velocity_baseline,historical_demo_not_real_time
B32,2015-07-12,1,2015-07-13,-73.72234436750684,-161.7088083428903,7161.293415538728,2.560458969109476,global_constant_velocity_baseline,historical_demo_not_real_time
B32,2015-07-12,3,2015-07-15,-73.64117121348707,-161.35093694104717,7161.293415538728,11.984682765525426,global_constant_velocity_baseline,historical_demo_not_real_time
B32,2015-07-12,7,2015-07-19,-73.47701199136606,-160.64594790935064,7161.293415538728,38.88320587636103,global_constant_velocity_baseline,historical_demo_not_real_time
B33,2015-05-25,1,2015-05-26,-74.4475,-103.4816,0.0,2.560458969109476,global_constant_velocity_baseline,historical_demo_not_real_time
B33,2015-05-25,3,2015-05-28,-74.4475,-103.4816,0.0,11.984682765525426,global_constant_velocity_baseline,historical_demo_not_real_time
B33,2015-05-25,7,2015-06-01,-74.4475,-103.4816,0.0,38.88320587636103,global_constant_velocity_baseline,historical_demo_not_real_time
B34,2017-04-05,1,2017-04-06,-67.13199999999986,176.7891,0.0,2.560458969109476,global_constant_velocity_baseline,historical_demo_not_real_time
B34,2017-04-05,3,2017-04-08,-67.13199999999986,176.7891,0.0,11.984682765525426,global_constant_velocity_baseline,historical_demo_not_real_time
B34,2017-04-05,7,2017-04-12,-67.13199999999986,176.7891,0.0,38.88320587636103,global_constant_velocity_baseline,historical_demo_not_real_time
B35,2017-12-29,1,2017-12-30,-67.86299999999989,-95.081,0.0,2.560458969109476,global_constant_velocity_baseline,historical_demo_not_real_time
B35,2017-12-29,3,2018-01-01,-67.86299999999989,-95.081,0.0,11.984682765525426,global_constant_velocity_baseline,historical_demo_not_real_time
B35,2017-12-29,7,2018-01-05,-67.86299999999989,-95.081,0.0,38.88320587636103,global_constant_velocity_baseline,historical_demo_not_real_time
B36,2015-10-02,1,2015-10-03,-74.57313076476706,-104.89299305696345,7440.55469266703,2.560458969109476,global_constant_velocity_baseline,historical_demo_not_real_time
B36,2015-10-02,3,2015-10-05,-74.48549076040352,-105.27567878379072,7440.55469266703,11.984682765525426,global_constant_velocity_baseline,historical_demo_not_real_time
B36,2015-10-02,7,2015-10-09,-74.30824719043116,-106.02799395125622,7440.55469266703,38.88320587636103,global_constant_velocity_baseline,historical_demo_not_real_time
B37,2022-03-11,1,2022-03-12,-72.37999999999998,-116.3429,0.0,2.560458969109476,global_constant_velocity_baseline,historical_demo_not_real_time
B37,2022-03-11,3,2022-03-14,-72.37999999999998,-116.3429,0.0,11.984682765525426,global_constant_velocity_baseline,historical_demo_not_real_time
B37,2022-03-11,7,2022-03-18,-72.37999999999998,-116.3429,0.0,38.88320587636103,global_constant_velocity_baseline,historical_demo_not_real_time
B38,2023-08-25,1,2023-08-26,-76.84,-155.27,0.0,2.560458969109476,global_constant_velocity_baseline,historical_demo_not_real_time
B38,2023-08-25,3,2023-08-28,-76.84,-155.27,0.0,11.984682765525426,global_constant_velocity_baseline,historical_demo_not_real_time
B38,2023-08-25,7,2023-09-01,-76.84,-155.27,0.0,38.88320587636103,global_constant_velocity_baseline,historical_demo_not_real_time
B39,2023-08-25,1,2023-08-26,-73.45999999999998,-54.55,0.0,2.560458969109476,global_constant_velocity_baseline,historical_demo_not_real_time
B39,2023-08-25,3,2023-08-28,-73.45999999999998,-54.55,0.0,11.984682765525426,global_constant_velocity_baseline,historical_demo_not_real_time
B39,2023-08-25,7,2023-09-01,-73.45999999999998,-54.55,0.0,38.88320587636103,global_constant_velocity_baseline,historical_demo_not_real_time
B40,2022-04-06,1,2022-04-07,-65.266959398282,125.21500407953727,17806.584604191736,2.560458969109476,global_constant_velocity_baseline,historical_demo_not_real_time
B40,2022-04-06,3,2022-04-09,-65.44712251675234,124.60068857070054,17806.584604191736,11.984682765525426,global_constant_velocity_baseline,historical_demo_not_real_time
B40,2022-04-06,7,2022-04-13,-65.79938564495916,123.34413417439795,17806.584604191736,38.88320587636103,global_constant_velocity_baseline,historical_demo_not_real_time
B41,2020-12-23,1,2020-12-24,-68.73809999999993,179.1596,0.0,2.560458969109476,global_constant_velocity_baseline,historical_demo_not_real_time
B41,2020-12-23,3,2020-12-26,-68.73809999999993,179.1596,0.0,11.984682765525426,global_constant_velocity_baseline,historical_demo_not_real_time
B41,2020-12-23,7,2020-12-30,-68.73809999999993,179.1596,0.0,38.88320587636103,global_constant_velocity_baseline,historical_demo_not_real_time
B42,2022-11-04,1,2022-11-05,-61.01611403337591,-131.48868722980006,19037.4304516485,2.560458969109476,global_constant_velocity_baseline,historical_demo_not_real_time
B42,2022-11-04,3,2022-11-07,-60.84331399676828,-130.9130168712841,19037.4304516485,11.984682765525426,global_constant_velocity_baseline,historical_demo_not_real_time
B42,2022-11-04,7,2022-11-11,-60.48980854266491,-129.78303258473596,19037.4304516485,38.88320587636103,global_constant_velocity_baseline,historical_demo_not_real_time
B43,2020-09-03,1,2020-09-04,-67.45028418058725,165.43103608232786,11053.350786583513,2.560458969109476,global_constant_velocity_baseline,historical_demo_not_real_time
B43,2020-09-03,3,2020-09-06,-67.28751187317118,165.71415625648984,11053.350786583513,11.984682765525426,global_constant_velocity_baseline,historical_demo_not_real_time
B43,2020-09-03,7,2020-09-10,-66.96065096983314,166.26806172217786,11053.350786583513,38.88320587636103,global_constant_velocity_baseline,historical_demo_not_real_time
B44,2017-10-23,1,2017-10-24,-74.93,-100.967,0.0,2.560458969109476,global_constant_velocity_baseline,historical_demo_not_real_time
B44,2017-10-23,3,2017-10-26,-74.93,-100.967,0.0,11.984682765525426,global_constant_velocity_baseline,historical_demo_not_real_time
B44,2017-10-23,7,2017-10-30,-74.93,-100.967,0.0,38.88320587636103,global_constant_velocity_baseline,historical_demo_not_real_time
B45,2025-03-06,1,2025-03-07,-72.75997606721467,-121.8379999042187,2239.3688334133317,2.560458969109476,global_constant_velocity_baseline,historical_demo_not_real_time
B45,2025-03-06,3,2025-03-09,-72.75985640381552,-121.97399865907319,2239.3688334133317,11.984682765525426,global_constant_velocity_baseline,historical_demo_not_real_time
B45,2025-03-06,7,2025-03-13,-72.75932989530367,-122.24598659123049,2239.3688334133317,38.88320587636103,global_constant_velocity_baseline,historical_demo_not_real_time
B46,2023-08-25,1,2023-08-26,-65.60999999999974,-151.26000000000002,0.0,2.560458969109476,global_constant_velocity_baseline,historical_demo_not_real_time
B46,2023-08-25,3,2023-08-28,-65.60999999999974,-151.26000000000002,0.0,11.984682765525426,global_constant_velocity_baseline,historical_demo_not_real_time
B46,2023-08-25,7,2023-09-01,-65.60999999999974,-151.26000000000002,0.0,38.88320587636103,global_constant_velocity_baseline,historical_demo_not_real_time
B47,2025-11-19,1,2025-11-20,-67.17178807844753,-177.02083809286867,5668.594808214391,2.560458969109476,global_constant_velocity_baseline,historical_demo_not_real_time
B47,2025-11-19,3,2025-11-22,-67.16062882402939,-177.2777235681759,5668.594808214391,11.984682765525426,global_constant_velocity_baseline,historical_demo_not_real_time
B47,2025-11-19,7,2025-11-26,-67.13697123997797,-177.790696968562,5668.594808214391,38.88320587636103,global_constant_velocity_baseline,historical_demo_not_real_time
B48,2020-06-09,1,2020-06-10,-73.75219999999999,-117.7368,0.0,2.560458969109476,global_constant_velocity_baseline,historical_demo_not_real_time
B48,2020-06-09,3,2020-06-12,-73.75219999999999,-117.7368,0.0,11.984682765525426,global_constant_velocity_baseline,historical_demo_not_real_time
B48,2020-06-09,7,2020-06-16,-73.75219999999999,-117.7368,0.0,38.88320587636103,global_constant_velocity_baseline,historical_demo_not_real_time
B49,2020-09-19,1,2020-09-20,-74.12491148161723,-106.44829267075092,4882.360223286107,2.560458969109476,global_constant_velocity_baseline,historical_demo_not_real_time
B49,2020-09-19,3,2020-09-22,-74.07807055201337,-106.72105703870793,4882.360223286107,11.984682765525426,global_constant_velocity_baseline,historical_demo_not_real_time
B49,2020-09-19,7,2020-09-26,-73.98334470979374,-107.26170992071816,4882.360223286107,38.88320587636103,global_constant_velocity_baseline,historical_demo_not_real_time
B50,2022-09-17,1,2022-09-18,-57.84999999999773,-149.11,0.0,2.560458969109476,global_constant_velocity_baseline,historical_demo_not_real_time
B50,2022-09-17,3,2022-09-20,-57.84999999999773,-149.11,0.0,11.984682765525426,global_constant_velocity_baseline,historical_demo_not_real_time
B50,2022-09-17,7,2022-09-24,-57.84999999999773,-149.11,0.0,38.88320587636103,global_constant_velocity_baseline,historical_demo_not_real_time
C01,1982-12-05,1,1982-12-06,-65.19965557982442,111.59924294254017,53.29372050169208,2.560458969109476,global_constant_velocity_baseline,historical_demo_not_real_time
C01,1982-12-05,3,1982-12-08,-65.19896672818811,111.59772889263877,53.29372050169208,11.984682765525426,global_constant_velocity_baseline,historical_demo_not_real_time
C01,1982-12-05,7,1982-12-12,-65.19758897977822,111.59470105289016,53.29372050169208,38.88320587636103,global_constant_velocity_baseline,historical_demo_not_real_time
C02,1990-02-04,1,1990-02-05,-52.49999999999283,-42.5,0.0,2.560458969109476,global_constant_velocity_baseline,historical_demo_not_real_time
C02,1990-02-04,3,1990-02-07,-52.49999999999283,-42.5,0.0,11.984682765525426,global_constant_velocity_baseline,historical_demo_not_real_time
C02,1990-02-04,7,1990-02-11,-52.49999999999283,-42.5,0.0,38.88320587636103,global_constant_velocity_baseline,historical_demo_not_real_time
C03,1983-02-27,1,1983-02-28,-67.39999999999986,147.6,0.0,2.560458969109476,global_constant_velocity_baseline,historical_demo_not_real_time
C03,1983-02-27,3,1983-03-02,-67.39999999999986,147.6,0.0,11.984682765525426,global_constant_velocity_baseline,historical_demo_not_real_time
C03,1983-02-27,7,1983-03-06,-67.39999999999986,147.6,0.0,38.88320587636103,global_constant_velocity_baseline,historical_demo_not_real_time
C05,1995-10-29,1,1995-10-30,-65.59999999999974,52.5,0.0,2.560458969109476,global_constant_velocity_baseline,historical_demo_not_real_time
C05,1995-10-29,3,1995-11-01,-65.59999999999974,52.5,0.0,11.984682765525426,global_constant_velocity_baseline,historical_demo_not_real_time
C05,1995-10-29,7,1995-11-05,-65.59999999999974,52.5,0.0,38.88320587636103,global_constant_velocity_baseline,historical_demo_not_real_time
C06,1993-11-17,1,1993-11-18,-58.09053692266475,94.04021055602145,16728.266770888884,2.560458969109476,global_constant_velocity_baseline,historical_demo_not_real_time
C06,1993-11-17,3,1993-11-20,-57.98053575936569,94.53674472260599,16728.266770888884,11.984682765525426,global_constant_velocity_baseline,historical_demo_not_real_time
C06,1993-11-17,7,1993-11-24,-57.75393365022545,95.51894433800327,16728.266770888884,38.88320587636103,global_constant_velocity_baseline,historical_demo_not_real_time
C07,1992-10-11,1,1992-10-12,-58.11259999999786,-44.8839,0.0,2.560458969109476,global_constant_velocity_baseline,historical_demo_not_real_time
C07,1992-10-11,3,1992-10-14,-58.11259999999786,-44.8839,0.0,11.984682765525426,global_constant_velocity_baseline,historical_demo_not_real_time
C07,1992-10-11,7,1992-10-18,-58.11259999999786,-44.8839,0.0,38.88320587636103,global_constant_velocity_baseline,historical_demo_not_real_time
C08,2009-11-22,1,2009-11-23,-59.49670359268613,-38.84215697153617,4824.65950284695,2.560458969109476,global_constant_velocity_baseline,historical_demo_not_real_time
C08,2009-11-22,3,2009-11-25,-59.416521657179445,-38.80104091226149,4824.65950284695,11.984682765525426,global_constant_velocity_baseline,historical_demo_not_real_time
C08,2009-11-22,7,2009-11-29,-59.2562020044202,-38.71948243249517,4824.65950284695,38.88320587636103,global_constant_velocity_baseline,historical_demo_not_real_time
C09,2004-12-08,1,2004-12-09,-65.96399999999979,50.659299999999995,0.0,2.560458969109476,global_constant_velocity_baseline,historical_demo_not_real_time
C09,2004-12-08,3,2004-12-11,-65.96399999999979,50.659299999999995,0.0,11.984682765525426,global_constant_velocity_baseline,historical_demo_not_real_time
C09,2004-12-08,7,2004-12-15,-65.96399999999979,50.659299999999995,0.0,38.88320587636103,global_constant_velocity_baseline,historical_demo_not_real_time
C10,2006-07-13,1,2006-07-14,-70.05839999999995,25.35419999999999,0.0,2.560458969109476,global_constant_velocity_baseline,historical_demo_not_real_time
C10,2006-07-13,3,2006-07-16,-70.05839999999995,25.35419999999999,0.0,11.984682765525426,global_constant_velocity_baseline,historical_demo_not_real_time
C10,2006-07-13,7,2006-07-20,-70.05839999999995,25.35419999999999,0.0,38.88320587636103,global_constant_velocity_baseline,historical_demo_not_real_time
C11,2001-07-23,1,2001-07-24,-64.75349999999966,96.775,0.0,2.560458969109476,global_constant_velocity_baseline,historical_demo_not_real_time
C11,2001-07-23,3,2001-07-26,-64.75349999999966,96.775,0.0,11.984682765525426,global_constant_velocity_baseline,historical_demo_not_real_time
C11,2001-07-23,7,2001-07-30,-64.75349999999966,96.775,0.0,38.88320587636103,global_constant_velocity_baseline,historical_demo_not_real_time
C12,2001-07-23,1,2001-07-24,-64.75169999999966,96.86900000000001,0.0,2.560458969109476,global_constant_velocity_baseline,historical_demo_not_real_time
C12,2001-07-23,3,2001-07-26,-64.75169999999966,96.86900000000001,0.0,11.984682765525426,global_constant_velocity_baseline,historical_demo_not_real_time
C12,2001-07-23,7,2001-07-30,-64.75169999999966,96.86900000000001,0.0,38.88320587636103,global_constant_velocity_baseline,historical_demo_not_real_time
C13,1997-04-20,1,1997-04-21,-74.01626539603214,168.57090800257006,3161.2523218164506,2.560458969109476,global_constant_velocity_baseline,historical_demo_not_real_time
C13,1997-04-20,3,1997-04-23,-73.9886786249356,168.7522491144722,3161.2523218164506,11.984682765525426,global_constant_velocity_baseline,historical_demo_not_real_time
C13,1997-04-20,7,1997-04-27,-73.93303784863889,169.11303072987428,3161.2523218164506,38.88320587636103,global_constant_velocity_baseline,historical_demo_not_real_time
C14,2003-01-26,1,2003-01-27,-67.29915135814059,147.4009143816178,103.74121596158888,2.560458969109476,global_constant_velocity_baseline,historical_demo_not_real_time
C14,2003-01-26,3,2003-01-29,-67.29745406480326,147.40274293451603,103.74121596158888,11.984682765525426,global_constant_velocity_baseline,historical_demo_not_real_time
C14,2003-01-26,7,2003-02-02,-67.29405943967537,147.40639919917587,103.74121596158888,38.88320587636103,global_constant_velocity_baseline,historical_demo_not_real_time
C14A,2013-02-22,1,2013-02-23,-65.55139917969736,123.25630863309375,1113.440396289899,2.560458969109476,global_constant_velocity_baseline,historical_demo_not_real_time
C14A,2013-02-22,3,2013-02-25,-65.5681950729073,123.2807518307988,1113.440396289899,11.984682765525426,global_constant_velocity_baseline,historical_demo_not_real_time
C14A,2013-02-22,7,2013-03-01,-65.6017769575529,123.32974217839617,1113.440396289899,38.88320587636103,global_constant_velocity_baseline,historical_demo_not_real_time
C14B,2004-06-28,1,2004-06-29,-67.80249999999988,147.21040000000002,0.0,2.560458969109476,global_constant_velocity_baseline,historical_demo_not_real_time
C14B,2004-06-28,3,2004-07-01,-67.80249999999988,147.21040000000002,0.0,11.984682765525426,global_constant_velocity_baseline,historical_demo_not_real_time
C14B,2004-06-28,7,2004-07-05,-67.80249999999988,147.21040000000002,0.0,38.88320587636103,global_constant_velocity_baseline,historical_demo_not_real_time
C15,2026-04-22,1,2026-04-23,-65.87029999999976,143.1445,0.0,2.560458969109476,global_constant_velocity_baseline,historical_demo_not_real_time
C15,2026-04-22,3,2026-04-25,-65.87029999999976,143.1445,0.0,11.984682765525426,global_constant_velocity_baseline,historical_demo_not_real_time
C15,2026-04-22,7,2026-04-29,-65.87029999999976,143.1445,0.0,38.88320587636103,global_constant_velocity_baseline,historical_demo_not_real_time
C16,2014-06-06,1,2014-06-07,-45.83622039069133,26.26758718924547,48512.4545303297,2.560458969109476,global_constant_velocity_baseline,historical_demo_not_real_time
C16,2014-06-06,3,2014-06-09,-45.090871976499315,26.53520394376139,48512.4545303297,11.984682765525426,global_constant_velocity_baseline,historical_demo_not_real_time
C16,2014-06-06,7,2014-06-13,-43.609345152284256,27.042039477343337,48512.4545303297,38.88320587636103,global_constant_velocity_baseline,historical_demo_not_real_time
C17,2004-02-03,1,2004-02-04,-68.00809999999989,153.792,0.0,2.560458969109476,global_constant_velocity_baseline,historical_demo_not_real_time
C17,2004-02-03,3,2004-02-06,-68.00809999999989,153.792,0.0,11.984682765525426,global_constant_velocity_baseline,historical_demo_not_real_time
C17,2004-02-03,7,2004-02-10,-68.00809999999989,153.792,0.0,38.88320587636103,global_constant_velocity_baseline,historical_demo_not_real_time
C18,2004-02-21,1,2004-02-22,-66.80289999999984,151.89600000000002,0.0,2.560458969109476,global_constant_velocity_baseline,historical_demo_not_real_time
C18,2004-02-21,3,2004-02-24,-66.80289999999984,151.89600000000002,0.0,11.984682765525426,global_constant_velocity_baseline,historical_demo_not_real_time
C18,2004-02-21,7,2004-02-28,-66.80289999999984,151.89600000000002,0.0,38.88320587636103,global_constant_velocity_baseline,historical_demo_not_real_time
C18A,2009-11-22,1,2009-11-23,-56.35877670044955,-37.1261332743893,34487.66774248782,2.560458969109476,global_constant_velocity_baseline,historical_demo_not_real_time
C18A,2009-11-22,3,2009-11-25,-56.91702271950021,-37.43957282918955,34487.66774248782,11.984682765525426,global_constant_velocity_baseline,historical_demo_not_real_time
C18A,2009-11-22,7,2009-11-29,-58.035208130668416,-38.101187999665065,34487.66774248782,38.88320587636103,global_constant_velocity_baseline,historical_demo_not_real_time
C18B,2026-04-22,1,2026-04-23,-66.97099999999985,47.366600000000005,0.0,2.560458969109476,global_constant_velocity_baseline,historical_demo_not_real_time
C18B,2026-04-22,3,2026-04-25,-66.97099999999985,47.366600000000005,0.0,11.984682765525426,global_constant_velocity_baseline,historical_demo_not_real_time
C18B,2026-04-22,7,2026-04-29,-66.97099999999985,47.366600000000005,0.0,38.88320587636103,global_constant_velocity_baseline,historical_demo_not_real_time
C18C,2026-04-22,1,2026-04-23,-68.49179999999991,39.10079999999999,0.0,2.560458969109476,global_constant_velocity_baseline,historical_demo_not_real_time
C18C,2026-04-22,3,2026-04-25,-68.49179999999991,39.10079999999999,0.0,11.984682765525426,global_constant_velocity_baseline,historical_demo_not_real_time
C18C,2026-04-22,7,2026-04-29,-68.49179999999991,39.10079999999999,0.0,38.88320587636103,global_constant_velocity_baseline,historical_demo_not_real_time
C19,2003-07-24,1,2003-07-25,-68.99469999999991,160.8327,0.0,2.560458969109476,global_constant_velocity_baseline,historical_demo_not_real_time
C19,2003-07-24,3,2003-07-27,-68.99469999999991,160.8327,0.0,11.984682765525426,global_constant_velocity_baseline,historical_demo_not_real_time
C19,2003-07-24,7,2003-07-31,-68.99469999999991,160.8327,0.0,38.88320587636103,global_constant_velocity_baseline,historical_demo_not_real_time
C19A,2009-04-01,1,2009-04-02,-59.08043919838119,-98.37061994896813,20841.095653336655,2.560458969109476,global_constant_velocity_baseline,historical_demo_not_real_time
C19A,2009-04-01,3,2009-04-04,-59.43653180662137,-98.30569192755802,20841.095653336655,11.984682765525426,global_constant_velocity_baseline,historical_demo_not_real_time
C19A,2009-04-01,7,2009-04-08,-60.15034972433206,-98.17096017082078,20841.095653336655,38.88320587636103,global_constant_velocity_baseline,historical_demo_not_real_time
C19B,2006-12-31,1,2007-01-01,-64.31879999999961,98.3783,0.0,2.560458969109476,global_constant_velocity_baseline,historical_demo_not_real_time
C19B,2006-12-31,3,2007-01-03,-64.31879999999961,98.3783,0.0,11.984682765525426,global_constant_velocity_baseline,historical_demo_not_real_time
C19B,2006-12-31,7,2007-01-07,-64.31879999999961,98.3783,0.0,38.88320587636103,global_constant_velocity_baseline,historical_demo_not_real_time
C19C,2013-03-09,1,2013-03-10,-45.05445362569797,-2.899694177594877,25560.923152839783,2.560458969109476,global_constant_velocity_baseline,historical_demo_not_real_time
C19C,2013-03-09,3,2013-03-12,-44.964137763466795,-2.344909676708574,25560.923152839783,11.984682765525426,global_constant_velocity_baseline,historical_demo_not_real_time
C19C,2013-03-09,7,2013-03-16,-44.772329505795184,-1.2429523343495112,25560.923152839783,38.88320587636103,global_constant_velocity_baseline,historical_demo_not_real_time
C19C1,2013-01-25,1,2013-01-26,-53.721986915281235,-35.66699456605978,2550.463405971362,2.560458969109476,global_constant_velocity_baseline,historical_demo_not_real_time
C19C1,2013-01-25,3,2013-01-28,-53.72712147748175,-35.59576750143167,2550.463405971362,11.984682765525426,global_constant_velocity_baseline,historical_demo_not_real_time
C19C1,2013-01-25,7,2013-02-01,-53.737233429708375,-35.45324932207284,2550.463405971362,38.88320587636103,global_constant_velocity_baseline,historical_demo_not_real_time
C19D,2009-10-14,1,2009-10-15,-52.73213527286855,-46.7910661736579,17376.15375147708,2.560458969109476,global_constant_velocity_baseline,historical_demo_not_real_time
C19D,2009-10-14,3,2009-10-17,-52.46091650637333,-46.95052521130001,17376.15375147708,11.984682765525426,global_constant_velocity_baseline,historical_demo_not_real_time
C19D,2009-10-14,7,2009-10-21,-51.91895497060972,-47.26214174650436,17376.15375147708,38.88320587636103,global_constant_velocity_baseline,historical_demo_not_real_time
C19E,2004-04-25,1,2004-04-26,-66.53779999999983,148.9906,0.0,2.560458969109476,global_constant_velocity_baseline,historical_demo_not_real_time
C19E,2004-04-25,3,2004-04-28,-66.53779999999983,148.9906,0.0,11.984682765525426,global_constant_velocity_baseline,historical_demo_not_real_time
C19E,2004-04-25,7,2004-05-02,-66.53779999999983,148.9906,0.0,38.88320587636103,global_constant_velocity_baseline,historical_demo_not_real_time
C20,2006-03-06,1,2006-03-07,-47.79950148044575,106.69094970999166,38367.84050265229,2.560458969109476,global_constant_velocity_baseline,historical_demo_not_real_time
C20,2006-03-06,3,2006-03-09,-47.93354501182889,107.5874168212001,38367.84050265229,11.984682765525426,global_constant_velocity_baseline,historical_demo_not_real_time
C20,2006-03-06,7,2006-03-13,-48.17337192814979,109.39809086769432,38367.84050265229,38.88320587636103,global_constant_velocity_baseline,historical_demo_not_real_time
C21,2005-03-19,1,2005-03-20,-65.9978633848014,90.0287858457107,11506.922867517484,2.560458969109476,global_constant_velocity_baseline,historical_demo_not_real_time
C21,2005-03-19,3,2005-03-22,-66.01627793128284,89.53215123288719,11506.922867517484,11.984682765525426,global_constant_velocity_baseline,historical_demo_not_real_time
C21,2005-03-19,7,2005-03-26,-66.04784293841422,88.53671235389511,11506.922867517484,38.88320587636103,global_constant_velocity_baseline,historical_demo_not_real_time
C21A,2008-07-26,1,2008-07-27,-54.58907872437833,-40.56090586001843,5407.797919729477,2.560458969109476,global_constant_velocity_baseline,historical_demo_not_real_time
C21A,2008-07-26,3,2008-07-29,-54.52137275664269,-40.457234212626425,5407.797919729477,11.984682765525426,global_constant_velocity_baseline,historical_demo_not_real_time
C21A,2008-07-26,7,2008-08-02,-54.3857100105103,-40.25115083095346,5407.797919729477,38.88320587636103,global_constant_velocity_baseline,historical_demo_not_real_time
C21B,2026-04-22,1,2026-04-23,-64.98189999999968,95.8902,0.0,2.560458969109476,global_constant_velocity_baseline,historical_demo_not_real_time
C21B,2026-04-22,3,2026-04-25,-64.98189999999968,95.8902,0.0,11.984682765525426,global_constant_velocity_baseline,historical_demo_not_real_time
C21B,2026-04-22,7,2026-04-29,-64.98189999999968,95.8902,0.0,38.88320587636103,global_constant_velocity_baseline,historical_demo_not_real_time
C21C,2006-06-11,1,2006-06-12,-65.82570006658115,84.43,487.7798331335778,2.560458969109476,global_constant_velocity_baseline,historical_demo_not_real_time
C21C,2006-06-11,3,2006-06-14,-65.81710039952901,84.43,487.7798331335778,11.984682765525426,global_constant_velocity_baseline,historical_demo_not_real_time
C21C,2006-06-11,7,2006-06-18,-65.79990186485166,84.43,487.7798331335778,38.88320587636103,global_constant_velocity_baseline,historical_demo_not_real_time
C22,2005-10-23,1,2005-10-24,-70.12999945286735,166.7595999997305,365.2542033019686,2.560458969109476,global_constant_velocity_baseline,historical_demo_not_real_time
C22,2005-10-23,3,2005-10-26,-70.12999671720458,166.77879999622698,365.2542033019686,11.984682765525426,global_constant_velocity_baseline,historical_demo_not_real_time
C22,2005-10-23,7,2005-10-30,-70.12998468029323,166.81719996226937,365.2542033019686,38.88320587636103,global_constant_velocity_baseline,historical_demo_not_real_time
C23,2005-10-23,1,2005-10-24,-70.52331678252278,171.1758336889641,8567.956822628677,2.560458969109476,global_constant_velocity_baseline,historical_demo_not_real_time
C23,2005-10-23,3,2005-10-26,-70.37000094386194,171.16760052550632,8567.956822628677,11.984682765525426,global_constant_velocity_baseline,historical_demo_not_real_time
C23,2005-10-23,7,2005-10-30,-70.06357338714426,171.15152112774697,8567.956822628677,38.88320587636103,global_constant_velocity_baseline,historical_demo_not_real_time
C24,2026-04-22,1,2026-04-23,-64.83999999999966,96.02,0.0,2.560458969109476,global_constant_velocity_baseline,historical_demo_not_real_time
C24,2026-04-22,3,2026-04-25,-64.83999999999966,96.02,0.0,11.984682765525426,global_constant_velocity_baseline,historical_demo_not_real_time
C24,2026-04-22,7,2026-04-29,-64.83999999999966,96.02,0.0,38.88320587636103,global_constant_velocity_baseline,historical_demo_not_real_time
C25,2007-02-05,1,2007-02-06,-72.20619999999997,170.928,0.0,2.560458969109476,global_constant_velocity_baseline,historical_demo_not_real_time
C25,2007-02-05,3,2007-02-08,-72.20619999999997,170.928,0.0,11.984682765525426,global_constant_velocity_baseline,historical_demo_not_real_time
C25,2007-02-05,7,2007-02-12,-72.20619999999997,170.928,0.0,38.88320587636103,global_constant_velocity_baseline,historical_demo_not_real_time
C26,2011-02-13,1,2011-02-14,-60.681363193904666,-179.482257876303,33953.18752627247,2.560458969109476,global_constant_velocity_baseline,historical_demo_not_real_time
C26,2011-02-13,3,2011-02-16,-60.10490432650608,-179.27327764569029,33953.18752627247,11.984682765525426,global_constant_velocity_baseline,historical_demo_not_real_time
C26,2011-02-13,7,2011-02-20,-58.95541333183183,-178.8795890028812,33953.18752627247,38.88320587636103,global_constant_velocity_baseline,historical_demo_not_real_time
C27,2010-03-14,1,2010-03-15,-64.67999999999967,96.73,0.0,2.560458969109476,global_constant_velocity_baseline,historical_demo_not_real_time
C27,2010-03-14,3,2010-03-17,-64.67999999999967,96.73,0.0,11.984682765525426,global_constant_velocity_baseline,historical_demo_not_real_time
C27,2010-03-14,7,2010-03-21,-64.67999999999967,96.73,0.0,38.88320587636103,global_constant_velocity_baseline,historical_demo_not_real_time
C28,2010-03-28,1,2010-03-29,-65.97312215290229,142.81374475147493,5776.918953023545,2.560458969109476,global_constant_velocity_baseline,historical_demo_not_real_time
C28,2010-03-28,3,2010-03-31,-65.91913412885239,142.6019680450974,5776.918953023545,11.984682765525426,global_constant_velocity_baseline,historical_demo_not_real_time
C28,2010-03-28,7,2010-04-04,-65.81023721596395,142.18134620659347,5776.918953023545,38.88320587636103,global_constant_velocity_baseline,historical_demo_not_real_time
C28A,2014-08-10,1,2014-08-11,-58.960599999998244,87.8556,0.0,2.560458969109476,global_constant_velocity_baseline,historical_demo_not_real_time
C28A,2014-08-10,3,2014-08-13,-58.960599999998244,87.8556,0.0,11.984682765525426,global_constant_velocity_baseline,historical_demo_not_real_time
C28A,2014-08-10,7,2014-08-17,-58.960599999998244,87.8556,0.0,38.88320587636103,global_constant_velocity_baseline,historical_demo_not_real_time
C28A2,2015-05-25,1,2015-05-26,-66.11299999999979,124.132,0.0,2.560458969109476,global_constant_velocity_baseline,historical_demo_not_real_time
C28A2,2015-05-25,3,2015-05-28,-66.11299999999979,124.132,0.0,11.984682765525426,global_constant_velocity_baseline,historical_demo_not_real_time
C28A2,2015-05-25,7,2015-06-01,-66.11299999999979,124.132,0.0,38.88320587636103,global_constant_velocity_baseline,historical_demo_not_real_time
C28B,2018-08-10,1,2018-08-11,-57.56818214741462,-38.79867916068689,29743.05956970609,2.560458969109476,global_constant_velocity_baseline,historical_demo_not_real_time
C28B,2018-08-10,3,2018-08-13,-57.06560307412676,-38.695390494496635,29743.05956970609,11.984682765525426,global_constant_velocity_baseline,historical_demo_not_real_time
C28B,2018-08-10,7,2018-08-17,-56.063940694948904,-38.498470481508136,29743.05956970609,38.88320587636103,global_constant_velocity_baseline,historical_demo_not_real_time
C29,2026-02-25,1,2026-02-26,-65.42599752470251,129.07528980691765,1156.2725518574073,2.560458969109476,global_constant_velocity_baseline,historical_demo_not_real_time
C29,2026-02-25,3,2026-02-28,-65.43878513889071,129.03723882544674,1156.2725518574073,11.984682765525426,global_constant_velocity_baseline,historical_demo_not_real_time
C29,2026-02-25,7,2026-03-04,-65.46433056103695,128.96101436913102,1156.2725518574073,38.88320587636103,global_constant_velocity_baseline,historical_demo_not_real_time
C30,2026-04-22,1,2026-04-23,-64.77999999999967,96.28,0.0,2.560458969109476,global_constant_velocity_baseline,historical_demo_not_real_time
C30,2026-04-22,3,2026-04-25,-64.77999999999967,96.28,0.0,11.984682765525426,global_constant_velocity_baseline,historical_demo_not_real_time
C30,2026-04-22,7,2026-04-29,-64.77999999999967,96.28,0.0,38.88320587636103,global_constant_velocity_baseline,historical_demo_not_real_time
C31,2026-04-22,1,2026-04-23,-64.72679999999966,96.50230000000002,0.0,2.560458969109476,global_constant_velocity_baseline,historical_demo_not_real_time
C31,2026-04-22,3,2026-04-25,-64.72679999999966,96.50230000000002,0.0,11.984682765525426,global_constant_velocity_baseline,historical_demo_not_real_time
C31,2026-04-22,7,2026-04-29,-64.72679999999966,96.50230000000002,0.0,38.88320587636103,global_constant_velocity_baseline,historical_demo_not_real_time
C32,2023-03-07,1,2023-03-08,-66.06929999999979,132.7729,0.0,2.560458969109476,global_constant_velocity_baseline,historical_demo_not_real_time
C32,2023-03-07,3,2023-03-10,-66.06929999999979,132.7729,0.0,11.984682765525426,global_constant_velocity_baseline,historical_demo_not_real_time
C32,2023-03-07,7,2023-03-14,-66.06929999999979,132.7729,0.0,38.88320587636103,global_constant_velocity_baseline,historical_demo_not_real_time
C33,2026-04-22,1,2026-04-23,-65.22059999999972,101.268,0.0,2.560458969109476,global_constant_velocity_baseline,historical_demo_not_real_time
C33,2026-04-22,3,2026-04-25,-65.22059999999972,101.268,0.0,11.984682765525426,global_constant_velocity_baseline,historical_demo_not_real_time
C33,2026-04-22,7,2026-04-29,-65.22059999999972,101.268,0.0,38.88320587636103,global_constant_velocity_baseline,historical_demo_not_real_time
C34,2020-12-22,1,2020-12-23,-65.71089999999974,82.0385,0.0,2.560458969109476,global_constant_velocity_baseline,historical_demo_not_real_time
C34,2020-12-22,3,2020-12-25,-65.71089999999974,82.0385,0.0,11.984682765525426,global_constant_velocity_baseline,historical_demo_not_real_time
C34,2020-12-22,7,2020-12-29,-65.71089999999974,82.0385,0.0,38.88320587636103,global_constant_velocity_baseline,historical_demo_not_real_time
C35,2026-04-22,1,2026-04-23,-66.21849999999979,142.9539,0.0,2.560458969109476,global_constant_velocity_baseline,historical_demo_not_real_time
C35,2026-04-22,3,2026-04-25,-66.21849999999979,142.9539,0.0,11.984682765525426,global_constant_velocity_baseline,historical_demo_not_real_time
C35,2026-04-22,7,2026-04-29,-66.21849999999979,142.9539,0.0,38.88320587636103,global_constant_velocity_baseline,historical_demo_not_real_time
C36,2026-04-22,1,2026-04-23,-67.49829999999989,146.5713,0.0,2.560458969109476,global_constant_velocity_baseline,historical_demo_not_real_time
C36,2026-04-22,3,2026-04-25,-67.49829999999989,146.5713,0.0,11.984682765525426,global_constant_velocity_baseline,historical_demo_not_real_time
C36,2026-04-22,7,2026-04-29,-67.49829999999989,146.5713,0.0,38.88320587636103,global_constant_velocity_baseline,historical_demo_not_real_time
C37,2023-04-01,1,2023-04-02,-64.59769999999965,98.6827,0.0,2.560458969109476,global_constant_velocity_baseline,historical_demo_not_real_time
C37,2023-04-01,3,2023-04-04,-64.59769999999965,98.6827,0.0,11.984682765525426,global_constant_velocity_baseline,historical_demo_not_real_time
C37,2023-04-01,7,2023-04-08,-64.59769999999965,98.6827,0.0,38.88320587636103,global_constant_velocity_baseline,historical_demo_not_real_time
C38,2022-03-24,1,2022-03-25,-65.19769999999971,101.7221,0.0,2.560458969109476,global_constant_velocity_baseline,historical_demo_not_real_time
C38,2022-03-24,3,2022-03-27,-65.19769999999971,101.7221,0.0,11.984682765525426,global_constant_velocity_baseline,historical_demo_not_real_time
C38,2022-03-24,7,2022-03-31,-65.19769999999971,101.7221,0.0,38.88320587636103,global_constant_velocity_baseline,historical_demo_not_real_time
C38A,2023-02-20,1,2023-02-21,-65.21999999999971,101.16,0.0,2.560458969109476,global_constant_velocity_baseline,historical_demo_not_real_time
C38A,2023-02-20,3,2023-02-23,-65.21999999999971,101.16,0.0,11.984682765525426,global_constant_velocity_baseline,historical_demo_not_real_time
C38A,2023-02-20,7,2023-02-27,-65.21999999999971,101.16,0.0,38.88320587636103,global_constant_velocity_baseline,historical_demo_not_real_time
C38B,2023-08-25,1,2023-08-26,-65.05040024742156,98.65393355917391,1130.2804989821436,2.560458969109476,global_constant_velocity_baseline,historical_demo_not_real_time
C38B,2023-08-25,3,2023-08-28,-65.03120095852924,98.6418151063838,1130.2804989821436,11.984682765525426,global_constant_velocity_baseline,historical_demo_not_real_time
C38B,2023-08-25,7,2023-09-01,-64.9928032587793,98.61763576012704,1130.2804989821436,38.88320587636103,global_constant_velocity_baseline,historical_demo_not_real_time
C39,2026-04-22,1,2026-04-23,-69.11958673479828,74.92675173057305,3972.1144964464606,2.560458969109476,global_constant_velocity_baseline,historical_demo_not_real_time
C39,2026-04-22,3,2026-04-25,-69.05872072899805,74.82550800052486,3972.1144964464606,11.984682765525426,global_constant_velocity_baseline,historical_demo_not_real_time
C39,2026-04-22,7,2026-04-29,-68.93683303479324,74.62481523995098,3972.1144964464606,38.88320587636103,global_constant_velocity_baseline,historical_demo_not_real_time
C40,2023-06-26,1,2023-06-27,-66.4394999999998,109.8875,0.0,2.560458969109476,global_constant_velocity_baseline,historical_demo_not_real_time
C40,2023-06-26,3,2023-06-29,-66.4394999999998,109.8875,0.0,11.984682765525426,global_constant_velocity_baseline,historical_demo_not_real_time
C40,2023-06-26,7,2023-07-03,-66.4394999999998,109.8875,0.0,38.88320587636103,global_constant_velocity_baseline,historical_demo_not_real_time
D01,1977-01-02,1,1977-01-03,-66.33810828180911,65.09033100441742,18938.258900471435,2.560458969109476,global_constant_velocity_baseline,historical_demo_not_real_time
D01,1977-01-02,3,1977-01-05,-66.54560558590846,65.7464633369743,18938.258900471435,11.984682765525426,global_constant_velocity_baseline,historical_demo_not_real_time
D01,1977-01-02,7,1977-01-09,-66.95180805623896,67.09472589247967,18938.258900471435,38.88320587636103,global_constant_velocity_baseline,historical_demo_not_real_time
D02,1977-03-13,1,1977-03-14,-66.4999999999998,81.8,0.0,2.560458969109476,global_constant_velocity_baseline,historical_demo_not_real_time
D02,1977-03-13,3,1977-03-16,-66.4999999999998,81.8,0.0,11.984682765525426,global_constant_velocity_baseline,historical_demo_not_real_time
D02,1977-03-13,7,1977-03-20,-66.4999999999998,81.8,0.0,38.88320587636103,global_constant_velocity_baseline,historical_demo_not_real_time
D03,1979-04-29,1,1979-04-30,-64.5999885271369,77.98571432123813,699.1410380334868,2.560458969109476,global_constant_velocity_baseline,historical_demo_not_real_time
D03,1979-04-29,3,1979-05-02,-64.59996099229022,77.95714300811903,699.1410380334868,11.984682765525426,global_constant_velocity_baseline,historical_demo_not_real_time
D03,1979-04-29,7,1979-05-06,-64.59988756619708,77.90000060923111,699.1410380334868,38.88320587636103,global_constant_velocity_baseline,historical_demo_not_real_time
D04,1979-12-09,1,1979-12-10,-55.39477994054929,83.94947160112977,12953.42350059345,2.560458969109476,global_constant_velocity_baseline,historical_demo_not_real_time
D04,1979-12-09,3,1979-12-12,-55.18443930519767,83.84938666932453,12953.42350059345,11.984682765525426,global_constant_velocity_baseline,historical_demo_not_real_time
D04,1979-12-09,7,1979-12-16,-54.76416732013605,83.65302019121687,12953.42350059345,38.88320587636103,global_constant_velocity_baseline,historical_demo_not_real_time
D10,1996-04-14,1,1996-04-15,-69.09999999999992,75.0,0.0,2.560458969109476,global_constant_velocity_baseline,historical_demo_not_real_time
D10,1996-04-14,3,1996-04-17,-69.09999999999992,75.0,0.0,11.984682765525426,global_constant_velocity_baseline,historical_demo_not_real_time
D10,1996-04-14,7,1996-04-21,-69.09999999999992,75.0,0.0,38.88320587636103,global_constant_velocity_baseline,historical_demo_not_real_time
D11,2001-07-22,1,2001-07-23,-54.61077487859395,-14.891195998232115,6445.109739708967,2.560458969109476,global_constant_velocity_baseline,historical_demo_not_real_time
D11,2001-07-22,3,2001-07-25,-54.63207348068227,-15.0737642376777,6445.109739708967,11.984682765525426,global_constant_velocity_baseline,historical_demo_not_real_time
D11,2001-07-22,7,2001-07-29,-54.67366339700489,-15.439594250521994,6445.109739708967,38.88320587636103,global_constant_velocity_baseline,historical_demo_not_real_time
D12,1998-06-28,1,1998-06-29,-69.60110399835192,17.648418437488115,1896.313655590733,2.560458969109476,global_constant_velocity_baseline,historical_demo_not_real_time
D12,1998-06-28,3,1998-07-01,-69.60326917887453,17.745271187882455,1896.313655590733,11.984682765525426,global_constant_velocity_baseline,historical_demo_not_real_time
D12,1998-06-28,7,1998-07-05,-69.60742820697425,17.939038276025155,1896.313655590733,38.88320587636103,global_constant_velocity_baseline,historical_demo_not_real_time
D13,1997-05-04,1,1997-05-05,-66.50936418585911,48.73078766846583,3300.713249477107,2.560458969109476,global_constant_velocity_baseline,historical_demo_not_real_time
D13,1997-05-04,3,1997-05-07,-66.52799326330812,48.59219327882915,3300.713249477107,11.984682765525426,global_constant_velocity_baseline,historical_demo_not_real_time
D13,1997-05-04,7,1997-05-11,-66.56485300413712,48.31432935450204,3300.713249477107,38.88320587636103,global_constant_velocity_baseline,historical_demo_not_real_time
D14,2013-08-19,1,2013-08-20,-69.54362382268397,75.26355444247102,5676.246133106025,2.560458969109476,global_constant_velocity_baseline,historical_demo_not_real_time
D14,2013-08-19,3,2013-08-22,-69.60584134612412,75.49252967094442,5676.246133106025,11.984682765525426,global_constant_velocity_baseline,historical_demo_not_real_time
D14,2013-08-19,7,2013-08-26,-69.72934469802003,75.9547662377778,5676.246133106025,38.88320587636103,global_constant_velocity_baseline,historical_demo_not_real_time
D15,2017-12-31,1,2018-01-01,-66.5941999999998,81.6779,0.0,2.560458969109476,global_constant_velocity_baseline,historical_demo_not_real_time
D15,2017-12-31,3,2018-01-03,-66.5941999999998,81.6779,0.0,11.984682765525426,global_constant_velocity_baseline,historical_demo_not_real_time
D15,2017-12-31,7,2018-01-07,-66.5941999999998,81.6779,0.0,38.88320587636103,global_constant_velocity_baseline,historical_demo_not_real_time
D15A,2026-04-22,1,2026-04-23,-66.66959999999982,81.7869,0.0,2.560458969109476,global_constant_velocity_baseline,historical_demo_not_real_time
D15A,2026-04-22,3,2026-04-25,-66.66959999999982,81.7869,0.0,11.984682765525426,global_constant_velocity_baseline,historical_demo_not_real_time
D15A,2026-04-22,7,2026-04-29,-66.66959999999982,81.7869,0.0,38.88320587636103,global_constant_velocity_baseline,historical_demo_not_real_time
D15B,2026-04-22,1,2026-04-23,-67.03179999999985,81.4629,0.0,2.560458969109476,global_constant_velocity_baseline,historical_demo_not_real_time
D15B,2026-04-22,3,2026-04-25,-67.03179999999985,81.4629,0.0,11.984682765525426,global_constant_velocity_baseline,historical_demo_not_real_time
D15B,2026-04-22,7,2026-04-29,-67.03179999999985,81.4629,0.0,38.88320587636103,global_constant_velocity_baseline,historical_demo_not_real_time
D15C,2026-04-30,1,2026-05-01,-67.14819615144225,79.62548196425078,1419.586126594443,2.560458969109476,global_constant_velocity_baseline,historical_demo_not_real_time
D15C,2026-04-30,3,2026-05-03,-67.16457688898831,79.57639174178001,1419.586126594443,11.984682765525426,global_constant_velocity_baseline,historical_demo_not_real_time
D15C,2026-04-30,7,2026-05-07,-67.19729196481107,79.47799438746237,1419.586126594443,38.88320587636103,global_constant_velocity_baseline,historical_demo_not_real_time
D20,2013-10-18,1,2013-10-19,-69.26669999999993,36.65000000000001,0.0,2.560458969109476,global_constant_velocity_baseline,historical_demo_not_real_time
D20,2013-10-18,3,2013-10-21,-69.26669999999993,36.65000000000001,0.0,11.984682765525426,global_constant_velocity_baseline,historical_demo_not_real_time
D20,2013-10-18,7,2013-10-25,-69.26669999999993,36.65000000000001,0.0,38.88320587636103,global_constant_velocity_baseline,historical_demo_not_real_time
D20A,2023-08-25,1,2023-08-26,-66.3799999999998,-52.150000000000006,0.0,2.560458969109476,global_constant_velocity_baseline,historical_demo_not_real_time
D20A,2023-08-25,3,2023-08-28,-66.3799999999998,-52.150000000000006,0.0,11.984682765525426,global_constant_velocity_baseline,historical_demo_not_real_time
D20A,2023-08-25,7,2023-09-01,-66.3799999999998,-52.150000000000006,0.0,38.88320587636103,global_constant_velocity_baseline,historical_demo_not_real_time
D20B,2017-05-31,1,2017-06-01,-68.4495999999999,35.7909,0.0,2.560458969109476,global_constant_velocity_baseline,historical_demo_not_real_time
D20B,2017-05-31,3,2017-06-03,-68.4495999999999,35.7909,0.0,11.984682765525426,global_constant_velocity_baseline,historical_demo_not_real_time
D20B,2017-05-31,7,2017-06-07,-68.4495999999999,35.7909,0.0,38.88320587636103,global_constant_velocity_baseline,historical_demo_not_real_time
D21,2014-03-28,1,2014-03-29,-66.1999999999998,85.7667,0.0,2.560458969109476,global_constant_velocity_baseline,historical_demo_not_real_time
D21,2014-03-28,3,2014-03-31,-66.1999999999998,85.7667,0.0,11.984682765525426,global_constant_velocity_baseline,historical_demo_not_real_time
D21,2014-03-28,7,2014-04-04,-66.1999999999998,85.7667,0.0,38.88320587636103,global_constant_velocity_baseline,historical_demo_not_real_time
D21A,2018-03-14,1,2018-03-15,-59.37208508468346,-21.72857809363859,46593.83479380956,2.560458969109476,global_constant_velocity_baseline,historical_demo_not_real_time
D21A,2018-03-14,3,2018-03-17,-58.57634765691955,-21.599870227951296,46593.83479380956,11.984682765525426,global_constant_velocity_baseline,historical_demo_not_real_time
D21A,2018-03-14,7,2018-03-21,-56.99349232581865,-21.361919548453148,46593.83479380956,38.88320587636103,global_constant_velocity_baseline,historical_demo_not_real_time
D21B,2021-05-11,1,2021-05-12,-57.03079941503191,-25.704002896197235,829.084317984314,2.560458969109476,global_constant_velocity_baseline,historical_demo_not_real_time
D21B,2021-05-11,3,2021-05-14,-57.02039649193059,-25.686617373002,829.084317984314,11.984682765525426,global_constant_velocity_baseline,historical_demo_not_real_time
D21B,2021-05-11,7,2021-05-18,-56.99958364511041,-25.65188103499247,829.084317984314,38.88320587636103,global_constant_velocity_baseline,historical_demo_not_real_time
D22,2020-01-16,1,2020-01-17,-67.29389999999987,66.8083,0.0,2.560458969109476,global_constant_velocity_baseline,historical_demo_not_real_time
D22,2020-01-16,3,2020-01-19,-67.29389999999987,66.8083,0.0,11.984682765525426,global_constant_velocity_baseline,historical_demo_not_real_time
D22,2020-01-16,7,2020-01-23,-67.29389999999987,66.8083,0.0,38.88320587636103,global_constant_velocity_baseline,historical_demo_not_real_time
D23,2026-04-22,1,2026-04-23,-69.43999999999993,74.71,0.0,2.560458969109476,global_constant_velocity_baseline,historical_demo_not_real_time
D23,2026-04-22,3,2026-04-25,-69.43999999999993,74.71,0.0,11.984682765525426,global_constant_velocity_baseline,historical_demo_not_real_time
D23,2026-04-22,7,2026-04-29,-69.43999999999993,74.71,0.0,38.88320587636103,global_constant_velocity_baseline,historical_demo_not_real_time
D24,2016-03-14,1,2016-03-15,-66.1526999999998,57.7288,0.0,2.560458969109476,global_constant_velocity_baseline,historical_demo_not_real_time
D24,2016-03-14,3,2016-03-17,-66.1526999999998,57.7288,0.0,11.984682765525426,global_constant_velocity_baseline,historical_demo_not_real_time
D24,2016-03-14,7,2016-03-21,-66.1526999999998,57.7288,0.0,38.88320587636103,global_constant_velocity_baseline,historical_demo_not_real_time
D25,2016-07-17,1,2016-07-18,-66.91099999999985,32.8677,0.0,2.560458969109476,global_constant_velocity_baseline,historical_demo_not_real_time
D25,2016-07-17,3,2016-07-20,-66.91099999999985,32.8677,0.0,11.984682765525426,global_constant_velocity_baseline,historical_demo_not_real_time
D25,2016-07-17,7,2016-07-24,-66.91099999999985,32.8677,0.0,38.88320587636103,global_constant_velocity_baseline,historical_demo_not_real_time
D26,2023-05-18,1,2023-05-19,-69.77252444731027,19.128040877500382,55035.106677318305,2.560458969109476,global_constant_velocity_baseline,historical_demo_not_real_time
D26,2023-05-18,3,2023-05-21,-69.68028775975849,16.306002023067162,55035.106677318305,11.984682765525426,global_constant_velocity_baseline,historical_demo_not_real_time
D26,2023-05-18,7,2023-05-25,-69.35360936778342,10.772422739204385,55035.106677318305,38.88320587636103,global_constant_velocity_baseline,historical_demo_not_real_time
D27,2023-08-25,1,2023-08-26,-73.34999999999998,-41.839999999999996,0.0,2.560458969109476,global_constant_velocity_baseline,historical_demo_not_real_time
D27,2023-08-25,3,2023-08-28,-73.34999999999998,-41.839999999999996,0.0,11.984682765525426,global_constant_velocity_baseline,historical_demo_not_real_time
D27,2023-08-25,7,2023-09-01,-73.34999999999998,-41.839999999999996,0.0,38.88320587636103,global_constant_velocity_baseline,historical_demo_not_real_time
D28,2023-08-25,1,2023-08-26,-61.15999999999902,-53.31,0.0,2.560458969109476,global_constant_velocity_baseline,historical_demo_not_real_time
D28,2023-08-25,3,2023-08-28,-61.15999999999902,-53.31,0.0,11.984682765525426,global_constant_velocity_baseline,historical_demo_not_real_time
D28,2023-08-25,7,2023-09-01,-61.15999999999902,-53.31,0.0,38.88320587636103,global_constant_velocity_baseline,historical_demo_not_real_time
D29A,2023-08-25,1,2023-08-26,-61.349999999999056,-29.92000000000001,0.0,2.560458969109476,global_constant_velocity_baseline,historical_demo_not_real_time
D29A,2023-08-25,3,2023-08-28,-61.349999999999056,-29.92000000000001,0.0,11.984682765525426,global_constant_velocity_baseline,historical_demo_not_real_time
D29A,2023-08-25,7,2023-09-01,-61.349999999999056,-29.92000000000001,0.0,38.88320587636103,global_constant_velocity_baseline,historical_demo_not_real_time
D29B,2023-08-25,1,2023-08-26,-60.89999999999893,-54.8,0.0,2.560458969109476,global_constant_velocity_baseline,historical_demo_not_real_time
D29B,2023-08-25,3,2023-08-28,-60.89999999999893,-54.8,0.0,11.984682765525426,global_constant_velocity_baseline,historical_demo_not_real_time
D29B,2023-08-25,7,2023-09-01,-60.89999999999893,-54.8,0.0,38.88320587636103,global_constant_velocity_baseline,historical_demo_not_real_time
D29C,2023-08-25,1,2023-08-26,-62.019999999999236,-42.00000000000001,0.0,2.560458969109476,global_constant_velocity_baseline,historical_demo_not_real_time
D29C,2023-08-25,3,2023-08-28,-62.019999999999236,-42.00000000000001,0.0,11.984682765525426,global_constant_velocity_baseline,historical_demo_not_real_time
D29C,2023-08-25,7,2023-09-01,-62.019999999999236,-42.00000000000001,0.0,38.88320587636103,global_constant_velocity_baseline,historical_demo_not_real_time
D30A,2023-08-25,1,2023-08-26,-61.939999999999216,-54.56000000000001,0.0,2.560458969109476,global_constant_velocity_baseline,historical_demo_not_real_time
D30A,2023-08-25,3,2023-08-28,-61.939999999999216,-54.56000000000001,0.0,11.984682765525426,global_constant_velocity_baseline,historical_demo_not_real_time
D30A,2023-08-25,7,2023-09-01,-61.939999999999216,-54.56000000000001,0.0,38.88320587636103,global_constant_velocity_baseline,historical_demo_not_real_time
D30B,2026-04-22,1,2026-04-23,-60.61549999999887,-45.5579,0.0,2.560458969109476,global_constant_velocity_baseline,historical_demo_not_real_time
D30B,2026-04-22,3,2026-04-25,-60.61549999999887,-45.5579,0.0,11.984682765525426,global_constant_velocity_baseline,historical_demo_not_real_time
D30B,2026-04-22,7,2026-04-29,-60.61549999999887,-45.5579,0.0,38.88320587636103,global_constant_velocity_baseline,historical_demo_not_real_time
D31,2023-08-25,1,2023-08-26,-62.44999999999932,-45.9,0.0,2.560458969109476,global_constant_velocity_baseline,historical_demo_not_real_time
D31,2023-08-25,3,2023-08-28,-62.44999999999932,-45.9,0.0,11.984682765525426,global_constant_velocity_baseline,historical_demo_not_real_time
D31,2023-08-25,7,2023-09-01,-62.44999999999932,-45.9,0.0,38.88320587636103,global_constant_velocity_baseline,historical_demo_not_real_time
D32,2026-04-22,1,2026-04-23,-66.41005315391297,-47.67662910039318,5213.417350418839,2.560458969109476,global_constant_velocity_baseline,historical_demo_not_real_time
D32,2026-04-22,3,2026-04-25,-66.47201802440148,-47.84697683523493,5213.417350418839,11.984682765525426,global_constant_velocity_baseline,historical_demo_not_real_time
D32,2026-04-22,7,2026-04-29,-66.59537567760296,-48.1904460119333,5213.417350418839,38.88320587636103,global_constant_velocity_baseline,historical_demo_not_real_time
D33A,2026-04-22,1,2026-04-23,-65.06648898924918,-57.661734230870714,2236.1578409604012,2.560458969109476,global_constant_velocity_baseline,historical_demo_not_real_time
D33A,2026-04-22,3,2026-04-25,-65.04543400097403,-57.58310535521496,2236.1578409604012,11.984682765525426,global_constant_velocity_baseline,historical_demo_not_real_time
D33A,2026-04-22,7,2026-04-29,-65.00319261512338,-57.42625803777747,2236.1578409604012,38.88320587636103,global_constant_velocity_baseline,historical_demo_not_real_time
D33B,2026-04-22,1,2026-04-23,-66.98599999999985,-53.7309,0.0,2.560458969109476,global_constant_velocity_baseline,historical_demo_not_real_time
D33B,2026-04-22,3,2026-04-25,-66.98599999999985,-53.7309,0.0,11.984682765525426,global_constant_velocity_baseline,historical_demo_not_real_time
D33B,2026-04-22,7,2026-04-29,-66.98599999999985,-53.7309,0.0,38.88320587636103,global_constant_velocity_baseline,historical_demo_not_real_time
D33C,2026-04-30,1,2026-05-01,-65.07966743601672,-57.89268350400778,15590.961226632837,2.560458969109476,global_constant_velocity_baseline,historical_demo_not_real_time
D33C,2026-04-30,3,2026-05-03,-64.80600606593688,-57.86118870166875,15590.961226632837,11.984682765525426,global_constant_velocity_baseline,historical_demo_not_real_time
D33C,2026-04-30,7,2026-05-07,-64.2595084059609,-57.800269372991664,15590.961226632837,38.88320587636103,global_constant_velocity_baseline,historical_demo_not_real_time
D34,2026-04-22,1,2026-04-23,-67.11149999999986,81.9267,0.0,2.560458969109476,global_constant_velocity_baseline,historical_demo_not_real_time
D34,2026-04-22,3,2026-04-25,-67.11149999999986,81.9267,0.0,11.984682765525426,global_constant_velocity_baseline,historical_demo_not_real_time
D34,2026-04-22,7,2026-04-29,-67.11149999999986,81.9267,0.0,38.88320587636103,global_constant_velocity_baseline,historical_demo_not_real_time
D35,2026-04-22,1,2026-04-23,-65.24790149571349,-48.76129218528861,4945.351920319997,2.560458969109476,global_constant_velocity_baseline,historical_demo_not_real_time
D35,2026-04-22,3,2026-04-25,-65.16370912730919,-48.70915122317613,4945.351920319997,11.984682765525426,global_constant_velocity_baseline,historical_demo_not_real_time
D35,2026-04-22,7,2026-04-29,-64.9953440112456,-48.60595492337791,4945.351920319997,38.88320587636103,global_constant_velocity_baseline,historical_demo_not_real_time
D36,2026-04-22,1,2026-04-23,-66.2588999999998,86.791,0.0,2.560458969109476,global_constant_velocity_baseline,historical_demo_not_real_time
D36,2026-04-22,3,2026-04-25,-66.2588999999998,86.791,0.0,11.984682765525426,global_constant_velocity_baseline,historical_demo_not_real_time
D36,2026-04-22,7,2026-04-29,-66.2588999999998,86.791,0.0,38.88320587636103,global_constant_velocity_baseline,historical_demo_not_real_time
D37,2026-04-22,1,2026-04-23,-69.21399999999993,36.34599999999999,0.0,2.560458969109476,global_constant_velocity_baseline,historical_demo_not_real_time
D37,2026-04-22,3,2026-04-25,-69.21399999999993,36.34599999999999,0.0,11.984682765525426,global_constant_velocity_baseline,historical_demo_not_real_time
D37,2026-04-22,7,2026-04-29,-69.21399999999993,36.34599999999999,0.0,38.88320587636103,global_constant_velocity_baseline,historical_demo_not_real_time
E01,1992-11-28,1,1992-11-29,-72.51539999999999,-109.8859,0.0,2.560458969109476,global_constant_velocity_baseline,historical_demo_not_real_time
E01,1992-11-28,3,1992-12-01,-72.51539999999999,-109.8859,0.0,11.984682765525426,global_constant_velocity_baseline,historical_demo_not_real_time
E01,1992-11-28,7,1992-12-05,-72.51539999999999,-109.8859,0.0,38.88320587636103,global_constant_velocity_baseline,historical_demo_not_real_time
E02,1992-12-22,1,1992-12-23,-67.48209999999989,-147.8885,0.0,2.560458969109476,global_constant_velocity_baseline,historical_demo_not_real_time
E02,1992-12-22,3,1992-12-25,-67.48209999999989,-147.8885,0.0,11.984682765525426,global_constant_velocity_baseline,historical_demo_not_real_time
E02,1992-12-22,7,1992-12-29,-67.48209999999989,-147.8885,0.0,38.88320587636103,global_constant_velocity_baseline,historical_demo_not_real_time
E04,1992-12-19,1,1992-12-20,-65.46299999999972,136.9685,0.0,2.560458969109476,global_constant_velocity_baseline,historical_demo_not_real_time
E04,1992-12-19,3,1992-12-22,-65.46299999999972,136.9685,0.0,11.984682765525426,global_constant_velocity_baseline,historical_demo_not_real_time
E04,1992-12-19,7,1992-12-26,-65.46299999999972,136.9685,0.0,38.88320587636103,global_constant_velocity_baseline,historical_demo_not_real_time
E05,1993-12-17,1,1993-12-18,-67.88579999999988,78.5056,0.0,2.560458969109476,global_constant_velocity_baseline,historical_demo_not_real_time
E05,1993-12-17,3,1993-12-20,-67.88579999999988,78.5056,0.0,11.984682765525426,global_constant_velocity_baseline,historical_demo_not_real_time
E05,1993-12-17,7,1993-12-24,-67.88579999999988,78.5056,0.0,38.88320587636103,global_constant_velocity_baseline,historical_demo_not_real_time
E06,1993-01-02,1,1993-01-03,-69.58910394675061,25.600963472732946,75952.00840203985,2.560458969109476,global_constant_velocity_baseline,historical_demo_not_real_time
E06,1993-01-02,3,1993-01-05,-70.14699911164323,22.008839852422355,75952.00840203985,11.984682765525426,global_constant_velocity_baseline,historical_demo_not_real_time
E06,1993-01-02,7,1993-01-09,-71.01599691134882,14.25527952022827,75952.00840203985,38.88320587636103,global_constant_velocity_baseline,historical_demo_not_real_time
E07,1995-01-09,1,1995-01-10,-65.27720023143311,52.41734194471951,3213.8156194389894,2.560458969109476,global_constant_velocity_baseline,historical_demo_not_real_time
E07,1995-01-09,3,1995-01-12,-65.2228014357251,52.3805511142261,3213.8156194389894,11.984682765525426,global_constant_velocity_baseline,historical_demo_not_real_time
E07,1995-01-09,7,1995-01-16,-65.1140071375963,52.30746672790382,3213.8156194389894,38.88320587636103,global_constant_velocity_baseline,historical_demo_not_real_time
E08,1995-12-05,1,1995-12-06,-66.14689999999979,49.1576,0.0,2.560458969109476,global_constant_velocity_baseline,historical_demo_not_real_time
E08,1995-12-05,3,1995-12-08,-66.14689999999979,49.1576,0.0,11.984682765525426,global_constant_velocity_baseline,historical_demo_not_real_time
E08,1995-12-05,7,1995-12-12,-66.14689999999979,49.1576,0.0,38.88320587636103,global_constant_velocity_baseline,historical_demo_not_real_time
E09,1995-08-19,1,1995-08-20,-64.98219999999971,-57.056,0.0,2.560458969109476,global_constant_velocity_baseline,historical_demo_not_real_time
E09,1995-08-19,3,1995-08-22,-64.98219999999971,-57.056,0.0,11.984682765525426,global_constant_velocity_baseline,historical_demo_not_real_time
E09,1995-08-19,7,1995-08-26,-64.98219999999971,-57.056,0.0,38.88320587636103,global_constant_velocity_baseline,historical_demo_not_real_time
E10,1998-01-27,1,1998-01-28,-72.92069999999998,-176.4672,0.0,2.560458969109476,global_constant_velocity_baseline,historical_demo_not_real_time
E10,1998-01-27,3,1998-01-30,-72.92069999999998,-176.4672,0.0,11.984682765525426,global_constant_velocity_baseline,historical_demo_not_real_time
E10,1998-01-27,7,1998-02-03,-72.92069999999998,-176.4672,0.0,38.88320587636103,global_constant_velocity_baseline,historical_demo_not_real_time
E11,1993-10-30,1,1993-10-31,-66.64679999999981,-161.0288,0.0,2.560458969109476,global_constant_velocity_baseline,historical_demo_not_real_time
E11,1993-10-30,3,1993-11-02,-66.64679999999981,-161.0288,0.0,11.984682765525426,global_constant_velocity_baseline,historical_demo_not_real_time
E11,1993-10-30,7,1993-11-06,-66.64679999999981,-161.0288,0.0,38.88320587636103,global_constant_velocity_baseline,historical_demo_not_real_time
E12,1993-08-01,1,1993-08-02,-66.80469999999984,-179.6948,0.0,2.560458969109476,global_constant_velocity_baseline,historical_demo_not_real_time
E12,1993-08-01,3,1993-08-04,-66.80469999999984,-179.6948,0.0,11.984682765525426,global_constant_velocity_baseline,historical_demo_not_real_time
E12,1993-08-01,7,1993-08-08,-66.80469999999984,-179.6948,0.0,38.88320587636103,global_constant_velocity_baseline,historical_demo_not_real_time
E13,1996-11-23,1,1996-11-24,-66.24548649296335,-121.13648405502775,5172.616122679919,2.560458969109476,global_constant_velocity_baseline,historical_demo_not_real_time
E13,1996-11-23,3,1996-11-26,-66.16441942990173,-121.03240081741245,5172.616122679919,11.984682765525426,global_constant_velocity_baseline,historical_demo_not_real_time
E13,1996-11-23,7,1996-11-30,-66.00212837387419,-120.82640463697327,5172.616122679919,38.88320587636103,global_constant_velocity_baseline,historical_demo_not_real_time
E14,1998-12-26,1,1998-12-27,-74.45086195121483,179.63500850061888,6727.646093652561,2.560458969109476,global_constant_velocity_baseline,historical_demo_not_real_time
E14,1998-12-26,3,1998-12-29,-74.43687299567041,-179.91457589594938,6727.646093652561,11.984682765525426,global_constant_velocity_baseline,historical_demo_not_real_time
E14,1998-12-26,7,1999-01-02,-74.40605327581297,-179.016336479392,6727.646093652561,38.88320587636103,global_constant_velocity_baseline,historical_demo_not_real_time
E15,1998-12-11,1,1998-12-12,-61.87755966910691,74.27286540058431,10351.70886671639,2.560458969109476,global_constant_velocity_baseline,historical_demo_not_real_time
E15,1998-12-11,3,1998-12-14,-61.75286291933626,74.54630352402285,10351.70886671639,11.984682765525426,global_constant_velocity_baseline,historical_demo_not_real_time
E15,1998-12-11,7,1998-12-18,-61.50183897529962,75.08568707373107,10351.70886671639,38.88320587636103,global_constant_velocity_baseline,historical_demo_not_real_time
E16,1999-10-21,1,1999-10-22,-65.83899999999976,170.3635,0.0,2.560458969109476,global_constant_velocity_baseline,historical_demo_not_real_time
E16,1999-10-21,3,1999-10-24,-65.83899999999976,170.3635,0.0,11.984682765525426,global_constant_velocity_baseline,historical_demo_not_real_time
E16,1999-10-21,7,1999-10-28,-65.83899999999976,170.3635,0.0,38.88320587636103,global_constant_velocity_baseline,historical_demo_not_real_time
E17,1999-10-21,1,1999-10-22,-65.12839999999971,149.9079,0.0,2.560458969109476,global_constant_velocity_baseline,historical_demo_not_real_time
E17,1999-10-21,3,1999-10-24,-65.12839999999971,149.9079,0.0,11.984682765525426,global_constant_velocity_baseline,historical_demo_not_real_time
E17,1999-10-21,7,1999-10-28,-65.12839999999971,149.9079,0.0,38.88320587636103,global_constant_velocity_baseline,historical_demo_not_real_time
E18,1999-12-23,1,1999-12-24,-67.74579999999989,-166.9288,0.0,2.560458969109476,global_constant_velocity_baseline,historical_demo_not_real_time
E18,1999-12-23,3,1999-12-26,-67.74579999999989,-166.9288,0.0,11.984682765525426,global_constant_velocity_baseline,historical_demo_not_real_time
E18,1999-12-23,7,1999-12-30,-67.74579999999989,-166.9288,0.0,38.88320587636103,global_constant_velocity_baseline,historical_demo_not_real_time
E19,1999-08-31,1,1999-09-01,-65.39359999999974,152.3133,0.0,2.560458969109476,global_constant_velocity_baseline,historical_demo_not_real_time
E19,1999-08-31,3,1999-09-03,-65.39359999999974,152.3133,0.0,11.984682765525426,global_constant_velocity_baseline,historical_demo_not_real_time
E19,1999-08-31,7,1999-09-07,-65.39359999999974,152.3133,0.0,38.88320587636103,global_constant_velocity_baseline,historical_demo_not_real_time
E20,1999-11-08,1,1999-11-09,-60.76150517487835,-36.192605906429286,3995.0891339187538,2.560458969109476,global_constant_velocity_baseline,historical_demo_not_real_time
E20,1999-11-08,3,1999-11-11,-60.69253106980862,-36.187835351608214,3995.0891339187538,11.984682765525426,global_constant_velocity_baseline,historical_demo_not_real_time
E20,1999-11-08,7,1999-11-15,-60.554645183755106,-36.17836416841966,3995.0891339187538,38.88320587636103,global_constant_velocity_baseline,historical_demo_not_real_time
E21,1997-03-22,1,1997-03-23,-66.09809999999977,60.97089999999999,0.0,2.560458969109476,global_constant_velocity_baseline,historical_demo_not_real_time
E21,1997-03-22,3,1997-03-25,-66.09809999999977,60.97089999999999,0.0,11.984682765525426,global_constant_velocity_baseline,historical_demo_not_real_time
E21,1997-03-22,7,1997-03-29,-66.09809999999977,60.97089999999999,0.0,38.88320587636103,global_constant_velocity_baseline,historical_demo_not_real_time
UK01,2001-10-30,1,2001-10-31,-55.304099999995934,-35.6794,0.0,2.560458969109476,global_constant_velocity_baseline,historical_demo_not_real_time
UK01,2001-10-30,3,2001-11-02,-55.304099999995934,-35.6794,0.0,11.984682765525426,global_constant_velocity_baseline,historical_demo_not_real_time
UK01,2001-10-30,7,2001-11-06,-55.304099999995934,-35.6794,0.0,38.88320587636103,global_constant_velocity_baseline,historical_demo_not_real_time
UK02,2002-02-14,1,2002-02-15,-77.2418,-34.482,0.0,2.560458969109476,global_constant_velocity_baseline,historical_demo_not_real_time
UK02,2002-02-14,3,2002-02-17,-77.2418,-34.482,0.0,11.984682765525426,global_constant_velocity_baseline,historical_demo_not_real_time
UK02,2002-02-14,7,2002-02-21,-77.2418,-34.482,0.0,38.88320587636103,global_constant_velocity_baseline,historical_demo_not_real_time
UK03,2001-10-25,1,2001-10-26,-53.18999999999371,-44.99960000000001,0.0,2.560458969109476,global_constant_velocity_baseline,historical_demo_not_real_time
UK03,2001-10-25,3,2001-10-28,-53.18999999999371,-44.99960000000001,0.0,11.984682765525426,global_constant_velocity_baseline,historical_demo_not_real_time
UK03,2001-10-25,7,2001-11-01,-53.18999999999371,-44.99960000000001,0.0,38.88320587636103,global_constant_velocity_baseline,historical_demo_not_real_time
UK04,2002-01-04,1,2002-01-05,-52.626699999992994,-42.3498,0.0,2.560458969109476,global_constant_velocity_baseline,historical_demo_not_real_time
UK04,2002-01-04,3,2002-01-07,-52.626699999992994,-42.3498,0.0,11.984682765525426,global_constant_velocity_baseline,historical_demo_not_real_time
UK04,2002-01-04,7,2002-01-11,-52.626699999992994,-42.3498,0.0,38.88320587636103,global_constant_velocity_baseline,historical_demo_not_real_time
UK05,2001-07-14,1,2001-07-15,-72.08909999999999,-15.286099999999996,0.0,2.560458969109476,global_constant_velocity_baseline,historical_demo_not_real_time
UK05,2001-07-14,3,2001-07-17,-72.08909999999999,-15.286099999999996,0.0,11.984682765525426,global_constant_velocity_baseline,historical_demo_not_real_time
UK05,2001-07-14,7,2001-07-21,-72.08909999999999,-15.286099999999996,0.0,38.88320587636103,global_constant_velocity_baseline,historical_demo_not_real_time
UK052,2014-01-21,1,2014-01-22,-65.3390378118847,103.02346400603227,675.689812968694,2.560458969109476,global_constant_velocity_baseline,historical_demo_not_real_time
UK052,2014-01-21,3,2014-01-24,-65.35091381270948,103.02199092200775,675.689812968694,11.984682765525426,global_constant_velocity_baseline,historical_demo_not_real_time
UK052,2014-01-21,7,2014-01-28,-65.37466732173812,103.01904036198403,675.689812968694,38.88320587636103,global_constant_velocity_baseline,historical_demo_not_real_time
UK06,2001-10-21,1,2001-10-22,-54.397799999995065,-40.73940000000001,0.0,2.560458969109476,global_constant_velocity_baseline,historical_demo_not_real_time
UK06,2001-10-21,3,2001-10-24,-54.397799999995065,-40.73940000000001,0.0,11.984682765525426,global_constant_velocity_baseline,historical_demo_not_real_time
UK06,2001-10-21,7,2001-10-28,-54.397799999995065,-40.73940000000001,0.0,38.88320587636103,global_constant_velocity_baseline,historical_demo_not_real_time
UK07,2001-12-31,1,2002-01-01,-52.548951977687125,-42.70168837833561,17239.029586157878,2.560458969109476,global_constant_velocity_baseline,historical_demo_not_real_time
UK07,2001-12-31,3,2002-01-03,-52.38122536379094,-43.08013955363805,17239.029586157878,11.984682765525426,global_constant_velocity_baseline,historical_demo_not_real_time
UK07,2001-12-31,7,2002-01-07,-52.04174349235099,-43.82620771214589,17239.029586157878,38.88320587636103,global_constant_velocity_baseline,historical_demo_not_real_time
UK08,2002-01-16,1,2002-01-17,-57.83921054449042,-45.6662193850552,60242.71606948233,2.560458969109476,global_constant_velocity_baseline,historical_demo_not_real_time
UK08,2002-01-16,3,2002-01-19,-56.974602535060605,-44.64724736369598,60242.71606948233,11.984682765525426,global_constant_velocity_baseline,historical_demo_not_real_time
UK08,2002-01-16,7,2002-01-23,-55.22952163879075,-42.77039050175768,60242.71606948233,38.88320587636103,global_constant_velocity_baseline,historical_demo_not_real_time
UK093,2015-05-25,1,2015-05-26,-66.62609999999981,80.6321,0.0,2.560458969109476,global_constant_velocity_baseline,historical_demo_not_real_time
UK093,2015-05-25,3,2015-05-28,-66.62609999999981,80.6321,0.0,11.984682765525426,global_constant_velocity_baseline,historical_demo_not_real_time
UK093,2015-05-25,7,2015-06-01,-66.62609999999981,80.6321,0.0,38.88320587636103,global_constant_velocity_baseline,historical_demo_not_real_time
UK10,2002-04-21,1,2002-04-22,-62.47589999999933,-55.8004,0.0,2.560458969109476,global_constant_velocity_baseline,historical_demo_not_real_time
UK10,2002-04-21,3,2002-04-24,-62.47589999999933,-55.8004,0.0,11.984682765525426,global_constant_velocity_baseline,historical_demo_not_real_time
UK10,2002-04-21,7,2002-04-28,-62.47589999999933,-55.8004,0.0,38.88320587636103,global_constant_velocity_baseline,historical_demo_not_real_time
UK100,2004-06-27,1,2004-06-28,-54.70353625391353,-37.56414765273027,6772.55572367931,2.560458969109476,global_constant_velocity_baseline,historical_demo_not_real_time
UK100,2004-06-27,3,2004-06-30,-54.7646166115331,-37.39858560183045,6772.55572367931,11.984682765525426,global_constant_velocity_baseline,historical_demo_not_real_time
UK100,2004-06-27,7,2004-07-04,-54.886002326330825,-37.06562999970638,6772.55572367931,38.88320587636103,global_constant_velocity_baseline,historical_demo_not_real_time
UK110,2005-01-19,1,2005-01-20,-63.0207514749559,85.73354846130026,9407.38918892465,2.560458969109476,global_constant_velocity_baseline,historical_demo_not_real_time
UK110,2005-01-19,3,2005-01-22,-63.12180466003704,85.44838481386599,9407.38918892465,11.984682765525426,global_constant_velocity_baseline,historical_demo_not_real_time
UK110,2005-01-19,7,2005-01-26,-63.3220823922303,84.87137446010067,9407.38918892465,38.88320587636103,global_constant_velocity_baseline,historical_demo_not_real_time
UK112,2004-12-06,1,2004-12-07,-66.55805249831971,78.81208865505003,9741.365418416455,2.560458969109476,global_constant_velocity_baseline,historical_demo_not_real_time
UK112,2004-12-06,3,2004-12-09,-66.67970927776572,78.50521443522189,9741.365418416455,11.984682765525426,global_constant_velocity_baseline,historical_demo_not_real_time
UK112,2004-12-06,7,2004-12-13,-66.92118937385776,77.88153742742591,9741.365418416455,38.88320587636103,global_constant_velocity_baseline,historical_demo_not_real_time
UK116,2006-12-18,1,2006-12-19,-63.58077354405255,78.6140680676404,14872.02345384528,2.560458969109476,global_constant_velocity_baseline,historical_demo_not_real_time
UK116,2006-12-18,3,2006-12-21,-63.63503213610124,78.04275657736648,14872.02345384528,11.984682765525426,global_constant_velocity_baseline,historical_demo_not_real_time
UK116,2006-12-18,7,2006-12-25,-63.7359338406388,76.89308998091262,14872.02345384528,38.88320587636103,global_constant_velocity_baseline,historical_demo_not_real_time
UK119,2005-05-02,1,2005-05-03,-64.44728970803014,178.77184098180342,25599.918592592872,2.560458969109476,global_constant_velocity_baseline,historical_demo_not_real_time
UK119,2005-05-02,3,2005-05-05,-64.01846381861755,178.46867468846892,25599.918592592872,11.984682765525426,global_constant_velocity_baseline,historical_demo_not_real_time
UK119,2005-05-02,7,2005-05-09,-63.160960497566705,177.89236799323666,25599.918592592872,38.88320587636103,global_constant_velocity_baseline,historical_demo_not_real_time
UK12,2002-12-04,1,2002-12-05,-60.28909999999875,-41.92110000000001,0.0,2.560458969109476,global_constant_velocity_baseline,historical_demo_not_real_time
UK12,2002-12-04,3,2002-12-07,-60.28909999999875,-41.92110000000001,0.0,11.984682765525426,global_constant_velocity_baseline,historical_demo_not_real_time
UK12,2002-12-04,7,2002-12-11,-60.28909999999875,-41.92110000000001,0.0,38.88320587636103,global_constant_velocity_baseline,historical_demo_not_real_time
UK120,2006-02-27,1,2006-02-28,-63.69121974089147,177.24658819604738,24805.92909816947,2.560458969109476,global_constant_velocity_baseline,historical_demo_not_real_time
UK120,2006-02-27,3,2006-03-02,-63.841253654034546,178.16659761813816,24805.92909816947,11.984682765525426,global_constant_velocity_baseline,historical_demo_not_real_time
UK120,2006-02-27,7,2006-03-06,-64.12165494787916,-179.96147412679107,24805.92909816947,38.88320587636103,global_constant_velocity_baseline,historical_demo_not_real_time
UK122,2005-04-05,1,2005-04-06,-60.814099999998916,158.6824,0.0,2.560458969109476,global_constant_velocity_baseline,historical_demo_not_real_time
UK122,2005-04-05,3,2005-04-08,-60.814099999998916,158.6824,0.0,11.984682765525426,global_constant_velocity_baseline,historical_demo_not_real_time
UK122,2005-04-05,7,2005-04-12,-60.814099999998916,158.6824,0.0,38.88320587636103,global_constant_velocity_baseline,historical_demo_not_real_time
UK125,2017-07-30,1,2017-07-31,-62.478899999999335,-36.54019999999999,0.0,2.560458969109476,global_constant_velocity_baseline,historical_demo_not_real_time
UK125,2017-07-30,3,2017-08-02,-62.478899999999335,-36.54019999999999,0.0,11.984682765525426,global_constant_velocity_baseline,historical_demo_not_real_time
UK125,2017-07-30,7,2017-08-06,-62.478899999999335,-36.54019999999999,0.0,38.88320587636103,global_constant_velocity_baseline,historical_demo_not_real_time
UK126,2004-10-13,1,2004-10-14,-55.133328934751084,-36.219728940715775,27314.500843418627,2.560458969109476,global_constant_velocity_baseline,historical_demo_not_real_time
UK126,2004-10-13,3,2004-10-16,-55.288425313945275,-36.97599679260959,27314.500843418627,11.984682765525426,global_constant_velocity_baseline,historical_demo_not_real_time
UK126,2004-10-13,7,2004-10-20,-55.581640302048484,-38.50958878554768,27314.500843418627,38.88320587636103,global_constant_velocity_baseline,historical_demo_not_real_time
UK13,2003-10-24,1,2003-10-25,-68.70389999999993,156.1603,0.0,2.560458969109476,global_constant_velocity_baseline,historical_demo_not_real_time
UK13,2003-10-24,3,2003-10-27,-68.70389999999993,156.1603,0.0,11.984682765525426,global_constant_velocity_baseline,historical_demo_not_real_time
UK13,2003-10-24,7,2003-10-31,-68.70389999999993,156.1603,0.0,38.88320587636103,global_constant_velocity_baseline,historical_demo_not_real_time
UK130,2019-01-05,1,2019-01-06,-69.67809999999993,11.438800000000002,0.0,2.560458969109476,global_constant_velocity_baseline,historical_demo_not_real_time
UK130,2019-01-05,3,2019-01-08,-69.67809999999993,11.438800000000002,0.0,11.984682765525426,global_constant_velocity_baseline,historical_demo_not_real_time
UK130,2019-01-05,7,2019-01-12,-69.67809999999993,11.438800000000002,0.0,38.88320587636103,global_constant_velocity_baseline,historical_demo_not_real_time
UK131,2005-01-24,1,2005-01-25,-66.2801807454561,62.01608069711958,5504.490497653871,2.560458969109476,global_constant_velocity_baseline,historical_demo_not_real_time
UK131,2005-01-24,3,2005-01-27,-66.36428382782017,61.894779904484125,5504.490497653871,11.984682765525426,global_constant_velocity_baseline,historical_demo_not_real_time
UK131,2005-01-24,7,2005-01-31,-66.53225178817277,61.64949929487561,5504.490497653871,38.88320587636103,global_constant_velocity_baseline,historical_demo_not_real_time
UK132,2005-06-07,1,2005-06-08,-64.08089999999959,99.564,0.0,2.560458969109476,global_constant_velocity_baseline,historical_demo_not_real_time
UK132,2005-06-07,3,2005-06-10,-64.08089999999959,99.564,0.0,11.984682765525426,global_constant_velocity_baseline,historical_demo_not_real_time
UK132,2005-06-07,7,2005-06-14,-64.08089999999959,99.564,0.0,38.88320587636103,global_constant_velocity_baseline,historical_demo_not_real_time
UK133,2005-11-14,1,2005-11-15,-64.48199999999963,130.234,0.0,2.560458969109476,global_constant_velocity_baseline,historical_demo_not_real_time
UK133,2005-11-14,3,2005-11-17,-64.48199999999963,130.234,0.0,11.984682765525426,global_constant_velocity_baseline,historical_demo_not_real_time
UK133,2005-11-14,7,2005-11-21,-64.48199999999963,130.234,0.0,38.88320587636103,global_constant_velocity_baseline,historical_demo_not_real_time
UK134,2006-01-08,1,2006-01-09,-65.50679999999973,112.3822,0.0,2.560458969109476,global_constant_velocity_baseline,historical_demo_not_real_time
UK134,2006-01-08,3,2006-01-11,-65.50679999999973,112.3822,0.0,11.984682765525426,global_constant_velocity_baseline,historical_demo_not_real_time
UK134,2006-01-08,7,2006-01-15,-65.50679999999973,112.3822,0.0,38.88320587636103,global_constant_velocity_baseline,historical_demo_not_real_time
UK135,2005-09-08,1,2005-09-09,-69.13640891342233,27.80089506683805,23058.396119187102,2.560458969109476,global_constant_velocity_baseline,historical_demo_not_real_time
UK135,2005-09-08,3,2005-09-11,-69.29806362316991,26.73631868015976,23058.396119187102,11.984682765525426,global_constant_velocity_baseline,historical_demo_not_real_time
UK135,2005-09-08,7,2005-09-15,-69.60009936914875,24.557338042380117,23058.396119187102,38.88320587636103,global_constant_velocity_baseline,historical_demo_not_real_time
UK136,2007-12-17,1,2007-12-18,-65.51359999999973,-54.588100000000004,0.0,2.560458969109476,global_constant_velocity_baseline,historical_demo_not_real_time
UK136,2007-12-17,3,2007-12-20,-65.51359999999973,-54.588100000000004,0.0,11.984682765525426,global_constant_velocity_baseline,historical_demo_not_real_time
UK136,2007-12-17,7,2007-12-24,-65.51359999999973,-54.588100000000004,0.0,38.88320587636103,global_constant_velocity_baseline,historical_demo_not_real_time
UK137,2006-09-09,1,2006-09-10,-68.52779999999991,31.664800000000007,0.0,2.560458969109476,global_constant_velocity_baseline,historical_demo_not_real_time
UK137,2006-09-09,3,2006-09-12,-68.52779999999991,31.664800000000007,0.0,11.984682765525426,global_constant_velocity_baseline,historical_demo_not_real_time
UK137,2006-09-09,7,2006-09-16,-68.52779999999991,31.664800000000007,0.0,38.88320587636103,global_constant_velocity_baseline,historical_demo_not_real_time
UK138,2006-09-18,1,2006-09-19,-65.11292193659177,-54.10563368911519,12989.953915975455,2.560458969109476,global_constant_velocity_baseline,historical_demo_not_real_time
UK138,2006-09-18,3,2006-09-21,-64.8896337776756,-53.99287323124266,12989.953915975455,11.984682765525426,global_constant_velocity_baseline,historical_demo_not_real_time
UK138,2006-09-18,7,2006-09-25,-64.44334406397704,-53.77344571299605,12989.953915975455,38.88320587636103,global_constant_velocity_baseline,historical_demo_not_real_time
UK139,2005-12-31,1,2006-01-01,-71.70969999999997,-43.4359,0.0,2.560458969109476,global_constant_velocity_baseline,historical_demo_not_real_time
UK139,2005-12-31,3,2006-01-03,-71.70969999999997,-43.4359,0.0,11.984682765525426,global_constant_velocity_baseline,historical_demo_not_real_time
UK139,2005-12-31,7,2006-01-07,-71.70969999999997,-43.4359,0.0,38.88320587636103,global_constant_velocity_baseline,historical_demo_not_real_time
UK14,2002-12-22,1,2002-12-23,-54.1419999999948,-41.930800000000005,0.0,2.560458969109476,global_constant_velocity_baseline,historical_demo_not_real_time
UK14,2002-12-22,3,2002-12-25,-54.1419999999948,-41.930800000000005,0.0,11.984682765525426,global_constant_velocity_baseline,historical_demo_not_real_time
UK14,2002-12-22,7,2002-12-29,-54.1419999999948,-41.930800000000005,0.0,38.88320587636103,global_constant_velocity_baseline,historical_demo_not_real_time
UK140,2005-12-21,1,2005-12-22,-70.70097796859471,-30.699219495507787,2307.482346110793,2.560458969109476,global_constant_velocity_baseline,historical_demo_not_real_time
UK140,2005-12-21,3,2005-12-24,-70.70686776777612,-30.822916433684007,2307.482346110793,11.984682765525426,global_constant_velocity_baseline,historical_demo_not_real_time
UK140,2005-12-21,7,2005-12-28,-70.71838251174725,-31.070538308398092,2307.482346110793,38.88320587636103,global_constant_velocity_baseline,historical_demo_not_real_time
UK144,2006-04-16,1,2006-04-17,-64.87293441224932,132.2557253606217,7427.189393328192,2.560458969109476,global_constant_velocity_baseline,historical_demo_not_real_time
UK144,2006-04-16,3,2006-04-19,-64.90070521017218,131.95565915520066,7427.189393328192,11.984682765525426,global_constant_velocity_baseline,historical_demo_not_real_time
UK144,2006-04-16,7,2006-04-23,-64.95424602783235,131.35350872907418,7427.189393328192,38.88320587636103,global_constant_velocity_baseline,historical_demo_not_real_time
UK145,2009-11-23,1,2009-11-24,-66.48949999999982,57.84159999999999,0.0,2.560458969109476,global_constant_velocity_baseline,historical_demo_not_real_time
UK145,2009-11-23,3,2009-11-26,-66.48949999999982,57.84159999999999,0.0,11.984682765525426,global_constant_velocity_baseline,historical_demo_not_real_time
UK145,2009-11-23,7,2009-11-30,-66.48949999999982,57.84159999999999,0.0,38.88320587636103,global_constant_velocity_baseline,historical_demo_not_real_time
UK147,2005-05-22,1,2005-05-23,-65.77659999999976,85.0573,0.0,2.560458969109476,global_constant_velocity_baseline,historical_demo_not_real_time
UK147,2005-05-22,3,2005-05-25,-65.77659999999976,85.0573,0.0,11.984682765525426,global_constant_velocity_baseline,historical_demo_not_real_time
UK147,2005-05-22,7,2005-05-29,-65.77659999999976,85.0573,0.0,38.88320587636103,global_constant_velocity_baseline,historical_demo_not_real_time
UK148,2008-10-14,1,2008-10-15,-67.92921182039386,-36.83514492423977,15074.437806665246,2.560458969109476,global_constant_velocity_baseline,historical_demo_not_real_time
UK148,2008-10-14,3,2008-10-17,-67.68398178278788,-37.11837404238429,15074.437806665246,11.984682765525426,global_constant_velocity_baseline,historical_demo_not_real_time
UK148,2008-10-14,7,2008-10-21,-67.19258016298332,-37.66609289696324,15074.437806665246,38.88320587636103,global_constant_velocity_baseline,historical_demo_not_real_time
UK15,2003-03-20,1,2003-03-21,-54.19039999999485,-34.64359999999999,0.0,2.560458969109476,global_constant_velocity_baseline,historical_demo_not_real_time
UK15,2003-03-20,3,2003-03-23,-54.19039999999485,-34.64359999999999,0.0,11.984682765525426,global_constant_velocity_baseline,historical_demo_not_real_time
UK15,2003-03-20,7,2003-03-27,-54.19039999999485,-34.64359999999999,0.0,38.88320587636103,global_constant_velocity_baseline,historical_demo_not_real_time
UK151,2005-12-26,1,2005-12-27,-65.42900822723588,115.46355802110281,5341.808728406168,2.560458969109476,global_constant_velocity_baseline,historical_demo_not_real_time
UK151,2005-12-26,3,2005-12-29,-65.43754914295545,115.23855150074758,5341.808728406168,11.984682765525426,global_constant_velocity_baseline,historical_demo_not_real_time
UK151,2005-12-26,7,2006-01-02,-65.4535273388313,114.78807193222299,5341.808728406168,38.88320587636103,global_constant_velocity_baseline,historical_demo_not_real_time
UK155,2008-03-15,1,2008-03-16,-69.85159999999995,1.2478,0.0,2.560458969109476,global_constant_velocity_baseline,historical_demo_not_real_time
UK155,2008-03-15,3,2008-03-18,-69.85159999999995,1.2478,0.0,11.984682765525426,global_constant_velocity_baseline,historical_demo_not_real_time
UK155,2008-03-15,7,2008-03-22,-69.85159999999995,1.2478,0.0,38.88320587636103,global_constant_velocity_baseline,historical_demo_not_real_time
UK156,2007-09-03,1,2007-09-04,-62.77839999999939,-47.4086,0.0,2.560458969109476,global_constant_velocity_baseline,historical_demo_not_real_time
UK156,2007-09-03,3,2007-09-06,-62.77839999999939,-47.4086,0.0,11.984682765525426,global_constant_velocity_baseline,historical_demo_not_real_time
UK156,2007-09-03,7,2007-09-10,-62.77839999999939,-47.4086,0.0,38.88320587636103,global_constant_velocity_baseline,historical_demo_not_real_time
UK157,2009-11-22,1,2009-11-23,-72.86319709102784,-47.32926509776411,6869.0210386124545,2.560458969109476,global_constant_velocity_baseline,historical_demo_not_real_time
UK157,2009-11-22,3,2009-11-25,-72.8229855415635,-46.93280314368348,6869.0210386124545,11.984682765525426,global_constant_velocity_baseline,historical_demo_not_real_time
UK157,2009-11-22,7,2009-11-29,-72.74016071211727,-46.14559519352492,6869.0210386124545,38.88320587636103,global_constant_velocity_baseline,historical_demo_not_real_time
UK158,2007-12-01,1,2007-12-02,-68.3301999999999,-47.05890000000001,0.0,2.560458969109476,global_constant_velocity_baseline,historical_demo_not_real_time
UK158,2007-12-01,3,2007-12-04,-68.3301999999999,-47.05890000000001,0.0,11.984682765525426,global_constant_velocity_baseline,historical_demo_not_real_time
UK158,2007-12-01,7,2007-12-08,-68.3301999999999,-47.05890000000001,0.0,38.88320587636103,global_constant_velocity_baseline,historical_demo_not_real_time
UK159,2007-12-19,1,2007-12-20,-68.05555663960544,-54.036281273072724,7402.0265279803125,2.560458969109476,global_constant_velocity_baseline,historical_demo_not_real_time
UK159,2007-12-19,3,2007-12-22,-67.98644287982961,-53.737686582765114,7402.0265279803125,11.984682765525426,global_constant_velocity_baseline,historical_demo_not_real_time
UK159,2007-12-19,7,2007-12-26,-67.84652841348301,-53.146259510501075,7402.0265279803125,38.88320587636103,global_constant_velocity_baseline,historical_demo_not_real_time
UK16,2002-12-01,1,2002-12-02,-57.20656235583255,-13.077005735539439,13396.381709579351,2.560458969109476,global_constant_velocity_baseline,historical_demo_not_real_time
UK16,2002-12-01,3,2002-12-04,-56.97947487549851,-13.102338511172979,13396.381709579351,11.984682765525426,global_constant_velocity_baseline,historical_demo_not_real_time
UK16,2002-12-01,7,2002-12-08,-56.526056278903276,-13.151917147703438,13396.381709579351,38.88320587636103,global_constant_velocity_baseline,historical_demo_not_real_time
UK160,2007-11-25,1,2007-11-26,-51.859347260053795,-15.67759286252397,61928.34502663343,2.560458969109476,global_constant_velocity_baseline,historical_demo_not_real_time
UK160,2007-11-25,3,2007-11-28,-51.78307046321444,-14.032808614658805,61928.34502663343,11.984682765525426,global_constant_velocity_baseline,historical_demo_not_real_time
UK160,2007-11-25,7,2007-12-02,-51.54353872122857,-10.770978004494571,61928.34502663343,38.88320587636103,global_constant_velocity_baseline,historical_demo_not_real_time
UK161,2008-01-31,1,2008-02-01,-68.10869997118166,39.78489569566019,912.1782608013806,2.560458969109476,global_constant_velocity_baseline,historical_demo_not_real_time
UK161,2008-01-31,3,2008-02-03,-68.09309982840072,39.796674192290446,912.1782608013806,11.984682765525426,global_constant_velocity_baseline,historical_demo_not_real_time
UK161,2008-01-31,7,2008-02-07,-68.06189921141089,39.82017973474236,912.1782608013806,38.88320587636103,global_constant_velocity_baseline,historical_demo_not_real_time
UK163,2007-08-15,1,2007-08-16,-65.75854374556341,176.5308219551779,14613.953606719071,2.560458969109476,global_constant_velocity_baseline,historical_demo_not_real_time
UK163,2007-08-15,3,2007-08-18,-65.81985093955456,177.14027646861825,14613.953606719071,11.984682765525426,global_constant_velocity_baseline,historical_demo_not_real_time
UK163,2007-08-15,7,2007-08-22,-65.93446603539994,178.36842688684462,14613.953606719071,38.88320587636103,global_constant_velocity_baseline,historical_demo_not_real_time
UK164,2009-11-22,1,2009-11-23,-65.74499999999976,115.3513,0.0,2.560458969109476,global_constant_velocity_baseline,historical_demo_not_real_time
UK164,2009-11-22,3,2009-11-25,-65.74499999999976,115.3513,0.0,11.984682765525426,global_constant_velocity_baseline,historical_demo_not_real_time
UK164,2009-11-22,7,2009-11-29,-65.74499999999976,115.3513,0.0,38.88320587636103,global_constant_velocity_baseline,historical_demo_not_real_time
UK165,2008-03-18,1,2008-03-19,-70.0631192260753,22.24465585317744,24459.35191284616,2.560458969109476,global_constant_velocity_baseline,historical_demo_not_real_time
UK165,2008-03-18,3,2008-03-21,-70.11996655815665,20.97231604123749,24459.35191284616,11.984682765525426,global_constant_velocity_baseline,historical_demo_not_real_time
UK165,2008-03-18,7,2008-03-25,-70.20460429405564,18.40844729034448,24459.35191284616,38.88320587636103,global_constant_velocity_baseline,historical_demo_not_real_time
UK166,2007-12-20,1,2007-12-21,-71.41473828370493,-54.29327309835594,14464.413822895094,2.560458969109476,global_constant_velocity_baseline,historical_demo_not_real_time
UK166,2007-12-20,3,2007-12-23,-71.3053581352278,-53.557385642107114,14464.413822895094,11.984682765525426,global_constant_velocity_baseline,historical_demo_not_real_time
UK166,2007-12-20,7,2007-12-27,-71.07777085903983,-52.11215777765395,14464.413822895094,38.88320587636103,global_constant_velocity_baseline,historical_demo_not_real_time
UK17,2002-05-22,1,2002-05-23,-60.26853487759376,-23.63258715756308,26503.31433098707,2.560458969109476,global_constant_velocity_baseline,historical_demo_not_real_time
UK17,2002-05-22,3,2002-05-25,-60.725903591161746,-23.630921688237486,26503.31433098707,11.984682765525426,global_constant_velocity_baseline,historical_demo_not_real_time
UK17,2002-05-22,7,2002-05-29,-61.64339659096662,-23.627422218137383,26503.31433098707,38.88320587636103,global_constant_velocity_baseline,historical_demo_not_real_time
UK170,2008-03-11,1,2008-03-12,-69.35660610120716,16.812579901864765,13499.423774260345,2.560458969109476,global_constant_velocity_baseline,historical_demo_not_real_time
UK170,2008-03-11,3,2008-03-14,-69.13814614853722,16.5273854551036,13499.423774260345,11.984682765525426,global_constant_velocity_baseline,historical_demo_not_real_time
UK170,2008-03-11,7,2008-03-18,-68.70020200071954,15.974945264714917,13499.423774260345,38.88320587636103,global_constant_velocity_baseline,historical_demo_not_real_time
UK171,2007-05-09,1,2007-05-10,-64.92324796199213,139.49492134903247,13738.208946554463,2.560458969109476,global_constant_velocity_baseline,historical_demo_not_real_time
UK171,2007-05-09,3,2007-05-12,-64.68308902738647,139.54994440154582,13738.208946554463,11.984682765525426,global_constant_velocity_baseline,historical_demo_not_real_time
UK171,2007-05-09,7,2007-05-16,-64.20336038043955,139.65682172078206,13738.208946554463,38.88320587636103,global_constant_velocity_baseline,historical_demo_not_real_time
UK172,2009-11-23,1,2009-11-24,-66.89519999999983,150.06980000000001,0.0,2.560458969109476,global_constant_velocity_baseline,historical_demo_not_real_time
UK172,2009-11-23,3,2009-11-26,-66.89519999999983,150.06980000000001,0.0,11.984682765525426,global_constant_velocity_baseline,historical_demo_not_real_time
UK172,2009-11-23,7,2009-11-30,-66.89519999999983,150.06980000000001,0.0,38.88320587636103,global_constant_velocity_baseline,historical_demo_not_real_time
UK173,2008-12-31,1,2009-01-01,-65.78649999999978,121.3272,0.0,2.560458969109476,global_constant_velocity_baseline,historical_demo_not_real_time
UK173,2008-12-31,3,2009-01-03,-65.78649999999978,121.3272,0.0,11.984682765525426,global_constant_velocity_baseline,historical_demo_not_real_time
UK173,2008-12-31,7,2009-01-07,-65.78649999999978,121.3272,0.0,38.88320587636103,global_constant_velocity_baseline,historical_demo_not_real_time
UK174,2012-03-11,1,2012-03-12,-65.57950757277732,106.6203076006643,21350.75233177174,2.560458969109476,global_constant_velocity_baseline,historical_demo_not_real_time
UK174,2012-03-11,3,2012-03-14,-65.66531088873877,105.73401724463442,21350.75233177174,11.984682765525426,global_constant_velocity_baseline,historical_demo_not_real_time
UK174,2012-03-11,7,2012-03-18,-65.8198405393138,103.94307674659055,21350.75233177174,38.88320587636103,global_constant_velocity_baseline,historical_demo_not_real_time
UK175,2008-12-18,1,2008-12-19,-67.54289999999988,70.6367,0.0,2.560458969109476,global_constant_velocity_baseline,historical_demo_not_real_time
UK175,2008-12-18,3,2008-12-21,-67.54289999999988,70.6367,0.0,11.984682765525426,global_constant_velocity_baseline,historical_demo_not_real_time
UK175,2008-12-18,7,2008-12-25,-67.54289999999988,70.6367,0.0,38.88320587636103,global_constant_velocity_baseline,historical_demo_not_real_time
UK176,2007-09-16,1,2007-09-17,-65.48441161325869,91.36662759994806,21738.0615254967,2.560458969109476,global_constant_velocity_baseline,historical_demo_not_real_time
UK176,2007-09-16,3,2007-09-19,-65.16471311503722,91.86930080390727,21738.0615254967,11.984682765525426,global_constant_velocity_baseline,historical_demo_not_real_time
UK176,2007-09-16,7,2007-09-23,-64.52112026994779,92.83550860238668,21738.0615254967,38.88320587636103,global_constant_velocity_baseline,historical_demo_not_real_time
UK177,2008-11-25,1,2008-11-26,-50.88028290753282,-32.712257080312014,19652.226414476085,2.560458969109476,global_constant_velocity_baseline,historical_demo_not_real_time
UK177,2008-11-25,3,2008-11-28,-50.86929877398877,-32.20278270730632,19652.226414476085,11.984682765525426,global_constant_velocity_baseline,historical_demo_not_real_time
UK177,2008-11-25,7,2008-12-02,-50.838742898728285,-31.184960381108695,19652.226414476085,38.88320587636103,global_constant_velocity_baseline,historical_demo_not_real_time
UK179,2007-05-17,1,2007-05-18,-64.5393615201675,52.19560633042861,10768.7658095116,2.560458969109476,global_constant_velocity_baseline,historical_demo_not_real_time
UK179,2007-05-17,3,2007-05-20,-64.5836650164803,51.768457277903096,10768.7658095116,11.984682765525426,global_constant_velocity_baseline,historical_demo_not_real_time
UK179,2007-05-17,7,2007-05-24,-64.66816577911584,50.90965076282688,10768.7658095116,38.88320587636103,global_constant_velocity_baseline,historical_demo_not_real_time
UK18,2002-03-19,1,2002-03-20,-69.7705240571076,163.46170558892132,4814.7948495581395,2.560458969109476,global_constant_velocity_baseline,historical_demo_not_real_time
UK18,2002-03-19,3,2002-03-22,-69.73414523650847,163.2367347713611,4814.7948495581395,11.984682765525426,global_constant_velocity_baseline,historical_demo_not_real_time
UK18,2002-03-19,7,2002-03-26,-69.66048612094289,162.78927340180076,4814.7948495581395,38.88320587636103,global_constant_velocity_baseline,historical_demo_not_real_time
UK180,2008-01-07,1,2008-01-08,-75.30989999999998,-36.55319999999999,0.0,2.560458969109476,global_constant_velocity_baseline,historical_demo_not_real_time
UK180,2008-01-07,3,2008-01-10,-75.30989999999998,-36.55319999999999,0.0,11.984682765525426,global_constant_velocity_baseline,historical_demo_not_real_time
UK180,2008-01-07,7,2008-01-14,-75.30989999999998,-36.55319999999999,0.0,38.88320587636103,global_constant_velocity_baseline,historical_demo_not_real_time
UK183,2009-06-20,1,2009-06-21,-65.59795698226337,53.34549529919558,3625.9206993462726,2.560458969109476,global_constant_velocity_baseline,historical_demo_not_real_time
UK183,2009-06-20,3,2009-06-23,-65.59634191141569,53.499870676075496,3625.9206993462726,11.984682765525426,global_constant_velocity_baseline,historical_demo_not_real_time
UK183,2009-06-20,7,2009-06-27,-65.59259576726838,53.80855271651648,3625.9206993462726,38.88320587636103,global_constant_velocity_baseline,historical_demo_not_real_time
UK185,2009-03-19,1,2009-03-20,-66.13291807405795,50.754337570412126,11374.396838515091,2.560458969109476,global_constant_velocity_baseline,historical_demo_not_real_time
UK185,2009-03-19,3,2009-03-22,-66.27899993673542,50.41319680924744,11374.396838515091,11.984682765525426,global_constant_velocity_baseline,historical_demo_not_real_time
UK185,2009-03-19,7,2009-03-26,-66.56888585491674,49.717850592238094,11374.396838515091,38.88320587636103,global_constant_velocity_baseline,historical_demo_not_real_time
UK186,2008-12-25,1,2008-12-26,-68.75809999999991,39.53929999999999,0.0,2.560458969109476,global_constant_velocity_baseline,historical_demo_not_real_time
UK186,2008-12-25,3,2008-12-28,-68.75809999999991,39.53929999999999,0.0,11.984682765525426,global_constant_velocity_baseline,historical_demo_not_real_time
UK186,2008-12-25,7,2009-01-01,-68.75809999999991,39.53929999999999,0.0,38.88320587636103,global_constant_velocity_baseline,historical_demo_not_real_time
UK187,2009-11-22,1,2009-11-23,-67.58289999999987,43.0568,0.0,2.560458969109476,global_constant_velocity_baseline,historical_demo_not_real_time
UK187,2009-11-22,3,2009-11-25,-67.58289999999987,43.0568,0.0,11.984682765525426,global_constant_velocity_baseline,historical_demo_not_real_time
UK187,2009-11-22,7,2009-11-29,-67.58289999999987,43.0568,0.0,38.88320587636103,global_constant_velocity_baseline,historical_demo_not_real_time
UK188,2008-04-07,1,2008-04-08,-69.31719999999993,15.127899999999999,0.0,2.560458969109476,global_constant_velocity_baseline,historical_demo_not_real_time
UK188,2008-04-07,3,2008-04-10,-69.31719999999993,15.127899999999999,0.0,11.984682765525426,global_constant_velocity_baseline,historical_demo_not_real_time
UK188,2008-04-07,7,2008-04-14,-69.31719999999993,15.127899999999999,0.0,38.88320587636103,global_constant_velocity_baseline,historical_demo_not_real_time
UK189,2008-04-08,1,2008-04-09,-67.8535192970779,42.44316031436541,9296.190761731606,2.560458969109476,global_constant_velocity_baseline,historical_demo_not_real_time
UK189,2008-04-08,3,2008-04-11,-68.01781534488273,42.48616922643868,9296.190761731606,11.984682765525426,global_constant_velocity_baseline,historical_demo_not_real_time
UK189,2008-04-08,7,2008-04-15,-68.34663415445804,42.57419315298628,9296.190761731606,38.88320587636103,global_constant_velocity_baseline,historical_demo_not_real_time
UK19,2004-02-22,1,2004-02-23,-69.69689999999994,162.3403,0.0,2.560458969109476,global_constant_velocity_baseline,historical_demo_not_real_time
UK19,2004-02-22,3,2004-02-25,-69.69689999999994,162.3403,0.0,11.984682765525426,global_constant_velocity_baseline,historical_demo_not_real_time
UK19,2004-02-22,7,2004-02-29,-69.69689999999994,162.3403,0.0,38.88320587636103,global_constant_velocity_baseline,historical_demo_not_real_time
UK190,2008-02-07,1,2008-02-08,-60.534111666460284,-31.133836059379888,8481.214697656837,2.560458969109476,global_constant_velocity_baseline,historical_demo_not_real_time
UK190,2008-02-07,3,2008-02-10,-60.52117056072536,-31.429708626509523,8481.214697656837,11.984682765525426,global_constant_velocity_baseline,historical_demo_not_real_time
UK190,2008-02-07,7,2008-02-14,-60.49303475836473,-32.020601747184315,8481.214697656837,38.88320587636103,global_constant_velocity_baseline,historical_demo_not_real_time
UK191,2008-03-12,1,2008-03-13,-61.084421312361336,161.9280633153681,21954.882334414473,2.560458969109476,global_constant_velocity_baseline,historical_demo_not_real_time
UK191,2008-03-12,3,2008-03-15,-61.188096884907196,162.68408344104836,21954.882334414473,11.984682765525426,global_constant_velocity_baseline,historical_demo_not_real_time
UK191,2008-03-12,7,2008-03-19,-61.38096972428187,164.2125844858409,21954.882334414473,38.88320587636103,global_constant_velocity_baseline,historical_demo_not_real_time
UK192,2013-09-30,1,2013-10-01,-65.36789232619712,127.0042704816903,1986.7543455698788,2.560458969109476,global_constant_velocity_baseline,historical_demo_not_real_time
UK192,2013-09-30,3,2013-10-03,-65.3890539097745,126.9375228234722,1986.7543455698788,11.984682765525426,global_constant_velocity_baseline,historical_demo_not_real_time
UK192,2013-09-30,7,2013-10-07,-65.4312844691698,126.80367255679954,1986.7543455698788,38.88320587636103,global_constant_velocity_baseline,historical_demo_not_real_time
UK193,2009-11-22,1,2009-11-23,-73.03199999999998,-110.6059,0.0,2.560458969109476,global_constant_velocity_baseline,historical_demo_not_real_time
UK193,2009-11-22,3,2009-11-25,-73.03199999999998,-110.6059,0.0,11.984682765525426,global_constant_velocity_baseline,historical_demo_not_real_time
UK193,2009-11-22,7,2009-11-29,-73.03199999999998,-110.6059,0.0,38.88320587636103,global_constant_velocity_baseline,historical_demo_not_real_time
UK194,2009-03-19,1,2009-03-20,-68.77989504683654,-151.90617939784025,1432.751827868747,2.560458969109476,global_constant_velocity_baseline,historical_demo_not_real_time
UK194,2009-03-19,3,2009-03-22,-68.76487030494401,-151.96307642016566,1432.751827868747,11.984682765525426,global_constant_velocity_baseline,historical_demo_not_real_time
UK194,2009-03-19,7,2009-03-26,-68.73476164612569,-152.07662360486623,1432.751827868747,38.88320587636103,global_constant_velocity_baseline,historical_demo_not_real_time
UK195,2008-04-10,1,2008-04-11,-64.18109999999959,106.9957,0.0,2.560458969109476,global_constant_velocity_baseline,historical_demo_not_real_time
UK195,2008-04-10,3,2008-04-13,-64.18109999999959,106.9957,0.0,11.984682765525426,global_constant_velocity_baseline,historical_demo_not_real_time
UK195,2008-04-10,7,2008-04-17,-64.18109999999959,106.9957,0.0,38.88320587636103,global_constant_velocity_baseline,historical_demo_not_real_time
UK196,2008-04-05,1,2008-04-06,-65.84639999999976,76.4916,0.0,2.560458969109476,global_constant_velocity_baseline,historical_demo_not_real_time
UK196,2008-04-05,3,2008-04-08,-65.84639999999976,76.4916,0.0,11.984682765525426,global_constant_velocity_baseline,historical_demo_not_real_time
UK196,2008-04-05,7,2008-04-12,-65.84639999999976,76.4916,0.0,38.88320587636103,global_constant_velocity_baseline,historical_demo_not_real_time
UK20,2003-02-22,1,2003-02-23,-60.18299999999873,159.9758,0.0,2.560458969109476,global_constant_velocity_baseline,historical_demo_not_real_time
UK20,2003-02-22,3,2003-02-25,-60.18299999999873,159.9758,0.0,11.984682765525426,global_constant_velocity_baseline,historical_demo_not_real_time
UK20,2003-02-22,7,2003-03-01,-60.18299999999873,159.9758,0.0,38.88320587636103,global_constant_velocity_baseline,historical_demo_not_real_time
UK201,2005-07-09,1,2005-07-10,-57.60620196183981,-42.71946173334343,21183.23699831223,2.560458969109476,global_constant_velocity_baseline,historical_demo_not_real_time
UK201,2005-07-09,3,2005-07-12,-57.254118116406204,-42.86172645318357,21183.23699831223,11.984682765525426,global_constant_velocity_baseline,historical_demo_not_real_time
UK201,2005-07-09,7,2005-07-16,-56.551242431137446,-43.13679643640229,21183.23699831223,38.88320587636103,global_constant_velocity_baseline,historical_demo_not_real_time
UK202,2005-03-14,1,2005-03-15,-57.05007962619591,-52.33961330553381,16809.502545467774,2.560458969109476,global_constant_velocity_baseline,historical_demo_not_real_time
UK202,2005-03-14,3,2005-03-17,-56.78838483368001,-52.54702125634713,16809.502545467774,11.984682765525426,global_constant_velocity_baseline,historical_demo_not_real_time
UK202,2005-03-14,7,2005-03-21,-56.26482727948673,-52.95164423664531,16809.502545467774,38.88320587636103,global_constant_velocity_baseline,historical_demo_not_real_time
UK203,2005-03-22,1,2005-03-23,-55.93569677787507,-50.65497117821464,29554.341176085665,2.560458969109476,global_constant_velocity_baseline,historical_demo_not_real_time
UK203,2005-03-22,3,2005-03-25,-55.54874948272742,-51.21201633534435,29554.341176085665,11.984682765525426,global_constant_velocity_baseline,historical_demo_not_real_time
UK203,2005-03-22,7,2005-03-29,-54.768355987330686,-52.28701541477091,29554.341176085665,38.88320587636103,global_constant_velocity_baseline,historical_demo_not_real_time
UK205,2005-03-10,1,2005-03-11,-59.06345367082517,-43.21725465438938,13887.598458767734,2.560458969109476,global_constant_velocity_baseline,historical_demo_not_real_time
UK205,2005-03-10,3,2005-03-13,-59.001828330236684,-42.77114953464189,13887.598458767734,11.984682765525426,global_constant_velocity_baseline,historical_demo_not_real_time
UK205,2005-03-10,7,2005-03-17,-58.873291997775816,-41.884628440567255,13887.598458767734,38.88320587636103,global_constant_velocity_baseline,historical_demo_not_real_time
UK206,2005-12-14,1,2005-12-15,-64.95749999999967,-40.5408,0.0,2.560458969109476,global_constant_velocity_baseline,historical_demo_not_real_time
UK206,2005-12-14,3,2005-12-17,-64.95749999999967,-40.5408,0.0,11.984682765525426,global_constant_velocity_baseline,historical_demo_not_real_time
UK206,2005-12-14,7,2005-12-21,-64.95749999999967,-40.5408,0.0,38.88320587636103,global_constant_velocity_baseline,historical_demo_not_real_time
UK207,2006-10-02,1,2006-10-03,-56.64670766622316,-36.27564905983937,25028.203793050285,2.560458969109476,global_constant_velocity_baseline,historical_demo_not_real_time
UK207,2006-10-02,3,2006-10-05,-56.23805892115396,-36.073893453235456,25028.203793050285,11.984682765525426,global_constant_velocity_baseline,historical_demo_not_real_time
UK207,2006-10-02,7,2006-10-09,-55.42219222660961,-35.68549448937913,25028.203793050285,38.88320587636103,global_constant_velocity_baseline,historical_demo_not_real_time
UK208,2005-10-06,1,2005-10-07,-65.34659999999971,-41.0628,0.0,2.560458969109476,global_constant_velocity_baseline,historical_demo_not_real_time
UK208,2005-10-06,3,2005-10-09,-65.34659999999971,-41.0628,0.0,11.984682765525426,global_constant_velocity_baseline,historical_demo_not_real_time
UK208,2005-10-06,7,2005-10-13,-65.34659999999971,-41.0628,0.0,38.88320587636103,global_constant_velocity_baseline,historical_demo_not_real_time
UK209,2005-10-10,1,2005-10-11,-66.08739999999977,-39.8113,0.0,2.560458969109476,global_constant_velocity_baseline,historical_demo_not_real_time
UK209,2005-10-10,3,2005-10-13,-66.08739999999977,-39.8113,0.0,11.984682765525426,global_constant_velocity_baseline,historical_demo_not_real_time
UK209,2005-10-10,7,2005-10-17,-66.08739999999977,-39.8113,0.0,38.88320587636103,global_constant_velocity_baseline,historical_demo_not_real_time
UK21,2002-04-14,1,2002-04-15,-61.237221883049365,161.40802324853533,66032.42258929313,2.560458969109476,global_constant_velocity_baseline,historical_demo_not_real_time
UK21,2002-04-14,3,2002-04-17,-61.25359950307753,163.78080969827545,66032.42258929313,11.984682765525426,global_constant_velocity_baseline,historical_demo_not_real_time
UK21,2002-04-14,7,2002-04-21,-61.14451741116019,168.51453212373363,66032.42258929313,38.88320587636103,global_constant_velocity_baseline,historical_demo_not_real_time
UK210,2005-12-25,1,2005-12-26,-65.95799999999977,-52.931700000000006,0.0,2.560458969109476,global_constant_velocity_baseline,historical_demo_not_real_time
UK210,2005-12-25,3,2005-12-28,-65.95799999999977,-52.931700000000006,0.0,11.984682765525426,global_constant_velocity_baseline,historical_demo_not_real_time
UK210,2005-12-25,7,2006-01-01,-65.95799999999977,-52.931700000000006,0.0,38.88320587636103,global_constant_velocity_baseline,historical_demo_not_real_time
UK211,2006-11-06,1,2006-11-07,-52.456199999992776,-42.4159,0.0,2.560458969109476,global_constant_velocity_baseline,historical_demo_not_real_time
UK211,2006-11-06,3,2006-11-09,-52.456199999992776,-42.4159,0.0,11.984682765525426,global_constant_velocity_baseline,historical_demo_not_real_time
UK211,2006-11-06,7,2006-11-13,-52.456199999992776,-42.4159,0.0,38.88320587636103,global_constant_velocity_baseline,historical_demo_not_real_time
UK212,2007-03-20,1,2007-03-21,-57.17431465367344,-43.012429713527204,13857.371693366178,2.560458969109476,global_constant_velocity_baseline,historical_demo_not_real_time
UK212,2007-03-20,3,2007-03-23,-57.09199505813547,-42.60689045156845,13857.371693366178,11.984682765525426,global_constant_velocity_baseline,historical_demo_not_real_time
UK212,2007-03-20,7,2007-03-27,-56.92281065223576,-41.80229848414803,13857.371693366178,38.88320587636103,global_constant_velocity_baseline,historical_demo_not_real_time
UK213,2006-10-05,1,2006-10-06,-53.63816138520786,-47.00057585141138,22537.12192258102,2.560458969109476,global_constant_velocity_baseline,historical_demo_not_real_time
UK213,2006-10-05,3,2006-10-08,-53.26777316585653,-46.89761824029855,22537.12192258102,11.984682765525426,global_constant_velocity_baseline,historical_demo_not_real_time
UK213,2006-10-05,7,2006-10-12,-52.528985855313906,-46.698218373814456,22537.12192258102,38.88320587636103,global_constant_velocity_baseline,historical_demo_not_real_time
UK215,2006-11-02,1,2006-11-03,-62.80941721677131,-41.39721742749706,7493.085060146083,2.560458969109476,global_constant_velocity_baseline,historical_demo_not_real_time
UK215,2006-11-02,3,2006-11-05,-62.678903441675494,-41.390304047004605,7493.085060146083,11.984682765525426,global_constant_velocity_baseline,historical_demo_not_real_time
UK215,2006-11-02,7,2006-11-09,-62.41808404050123,-41.376680789355156,7493.085060146083,38.88320587636103,global_constant_velocity_baseline,historical_demo_not_real_time
UK216,2006-10-26,1,2006-10-27,-64.55429108603806,-45.902764078388245,3019.495029653453,2.560458969109476,global_constant_velocity_baseline,historical_demo_not_real_time
UK216,2006-10-26,3,2006-10-29,-64.51224663917549,-45.82788394444835,3019.495029653453,11.984682765525426,global_constant_velocity_baseline,historical_demo_not_real_time
UK216,2006-10-26,7,2006-11-02,-64.42805212567826,-45.678886845370464,3019.495029653453,38.88320587636103,global_constant_velocity_baseline,historical_demo_not_real_time
UK217,2006-10-21,1,2006-10-22,-65.59549999999976,-47.951600000000006,0.0,2.560458969109476,global_constant_velocity_baseline,historical_demo_not_real_time
UK217,2006-10-21,3,2006-10-24,-65.59549999999976,-47.951600000000006,0.0,11.984682765525426,global_constant_velocity_baseline,historical_demo_not_real_time
UK217,2006-10-21,7,2006-10-28,-65.59549999999976,-47.951600000000006,0.0,38.88320587636103,global_constant_velocity_baseline,historical_demo_not_real_time
UK22,2002-04-06,1,2002-04-07,-62.781285902798594,173.1172968040034,57351.09662248105,2.560458969109476,global_constant_velocity_baseline,historical_demo_not_real_time
UK22,2002-04-06,3,2002-04-09,-62.71920762833424,175.29253877757006,57351.09662248105,11.984682765525426,global_constant_velocity_baseline,historical_demo_not_real_time
UK22,2002-04-06,7,2002-04-13,-62.48251936840894,179.5970375521679,57351.09662248105,38.88320587636103,global_constant_velocity_baseline,historical_demo_not_real_time
UK220,2006-10-30,1,2006-10-31,-64.64989175387375,-51.111999177825794,1621.840432581822,2.560458969109476,global_constant_velocity_baseline,historical_demo_not_real_time
UK220,2006-10-30,3,2006-11-02,-64.64925052461065,-51.17839497791205,1621.840432581822,11.984682765525426,global_constant_velocity_baseline,historical_demo_not_real_time
UK220,2006-10-30,7,2006-11-06,-64.6478691281113,-51.311175732719775,1621.840432581822,38.88320587636103,global_constant_velocity_baseline,historical_demo_not_real_time
UK221,2006-01-22,1,2006-01-23,-66.2744999999998,-60.7761,0.0,2.560458969109476,global_constant_velocity_baseline,historical_demo_not_real_time
UK221,2006-01-22,3,2006-01-25,-66.2744999999998,-60.7761,0.0,11.984682765525426,global_constant_velocity_baseline,historical_demo_not_real_time
UK221,2006-01-22,7,2006-01-29,-66.2744999999998,-60.7761,0.0,38.88320587636103,global_constant_velocity_baseline,historical_demo_not_real_time
UK222,2005-06-29,1,2005-06-30,-60.24424591418013,-54.91745100955856,17536.822782333547,2.560458969109476,global_constant_velocity_baseline,historical_demo_not_real_time
UK222,2005-06-29,3,2005-07-02,-60.083097691083424,-54.40449922431596,17536.822782333547,11.984682765525426,global_constant_velocity_baseline,historical_demo_not_real_time
UK222,2005-06-29,7,2005-07-06,-59.754395340876634,-53.395920858724665,17536.822782333547,38.88320587636103,global_constant_velocity_baseline,historical_demo_not_real_time
UK23,2002-03-28,1,2002-03-29,-67.87050278022895,155.55410269474032,9383.465741879678,2.560458969109476,global_constant_velocity_baseline,historical_demo_not_real_time
UK23,2002-03-28,3,2002-03-31,-68.03211549459841,155.44589857927528,9383.465741879678,11.984682765525426,global_constant_velocity_baseline,historical_demo_not_real_time
UK23,2002-03-28,7,2002-04-04,-68.35536103927178,155.224525602042,9383.465741879678,38.88320587636103,global_constant_velocity_baseline,historical_demo_not_real_time
UK231,2007-08-04,1,2007-08-05,-60.93269999999896,-45.933,0.0,2.560458969109476,global_constant_velocity_baseline,historical_demo_not_real_time
UK231,2007-08-04,3,2007-08-07,-60.93269999999896,-45.933,0.0,11.984682765525426,global_constant_velocity_baseline,historical_demo_not_real_time
UK231,2007-08-04,7,2007-08-11,-60.93269999999896,-45.933,0.0,38.88320587636103,global_constant_velocity_baseline,historical_demo_not_real_time
UK233,2007-05-19,1,2007-05-20,-56.154999672519516,-31.84630055357059,428.1329867975744,2.560458969109476,global_constant_velocity_baseline,historical_demo_not_real_time
UK233,2007-05-19,3,2007-05-22,-56.15199803535773,-31.83450332161213,428.1329867975744,11.984682765525426,global_constant_velocity_baseline,historical_demo_not_real_time
UK233,2007-05-19,7,2007-05-26,-56.14599083376997,-31.810915502613824,428.1329867975744,38.88320587636103,global_constant_velocity_baseline,historical_demo_not_real_time
UK234,2008-01-31,1,2008-02-01,-59.288299999998394,-51.22970000000001,0.0,2.560458969109476,global_constant_velocity_baseline,historical_demo_not_real_time
UK234,2008-01-31,3,2008-02-03,-59.288299999998394,-51.22970000000001,0.0,11.984682765525426,global_constant_velocity_baseline,historical_demo_not_real_time
UK234,2008-01-31,7,2008-02-07,-59.288299999998394,-51.22970000000001,0.0,38.88320587636103,global_constant_velocity_baseline,historical_demo_not_real_time
UK235,2019-06-06,1,2019-06-07,-77.4035,-35.5837,0.0,2.560458969109476,global_constant_velocity_baseline,historical_demo_not_real_time
UK235,2019-06-06,3,2019-06-09,-77.4035,-35.5837,0.0,11.984682765525426,global_constant_velocity_baseline,historical_demo_not_real_time
UK235,2019-06-06,7,2019-06-13,-77.4035,-35.5837,0.0,38.88320587636103,global_constant_velocity_baseline,historical_demo_not_real_time
UK236,2008-09-12,1,2008-09-13,-57.094340495313325,-39.38855387626326,51147.69519103573,2.560458969109476,global_constant_velocity_baseline,historical_demo_not_real_time
UK236,2008-09-12,3,2008-09-15,-56.966492543236555,-37.81336840346321,51147.69519103573,11.984682765525426,global_constant_velocity_baseline,historical_demo_not_real_time
UK236,2008-09-12,7,2008-09-19,-56.64112594561885,-34.70704170435139,51147.69519103573,38.88320587636103,global_constant_velocity_baseline,historical_demo_not_real_time
UK237,2008-08-03,1,2008-08-04,-59.91879437971241,-46.72921985783472,14587.331881462882,2.560458969109476,global_constant_velocity_baseline,historical_demo_not_real_time
UK237,2008-08-03,3,2008-08-06,-60.130257833617705,-46.458281478711775,14587.331881462882,11.984682765525426,global_constant_velocity_baseline,historical_demo_not_real_time
UK237,2008-08-03,7,2008-08-10,-60.55182296890464,-45.904223289049845,14587.331881462882,38.88320587636103,global_constant_velocity_baseline,historical_demo_not_real_time
UK238,2008-06-13,1,2008-06-14,-60.42550475147361,-48.5072690338205,19742.0385883817,2.560458969109476,global_constant_velocity_baseline,historical_demo_not_real_time
UK238,2008-06-13,3,2008-06-16,-60.47411630724207,-47.82480373971883,19742.0385883817,11.984682765525426,global_constant_velocity_baseline,historical_demo_not_real_time
UK238,2008-06-13,7,2008-06-20,-60.55926841565011,-46.453300132612,19742.0385883817,38.88320587636103,global_constant_velocity_baseline,historical_demo_not_real_time
UK239,2008-05-13,1,2008-05-14,-60.405899999998795,-38.31170000000001,0.0,2.560458969109476,global_constant_velocity_baseline,historical_demo_not_real_time
UK239,2008-05-13,3,2008-05-16,-60.405899999998795,-38.31170000000001,0.0,11.984682765525426,global_constant_velocity_baseline,historical_demo_not_real_time
UK239,2008-05-13,7,2008-05-20,-60.405899999998795,-38.31170000000001,0.0,38.88320587636103,global_constant_velocity_baseline,historical_demo_not_real_time
UK24,2003-10-24,1,2003-10-25,-60.72679999999889,-44.68220000000001,0.0,2.560458969109476,global_constant_velocity_baseline,historical_demo_not_real_time
UK24,2003-10-24,3,2003-10-27,-60.72679999999889,-44.68220000000001,0.0,11.984682765525426,global_constant_velocity_baseline,historical_demo_not_real_time
UK24,2003-10-24,7,2003-10-31,-60.72679999999889,-44.68220000000001,0.0,38.88320587636103,global_constant_velocity_baseline,historical_demo_not_real_time
UK240,2008-04-09,1,2008-04-10,-63.497099999999506,-53.6523,0.0,2.560458969109476,global_constant_velocity_baseline,historical_demo_not_real_time
UK240,2008-04-09,3,2008-04-12,-63.497099999999506,-53.6523,0.0,11.984682765525426,global_constant_velocity_baseline,historical_demo_not_real_time
UK240,2008-04-09,7,2008-04-16,-63.497099999999506,-53.6523,0.0,38.88320587636103,global_constant_velocity_baseline,historical_demo_not_real_time
UK241,2008-04-23,1,2008-04-24,-70.12369999999996,-106.38430000000001,0.0,2.560458969109476,global_constant_velocity_baseline,historical_demo_not_real_time
UK241,2008-04-23,3,2008-04-26,-70.12369999999996,-106.38430000000001,0.0,11.984682765525426,global_constant_velocity_baseline,historical_demo_not_real_time
UK241,2008-04-23,7,2008-04-30,-70.12369999999996,-106.38430000000001,0.0,38.88320587636103,global_constant_velocity_baseline,historical_demo_not_real_time
UK242,2008-05-13,1,2008-05-14,-64.12941091421031,120.79542489213522,6139.19244662521,2.560458969109476,global_constant_velocity_baseline,historical_demo_not_real_time
UK242,2008-05-13,3,2008-05-16,-64.23686539979059,120.80714999607099,6139.19244662521,11.984682765525426,global_constant_velocity_baseline,historical_demo_not_real_time
UK242,2008-05-13,7,2008-05-20,-64.45190439897003,120.83090606360754,6139.19244662521,38.88320587636103,global_constant_velocity_baseline,historical_demo_not_real_time
UK243,2008-05-23,1,2008-05-24,-58.41690052540474,-42.268472655884764,16324.284958068429,2.560458969109476,global_constant_velocity_baseline,historical_demo_not_real_time
UK243,2008-05-23,3,2008-05-26,-58.25331928573888,-41.83892258081626,16324.284958068429,11.984682765525426,global_constant_velocity_baseline,historical_demo_not_real_time
UK243,2008-05-23,7,2008-05-30,-57.921539423416164,-40.99374216357228,16324.284958068429,38.88320587636103,global_constant_velocity_baseline,historical_demo_not_real_time
UK245,2008-12-26,1,2008-12-27,-66.72710157161674,78.2177008382513,16769.35386958954,2.560458969109476,global_constant_velocity_baseline,historical_demo_not_real_time
UK245,2008-12-26,3,2008-12-29,-66.84328180739273,77.52594790638013,16769.35386958954,11.984682765525426,global_constant_velocity_baseline,historical_demo_not_real_time
UK245,2008-12-26,7,2009-01-02,-67.06575891160793,76.12135937560177,16769.35386958954,38.88320587636103,global_constant_velocity_baseline,historical_demo_not_real_time
UK246,2008-07-18,1,2008-07-19,-71.44317492025225,-39.23643404022165,7349.405333434727,2.560458969109476,global_constant_velocity_baseline,historical_demo_not_real_time
UK246,2008-07-18,3,2008-07-21,-71.32125111659707,-39.07908419197693,7349.405333434727,11.984682765525426,global_constant_velocity_baseline,historical_demo_not_real_time
UK246,2008-07-18,7,2008-07-25,-71.07711984359419,-38.77057567775039,7349.405333434727,38.88320587636103,global_constant_velocity_baseline,historical_demo_not_real_time
UK247,2009-04-13,1,2009-04-14,-55.52059279326167,-35.293640078809105,17140.937419939506,2.560458969109476,global_constant_velocity_baseline,historical_demo_not_real_time
UK247,2009-04-13,3,2009-04-16,-55.640042873423695,-34.82935143060662,17140.937419939506,11.984682765525426,global_constant_velocity_baseline,historical_demo_not_real_time
UK247,2009-04-13,7,2009-04-20,-55.87270417273801,-33.89058309514153,17140.937419939506,38.88320587636103,global_constant_velocity_baseline,historical_demo_not_real_time
UK248,2008-12-09,1,2008-12-10,-51.961911811524224,-37.271304890078234,23123.277725082997,2.560458969109476,global_constant_velocity_baseline,historical_demo_not_real_time
UK248,2008-12-09,3,2008-12-12,-52.02735699932492,-36.66159117894113,23123.277725082997,11.984682765525426,global_constant_velocity_baseline,historical_demo_not_real_time
UK248,2008-12-09,7,2008-12-16,-52.146241628509486,-35.43571306303619,23123.277725082997,38.88320587636103,global_constant_velocity_baseline,historical_demo_not_real_time
UK249,2009-11-23,1,2009-11-24,-69.10409999999995,76.5497,0.0,2.560458969109476,global_constant_velocity_baseline,historical_demo_not_real_time
UK249,2009-11-23,3,2009-11-26,-69.10409999999995,76.5497,0.0,11.984682765525426,global_constant_velocity_baseline,historical_demo_not_real_time
UK249,2009-11-23,7,2009-11-30,-69.10409999999995,76.5497,0.0,38.88320587636103,global_constant_velocity_baseline,historical_demo_not_real_time
UK25,2003-04-06,1,2003-04-07,-68.0972999999999,150.3926,0.0,2.560458969109476,global_constant_velocity_baseline,historical_demo_not_real_time
UK25,2003-04-06,3,2003-04-09,-68.0972999999999,150.3926,0.0,11.984682765525426,global_constant_velocity_baseline,historical_demo_not_real_time
UK25,2003-04-06,7,2003-04-13,-68.0972999999999,150.3926,0.0,38.88320587636103,global_constant_velocity_baseline,historical_demo_not_real_time
UK250,2008-08-03,1,2008-08-04,-59.929253103034625,-46.74545048264163,16464.49252703515,2.560458969109476,global_constant_velocity_baseline,historical_demo_not_real_time
UK250,2008-08-03,3,2008-08-06,-60.18621013830685,-46.5055501952082,16464.49252703515,11.984682765525426,global_constant_velocity_baseline,historical_demo_not_real_time
UK250,2008-08-03,7,2008-08-10,-60.69946638210364,-46.012564327377355,16464.49252703515,38.88320587636103,global_constant_velocity_baseline,historical_demo_not_real_time
UK251,2009-11-22,1,2009-11-23,-65.87049999999978,110.347,0.0,2.560458969109476,global_constant_velocity_baseline,historical_demo_not_real_time
UK251,2009-11-22,3,2009-11-25,-65.87049999999978,110.347,0.0,11.984682765525426,global_constant_velocity_baseline,historical_demo_not_real_time
UK251,2009-11-22,7,2009-11-29,-65.87049999999978,110.347,0.0,38.88320587636103,global_constant_velocity_baseline,historical_demo_not_real_time
UK253,2008-09-14,1,2008-09-15,-53.65888238598001,-42.68536785642504,9543.46313085181,2.560458969109476,global_constant_velocity_baseline,historical_demo_not_real_time
UK253,2008-09-14,3,2008-09-17,-53.51979574286371,-42.55550127430256,9543.46313085181,11.984682765525426,global_constant_velocity_baseline,historical_demo_not_real_time
UK253,2008-09-14,7,2008-09-21,-53.2414266523308,-42.29891839268543,9543.46313085181,38.88320587636103,global_constant_velocity_baseline,historical_demo_not_real_time
UK254,2008-04-30,1,2008-05-01,-65.25789999999972,106.186,0.0,2.560458969109476,global_constant_velocity_baseline,historical_demo_not_real_time
UK254,2008-04-30,3,2008-05-03,-65.25789999999972,106.186,0.0,11.984682765525426,global_constant_velocity_baseline,historical_demo_not_real_time
UK254,2008-04-30,7,2008-05-07,-65.25789999999972,106.186,0.0,38.88320587636103,global_constant_velocity_baseline,historical_demo_not_real_time
UK255,2008-09-17,1,2008-09-18,-51.96264772026788,-40.30072974753741,19060.506292412523,2.560458969109476,global_constant_velocity_baseline,historical_demo_not_real_time
UK255,2008-09-17,3,2008-09-20,-51.88439667039114,-39.80760835681132,19060.506292412523,11.984682765525426,global_constant_velocity_baseline,historical_demo_not_real_time
UK255,2008-09-17,7,2008-09-24,-51.72018289709599,-38.828044803978145,19060.506292412523,38.88320587636103,global_constant_velocity_baseline,historical_demo_not_real_time
UK256,2009-11-22,1,2009-11-23,-72.86649999999997,-119.6457,0.0,2.560458969109476,global_constant_velocity_baseline,historical_demo_not_real_time
UK256,2009-11-22,3,2009-11-25,-72.86649999999997,-119.6457,0.0,11.984682765525426,global_constant_velocity_baseline,historical_demo_not_real_time
UK256,2009-11-22,7,2009-11-29,-72.86649999999997,-119.6457,0.0,38.88320587636103,global_constant_velocity_baseline,historical_demo_not_real_time
UK257,2008-10-01,1,2008-10-02,-62.02437132087154,100.86880351759264,9068.369620431573,2.560458969109476,global_constant_velocity_baseline,historical_demo_not_real_time
UK257,2008-10-01,3,2008-10-04,-61.884429788135115,100.71540970513304,9068.369620431573,11.984682765525426,global_constant_velocity_baseline,historical_demo_not_real_time
UK257,2008-10-01,7,2008-10-08,-61.60422284315119,100.41334020590166,9068.369620431573,38.88320587636103,global_constant_velocity_baseline,historical_demo_not_real_time
UK258,2008-10-21,1,2008-10-22,-63.28086705277067,85.51149692438455,25130.961389805394,2.560458969109476,global_constant_velocity_baseline,historical_demo_not_real_time
UK258,2008-10-21,3,2008-10-24,-62.84490990466236,85.61387132144094,25130.961389805394,11.984682765525426,global_constant_velocity_baseline,historical_demo_not_real_time
UK258,2008-10-21,7,2008-10-28,-61.97508226193472,85.80873056453227,25130.961389805394,38.88320587636103,global_constant_velocity_baseline,historical_demo_not_real_time
UK259,2008-10-31,1,2008-11-01,-61.221216920676774,86.40583195126243,12664.931944579654,2.560458969109476,global_constant_velocity_baseline,historical_demo_not_real_time
UK259,2008-10-31,3,2008-11-03,-61.00990368411001,86.52591248843024,12664.931944579654,11.984682765525426,global_constant_velocity_baseline,historical_demo_not_real_time
UK259,2008-10-31,7,2008-11-07,-60.58750368259965,86.76068143570531,12664.931944579654,38.88320587636103,global_constant_velocity_baseline,historical_demo_not_real_time
UK26,2002-12-26,1,2002-12-27,-53.92767734471353,-33.56257959666355,34054.79355021486,2.560458969109476,global_constant_velocity_baseline,historical_demo_not_real_time
UK26,2002-12-26,3,2002-12-29,-53.41712151386184,-33.143308511396086,34054.79355021486,11.984682765525426,global_constant_velocity_baseline,historical_demo_not_real_time
UK26,2002-12-26,7,2003-01-02,-52.395150634168864,-32.3412524999192,34054.79355021486,38.88320587636103,global_constant_velocity_baseline,historical_demo_not_real_time
UK261,2008-10-25,1,2008-10-26,-54.91059999999557,-36.3462,0.0,2.560458969109476,global_constant_velocity_baseline,historical_demo_not_real_time
UK261,2008-10-25,3,2008-10-28,-54.91059999999557,-36.3462,0.0,11.984682765525426,global_constant_velocity_baseline,historical_demo_not_real_time
UK261,2008-10-25,7,2008-11-01,-54.91059999999557,-36.3462,0.0,38.88320587636103,global_constant_velocity_baseline,historical_demo_not_real_time
UK262,2009-01-14,1,2009-01-15,-72.2852206388614,-46.02521504351925,6328.6645132807735,2.560458969109476,global_constant_velocity_baseline,historical_demo_not_real_time
UK262,2009-01-14,3,2009-01-17,-72.30492252922664,-46.39367656080626,6328.6645132807735,11.984682765525426,global_constant_velocity_baseline,historical_demo_not_real_time
UK262,2009-01-14,7,2009-01-21,-72.34215992066899,-47.133028012712536,6328.6645132807735,38.88320587636103,global_constant_velocity_baseline,historical_demo_not_real_time
UK263,2009-07-25,1,2009-07-26,-68.44559064599375,-50.08155031154387,4338.8165550697895,2.560458969109476,global_constant_velocity_baseline,historical_demo_not_real_time
UK263,2009-07-25,3,2009-07-28,-68.3759441771861,-49.99129912474831,4338.8165550697895,11.984682765525426,global_constant_velocity_baseline,historical_demo_not_real_time
UK263,2009-07-25,7,2009-08-01,-68.23654228132557,-49.81257051052784,4338.8165550697895,38.88320587636103,global_constant_velocity_baseline,historical_demo_not_real_time
UK264,2009-01-09,1,2009-01-10,-72.49039999999998,-41.9112,0.0,2.560458969109476,global_constant_velocity_baseline,historical_demo_not_real_time
UK264,2009-01-09,3,2009-01-12,-72.49039999999998,-41.9112,0.0,11.984682765525426,global_constant_velocity_baseline,historical_demo_not_real_time
UK264,2009-01-09,7,2009-01-16,-72.49039999999998,-41.9112,0.0,38.88320587636103,global_constant_velocity_baseline,historical_demo_not_real_time
UK265,2009-02-07,1,2009-02-08,-71.62269661955243,-34.90959615380173,885.2001637984379,2.560458969109476,global_constant_velocity_baseline,historical_demo_not_real_time
UK265,2009-02-07,3,2009-02-10,-71.6198797206269,-34.9591768892528,885.2001637984379,11.984682765525426,global_constant_velocity_baseline,historical_demo_not_real_time
UK265,2009-02-07,7,2009-02-14,-71.61420539393713,-35.05829183711277,885.2001637984379,38.88320587636103,global_constant_velocity_baseline,historical_demo_not_real_time
UK266,2008-09-16,1,2008-09-17,-55.314888289686785,-33.90411056361818,15523.690174169129,2.560458969109476,global_constant_velocity_baseline,historical_demo_not_real_time
UK266,2008-09-16,3,2008-09-19,-55.05413077125933,-33.926067629605235,15523.690174169129,11.984682765525426,global_constant_velocity_baseline,historical_demo_not_real_time
UK266,2008-09-16,7,2008-09-23,-54.53368649399753,-33.96895432567775,15523.690174169129,38.88320587636103,global_constant_velocity_baseline,historical_demo_not_real_time
UK267,2008-12-20,1,2008-12-21,-51.71324635083078,-27.935861266844743,5791.742863019025,2.560458969109476,global_constant_velocity_baseline,historical_demo_not_real_time
UK267,2008-12-20,3,2008-12-23,-51.69055979395121,-27.786526127425375,5791.742863019025,11.984682765525426,global_constant_velocity_baseline,historical_demo_not_real_time
UK267,2008-12-20,7,2008-12-27,-51.64447161261806,-27.48843096479018,5791.742863019025,38.88320587636103,global_constant_velocity_baseline,historical_demo_not_real_time
UK268,2009-01-13,1,2009-01-14,-64.84401195278873,94.34233238554545,20788.77629746142,2.560458969109476,global_constant_velocity_baseline,historical_demo_not_real_time
UK268,2009-01-13,3,2009-01-16,-65.04631972795396,93.62485374377594,20788.77629746142,11.984682765525426,global_constant_velocity_baseline,historical_demo_not_real_time
UK268,2009-01-13,7,2009-01-20,-65.43970197931486,92.15388273255907,20788.77629746142,38.88320587636103,global_constant_velocity_baseline,historical_demo_not_real_time
UK269,2008-11-08,1,2008-11-09,-56.41074529000262,-26.032165573430525,6045.147369099509,2.560458969109476,global_constant_velocity_baseline,historical_demo_not_real_time
UK269,2008-11-08,3,2008-11-11,-56.4654710244412,-25.876093197839694,6045.147369099509,11.984682765525426,global_constant_velocity_baseline,historical_demo_not_real_time
UK269,2008-11-08,7,2008-11-15,-56.57425809057023,-25.56233275817404,6045.147369099509,38.88320587636103,global_constant_velocity_baseline,historical_demo_not_real_time
UK27,2002-06-20,1,2002-06-21,-61.313318554259205,-53.706956941139474,7787.5578435413045,2.560458969109476,global_constant_velocity_baseline,historical_demo_not_real_time
UK27,2002-06-20,3,2002-06-23,-61.22211336696397,-53.91324572681727,7787.5578435413045,11.984682765525426,global_constant_velocity_baseline,historical_demo_not_real_time
UK27,2002-06-20,7,2002-06-27,-61.03874797642734,-54.321751588090635,7787.5578435413045,38.88320587636103,global_constant_velocity_baseline,historical_demo_not_real_time
UK270,2009-04-05,1,2009-04-06,-73.31560004603178,-107.51739527556614,911.1308685257246,2.560458969109476,global_constant_velocity_baseline,historical_demo_not_real_time
UK270,2009-04-05,3,2009-04-08,-73.29940027719225,-107.52697168100181,911.1308685257246,11.984682765525426,global_constant_velocity_baseline,historical_demo_not_real_time
UK270,2009-04-05,7,2009-04-12,-73.26700130289261,-107.5460681015778,911.1308685257246,38.88320587636103,global_constant_velocity_baseline,historical_demo_not_real_time
UK271,2009-01-20,1,2009-01-21,-66.77652980108337,117.47435604650724,4941.441521310001,2.560458969109476,global_constant_velocity_baseline,historical_demo_not_real_time
UK271,2009-01-20,3,2009-01-23,-66.74157951664192,117.27153739338445,4941.441521310001,11.984682765525426,global_constant_velocity_baseline,historical_demo_not_real_time
UK271,2009-01-20,7,2009-01-27,-66.67084438284945,116.8677846360569,4941.441521310001,38.88320587636103,global_constant_velocity_baseline,historical_demo_not_real_time
UK272,2009-11-22,1,2009-11-23,-72.69179999999997,-111.764,0.0,2.560458969109476,global_constant_velocity_baseline,historical_demo_not_real_time
UK272,2009-11-22,3,2009-11-25,-72.69179999999997,-111.764,0.0,11.984682765525426,global_constant_velocity_baseline,historical_demo_not_real_time
UK272,2009-11-22,7,2009-11-29,-72.69179999999997,-111.764,0.0,38.88320587636103,global_constant_velocity_baseline,historical_demo_not_real_time
UK273,2009-01-21,1,2009-01-22,-49.19008824887113,-22.640992959076893,2646.8360365439194,2.560458969109476,global_constant_velocity_baseline,historical_demo_not_real_time
UK273,2009-01-21,3,2009-01-24,-49.18182951259081,-22.705357682443392,2646.8360365439194,11.984682765525426,global_constant_velocity_baseline,historical_demo_not_real_time
UK273,2009-01-21,7,2009-01-28,-49.16517123959542,-22.834001847344275,2646.8360365439194,38.88320587636103,global_constant_velocity_baseline,historical_demo_not_real_time
UK274,2009-01-22,1,2009-01-23,-50.11144746509896,-25.076062367065067,21681.202607509153,2.560458969109476,global_constant_velocity_baseline,historical_demo_not_real_time
UK274,2009-01-22,3,2009-01-25,-50.45798023074538,-24.958944077400975,21681.202607509153,11.984682765525426,global_constant_velocity_baseline,historical_demo_not_real_time
UK274,2009-01-22,7,2009-01-29,-51.15276429169792,-24.717916638526876,21681.202607509153,38.88320587636103,global_constant_velocity_baseline,historical_demo_not_real_time
UK275,2009-01-20,1,2009-01-21,-50.47110298209737,-25.867651778086124,10738.439501130038,2.560458969109476,global_constant_velocity_baseline,historical_demo_not_real_time
UK275,2009-01-20,3,2009-01-23,-50.63111653469096,-25.753004575873682,10738.439501130038,11.984682765525426,global_constant_velocity_baseline,historical_demo_not_real_time
UK275,2009-01-20,7,2009-01-27,-50.9511643481219,-25.52066384728271,10738.439501130038,38.88320587636103,global_constant_velocity_baseline,historical_demo_not_real_time
UK276,2009-11-22,1,2009-11-23,-65.31269999999974,-60.80380000000001,0.0,2.560458969109476,global_constant_velocity_baseline,historical_demo_not_real_time
UK276,2009-11-22,3,2009-11-25,-65.31269999999974,-60.80380000000001,0.0,11.984682765525426,global_constant_velocity_baseline,historical_demo_not_real_time
UK276,2009-11-22,7,2009-11-29,-65.31269999999974,-60.80380000000001,0.0,38.88320587636103,global_constant_velocity_baseline,historical_demo_not_real_time
UK277,2009-03-08,1,2009-03-09,-66.6701033905885,-51.62574884331832,23357.70487020334,2.560458969109476,global_constant_velocity_baseline,historical_demo_not_real_time
UK277,2009-03-08,3,2009-03-11,-67.05639107174102,-51.25199128399124,23357.70487020334,11.984682765525426,global_constant_velocity_baseline,historical_demo_not_real_time
UK277,2009-03-08,7,2009-03-15,-67.82747300368199,-50.46440742179096,23357.70487020334,38.88320587636103,global_constant_velocity_baseline,historical_demo_not_real_time
UK278,2009-02-15,1,2009-02-16,-66.70738346057176,-23.085055435587176,51492.173094953185,2.560458969109476,global_constant_velocity_baseline,historical_demo_not_real_time
UK278,2009-02-15,3,2009-02-18,-67.19688538624126,-25.047036819959896,51492.173094953185,11.984682765525426,global_constant_velocity_baseline,historical_demo_not_real_time
UK278,2009-02-15,7,2009-02-22,-68.09462374501668,-29.228901957770248,51492.173094953185,38.88320587636103,global_constant_velocity_baseline,historical_demo_not_real_time
UK279,2009-02-17,1,2009-02-18,-63.03643810183282,-30.353674864333865,8235.76725363992,2.560458969109476,global_constant_velocity_baseline,historical_demo_not_real_time
UK279,2009-02-17,3,2009-02-20,-62.922730858238126,-30.546558059845133,8235.76725363992,11.984682765525426,global_constant_velocity_baseline,historical_demo_not_real_time
UK279,2009-02-17,7,2009-02-24,-62.69459809860041,-30.927319891239677,8235.76725363992,38.88320587636103,global_constant_velocity_baseline,historical_demo_not_real_time
UK28,2002-04-06,1,2002-04-07,-74.3327,-179.9564,0.0,2.560458969109476,global_constant_velocity_baseline,historical_demo_not_real_time
UK28,2002-04-06,3,2002-04-09,-74.3327,-179.9564,0.0,11.984682765525426,global_constant_velocity_baseline,historical_demo_not_real_time
UK28,2002-04-06,7,2002-04-13,-74.3327,-179.9564,0.0,38.88320587636103,global_constant_velocity_baseline,historical_demo_not_real_time
UK280,2009-04-18,1,2009-04-19,-64.26372468310932,-144.35374191917202,9917.499871566211,2.560458969109476,global_constant_velocity_baseline,historical_demo_not_real_time
UK280,2009-04-18,3,2009-04-21,-64.09104860099369,-144.39855801824086,9917.499871566211,11.984682765525426,global_constant_velocity_baseline,historical_demo_not_real_time
UK280,2009-04-18,7,2009-04-25,-63.74599811783163,-144.48636355529425,9917.499871566211,38.88320587636103,global_constant_velocity_baseline,historical_demo_not_real_time
UK281,2009-05-20,1,2009-05-21,-57.5279868062601,156.35542657047648,33534.6711710192,2.560458969109476,global_constant_velocity_baseline,historical_demo_not_real_time
UK281,2009-05-20,3,2009-05-23,-57.08062940636733,157.0083877414682,33534.6711710192,11.984682765525426,global_constant_velocity_baseline,historical_demo_not_real_time
UK281,2009-05-20,7,2009-05-27,-56.177317632104426,158.25937863387017,33534.6711710192,38.88320587636103,global_constant_velocity_baseline,historical_demo_not_real_time
UK282,2009-04-02,1,2009-04-03,-65.42989658368914,132.48463084216806,2072.3224786238134,2.560458969109476,global_constant_velocity_baseline,historical_demo_not_real_time
UK282,2009-04-02,3,2009-04-05,-65.46027946485148,132.5331852543513,2072.3224786238134,11.984682765525426,global_constant_velocity_baseline,historical_demo_not_real_time
UK282,2009-04-02,7,2009-04-09,-65.52100382022039,132.6306664042179,2072.3224786238134,38.88320587636103,global_constant_velocity_baseline,historical_demo_not_real_time
UK283,2009-02-13,1,2009-02-14,-67.56888302354581,73.78314798721675,16108.700220061733,2.560458969109476,global_constant_velocity_baseline,historical_demo_not_real_time
UK283,2009-02-13,3,2009-02-16,-67.72616782072016,74.41001291830531,16108.700220061733,11.984682765525426,global_constant_velocity_baseline,historical_demo_not_real_time
UK283,2009-02-13,7,2009-02-20,-68.03299775027969,75.69096785881297,16108.700220061733,38.88320587636103,global_constant_velocity_baseline,historical_demo_not_real_time
UK284,2009-09-30,1,2009-10-01,-60.41291098510543,-43.08376601145935,8208.774226545978,2.560458969109476,global_constant_velocity_baseline,historical_demo_not_real_time
UK284,2009-09-30,3,2009-10-03,-60.27536639333743,-43.0161913517431,8208.774226545978,11.984682765525426,global_constant_velocity_baseline,historical_demo_not_real_time
UK284,2009-09-30,7,2009-10-07,-60.00041429499665,-42.882982889578535,8208.774226545978,38.88320587636103,global_constant_velocity_baseline,historical_demo_not_real_time
UK285,2009-05-18,1,2009-05-19,-61.70413695435169,-49.42934557706239,4885.155815736109,2.560458969109476,global_constant_velocity_baseline,historical_demo_not_real_time
UK285,2009-05-18,3,2009-05-21,-61.7208214631136,-49.25427489195564,4885.155815736109,11.984682765525426,global_constant_velocity_baseline,historical_demo_not_real_time
UK285,2009-05-18,7,2009-05-25,-61.75343106332378,-48.90349625272672,4885.155815736109,38.88320587636103,global_constant_velocity_baseline,historical_demo_not_real_time
UK286,2009-08-12,1,2009-08-13,-72.55000589262833,-173.0737702427498,11635.349634717879,2.560458969109476,global_constant_velocity_baseline,historical_demo_not_real_time
UK286,2009-08-12,3,2009-08-15,-72.34403753320973,-172.94896735481316,11635.349634717879,11.984682765525426,global_constant_velocity_baseline,historical_demo_not_real_time
UK286,2009-08-12,7,2009-08-19,-71.93219496758653,-172.7080265128867,11635.349634717879,38.88320587636103,global_constant_velocity_baseline,historical_demo_not_real_time
UK288,2009-07-28,1,2009-07-29,-64.69074492058434,95.2382186448636,4408.756395439691,2.560458969109476,global_constant_velocity_baseline,historical_demo_not_real_time
UK288,2009-07-28,3,2009-07-31,-64.71366917969922,95.06541297776654,4408.756395439691,11.984682765525426,global_constant_velocity_baseline,historical_demo_not_real_time
UK288,2009-07-28,7,2009-08-04,-64.7588529776826,94.71883768797413,4408.756395439691,38.88320587636103,global_constant_velocity_baseline,historical_demo_not_real_time
UK289,2009-11-23,1,2009-11-24,-66.67329999999981,79.6804,0.0,2.560458969109476,global_constant_velocity_baseline,historical_demo_not_real_time
UK289,2009-11-23,3,2009-11-26,-66.67329999999981,79.6804,0.0,11.984682765525426,global_constant_velocity_baseline,historical_demo_not_real_time
UK289,2009-11-23,7,2009-11-30,-66.67329999999981,79.6804,0.0,38.88320587636103,global_constant_velocity_baseline,historical_demo_not_real_time
UK29,2002-03-28,1,2002-03-29,-66.7013990523566,152.93592375324297,6104.495147430507,2.560458969109476,global_constant_velocity_baseline,historical_demo_not_real_time
UK29,2002-03-28,3,2002-03-31,-66.59779468730191,153.01224718957718,6104.495147430507,11.984682765525426,global_constant_velocity_baseline,historical_demo_not_real_time
UK29,2002-03-28,7,2002-04-04,-66.39057865313936,153.16282991743432,6104.495147430507,38.88320587636103,global_constant_velocity_baseline,historical_demo_not_real_time
UK290,2013-02-05,1,2013-02-06,-64.80030260429305,-57.390376967078126,4842.947235286975,2.560458969109476,global_constant_velocity_baseline,historical_demo_not_real_time
UK290,2013-02-05,3,2013-02-08,-64.88311550377853,-57.43616334450159,4842.947235286975,11.984682765525426,global_constant_velocity_baseline,historical_demo_not_real_time
UK290,2013-02-05,7,2013-02-12,-65.04877120414349,-57.52867680891215,4842.947235286975,38.88320587636103,global_constant_velocity_baseline,historical_demo_not_real_time
UK291,2009-11-22,1,2009-11-23,-72.85679999999999,-119.7036,0.0,2.560458969109476,global_constant_velocity_baseline,historical_demo_not_real_time
UK291,2009-11-22,3,2009-11-25,-72.85679999999999,-119.7036,0.0,11.984682765525426,global_constant_velocity_baseline,historical_demo_not_real_time
UK291,2009-11-22,7,2009-11-29,-72.85679999999999,-119.7036,0.0,38.88320587636103,global_constant_velocity_baseline,historical_demo_not_real_time
UK292,2009-11-22,1,2009-11-23,-74.88662646878183,-46.91501931519333,4104.911964259872,2.560458969109476,global_constant_velocity_baseline,historical_demo_not_real_time
UK292,2009-11-22,3,2009-11-25,-74.91925779880061,-46.65881727861031,4104.911964259872,11.984682765525426,global_constant_velocity_baseline,historical_demo_not_real_time
UK292,2009-11-22,7,2009-11-29,-74.98362693522522,-46.1430609655039,4104.911964259872,38.88320587636103,global_constant_velocity_baseline,historical_demo_not_real_time
UK293,2009-11-22,1,2009-11-23,-72.67349149564825,-51.38439239934236,5784.398421168931,2.560458969109476,global_constant_velocity_baseline,historical_demo_not_real_time
UK293,2009-11-22,3,2009-11-25,-72.61555131858205,-51.09445194182722,5784.398421168931,11.984682765525426,global_constant_velocity_baseline,historical_demo_not_real_time
UK293,2009-11-22,7,2009-11-29,-72.49839461055689,-50.520451656467145,5784.398421168931,38.88320587636103,global_constant_velocity_baseline,historical_demo_not_real_time
UK294,2009-11-22,1,2009-11-23,-74.83086976110924,-51.42649713439029,5719.956220781379,2.560458969109476,global_constant_velocity_baseline,historical_demo_not_real_time
UK294,2009-11-22,3,2009-11-25,-74.88321567595669,-51.768283381316024,5719.956220781379,11.984682765525426,global_constant_velocity_baseline,historical_demo_not_real_time
UK294,2009-11-22,7,2009-11-29,-74.98631276866517,-52.459025467621885,5719.956220781379,38.88320587636103,global_constant_velocity_baseline,historical_demo_not_real_time
UK295,2009-11-23,1,2009-11-24,-65.57289688051478,56.16392979260505,2036.3554845282852,2.560458969109476,global_constant_velocity_baseline,historical_demo_not_real_time
UK295,2009-11-23,3,2009-11-26,-65.54268131759639,56.11727855931677,2036.3554845282852,11.984682765525426,global_constant_velocity_baseline,historical_demo_not_real_time
UK295,2009-11-23,7,2009-11-30,-65.4822131364966,56.02433144932959,2036.3554845282852,38.88320587636103,global_constant_velocity_baseline,historical_demo_not_real_time
UK297,2009-11-23,1,2009-11-24,-65.06422870675742,150.194708758901,11690.100889629188,2.560458969109476,global_constant_velocity_baseline,historical_demo_not_real_time
UK297,2009-11-23,3,2009-11-26,-64.94168169762226,150.58456408146168,11690.100889629188,11.984682765525426,global_constant_velocity_baseline,historical_demo_not_real_time
UK297,2009-11-23,7,2009-11-30,-64.69343551254892,151.35251007655378,11690.100889629188,38.88320587636103,global_constant_velocity_baseline,historical_demo_not_real_time
UK30,2003-01-26,1,2003-01-27,-62.323099999999286,-48.6489,0.0,2.560458969109476,global_constant_velocity_baseline,historical_demo_not_real_time
UK30,2003-01-26,3,2003-01-29,-62.323099999999286,-48.6489,0.0,11.984682765525426,global_constant_velocity_baseline,historical_demo_not_real_time
UK30,2003-01-26,7,2003-02-02,-62.323099999999286,-48.6489,0.0,38.88320587636103,global_constant_velocity_baseline,historical_demo_not_real_time
UK304,2011-12-28,1,2011-12-29,-64.30898025979995,79.64574346530163,26098.446943662024,2.560458969109476,global_constant_velocity_baseline,historical_demo_not_real_time
UK304,2011-12-28,3,2011-12-31,-64.03528091663566,80.48557561079659,26098.446943662024,11.984682765525426,global_constant_velocity_baseline,historical_demo_not_real_time
UK304,2011-12-28,7,2012-01-04,-63.47312293697353,82.11069792158634,26098.446943662024,38.88320587636103,global_constant_velocity_baseline,historical_demo_not_real_time
UK31,2003-01-15,1,2003-01-16,-61.8545999999992,-54.2753,0.0,2.560458969109476,global_constant_velocity_baseline,historical_demo_not_real_time
UK31,2003-01-15,3,2003-01-18,-61.8545999999992,-54.2753,0.0,11.984682765525426,global_constant_velocity_baseline,historical_demo_not_real_time
UK31,2003-01-15,7,2003-01-22,-61.8545999999992,-54.2753,0.0,38.88320587636103,global_constant_velocity_baseline,historical_demo_not_real_time
UK314,2013-09-30,1,2013-10-01,-65.3985898295601,125.75246309705398,2234.176639363812,2.560458969109476,global_constant_velocity_baseline,historical_demo_not_real_time
UK314,2013-09-30,3,2013-10-03,-65.3755390451201,125.82887865933718,2234.176639363812,11.984682765525426,global_constant_velocity_baseline,historical_demo_not_real_time
UK314,2013-09-30,7,2013-10-07,-65.32931617541867,125.98126780094924,2234.176639363812,38.88320587636103,global_constant_velocity_baseline,historical_demo_not_real_time
UK315,2014-12-15,1,2014-12-16,-65.74769999999975,92.5043,0.0,2.560458969109476,global_constant_velocity_baseline,historical_demo_not_real_time
UK315,2014-12-15,3,2014-12-18,-65.74769999999975,92.5043,0.0,11.984682765525426,global_constant_velocity_baseline,historical_demo_not_real_time
UK315,2014-12-15,7,2014-12-22,-65.74769999999975,92.5043,0.0,38.88320587636103,global_constant_velocity_baseline,historical_demo_not_real_time
UK316,2015-05-25,1,2015-05-26,-65.86516245774968,140.2675201864469,16061.035401071,2.560458969109476,global_constant_velocity_baseline,historical_demo_not_real_time
UK316,2015-05-25,3,2015-05-28,-65.82218424940201,140.9507295727102,16061.035401071,11.984682765525426,global_constant_velocity_baseline,historical_demo_not_real_time
UK316,2015-05-25,7,2015-06-01,-65.72628676736402,142.30919815636375,16061.035401071,38.88320587636103,global_constant_velocity_baseline,historical_demo_not_real_time
UK318,2011-11-18,1,2011-11-19,-64.31941622924448,-32.74090433066515,11920.375851355868,2.560458969109476,global_constant_velocity_baseline,historical_demo_not_real_time
UK318,2011-11-18,3,2011-11-21,-64.47068883731252,-33.074351877300664,11920.375851355868,11.984682765525426,global_constant_velocity_baseline,historical_demo_not_real_time
UK318,2011-11-18,7,2011-11-25,-64.77093381962761,-33.75358433791582,11920.375851355868,38.88320587636103,global_constant_velocity_baseline,historical_demo_not_real_time
UK319,2012-09-27,1,2012-09-28,-56.64889289612959,-13.115344945459643,10520.199445009064,2.560458969109476,global_constant_velocity_baseline,historical_demo_not_real_time
UK319,2012-09-27,3,2012-09-30,-56.7737537495042,-12.883862544044161,10520.199445009064,11.984682765525426,global_constant_velocity_baseline,historical_demo_not_real_time
UK319,2012-09-27,7,2012-10-04,-57.02215003418689,-12.415358718894112,10520.199445009064,38.88320587636103,global_constant_velocity_baseline,historical_demo_not_real_time
UK32,2002-08-26,1,2002-08-27,-58.61098172115793,-49.01120830511614,23588.734259994824,2.560458969109476,global_constant_velocity_baseline,historical_demo_not_real_time
UK32,2002-08-26,3,2002-08-29,-58.7274562312331,-48.269237042658915,23588.734259994824,11.984682765525426,global_constant_velocity_baseline,historical_demo_not_real_time
UK32,2002-08-26,7,2002-09-02,-58.945417419322034,-46.76839057257862,23588.734259994824,38.88320587636103,global_constant_velocity_baseline,historical_demo_not_real_time
UK320,2013-01-19,1,2013-01-20,-63.312186474960704,-50.32387846061208,4498.586594172332,2.560458969109476,global_constant_velocity_baseline,historical_demo_not_real_time
UK320,2013-01-19,3,2013-01-22,-63.3779185297214,-50.228069163792924,4498.586594172332,11.984682765525426,global_constant_velocity_baseline,historical_demo_not_real_time
UK320,2013-01-19,7,2013-01-26,-63.50921679947501,-50.03497442224793,4498.586594172332,38.88320587636103,global_constant_velocity_baseline,historical_demo_not_real_time
UK321,2014-11-05,1,2014-11-06,-55.006300688033754,-38.35170164813438,1413.3261168685692,2.560458969109476,global_constant_velocity_baseline,historical_demo_not_real_time
UK321,2014-11-05,3,2014-11-08,-54.98270412919948,-38.347109881754754,1413.3261168685692,11.984682765525426,global_constant_velocity_baseline,historical_demo_not_real_time
UK321,2014-11-05,7,2014-11-12,-54.93551927870678,-38.33794604918125,1413.3261168685692,38.88320587636103,global_constant_velocity_baseline,historical_demo_not_real_time
UK321B,2014-10-11,1,2014-10-12,-52.956956295015694,-30.971993233868442,32838.53232684899,2.560458969109476,global_constant_velocity_baseline,historical_demo_not_real_time
UK321B,2014-10-11,3,2014-10-14,-52.91825259353005,-30.071380257382895,32838.53232684899,11.984682765525426,global_constant_velocity_baseline,historical_demo_not_real_time
UK321B,2014-10-11,7,2014-10-18,-52.81530980587373,-28.277281736777212,32838.53232684899,38.88320587636103,global_constant_velocity_baseline,historical_demo_not_real_time
UK322,2015-03-30,1,2015-03-31,-66.77839999999982,-57.14659999999999,0.0,2.560458969109476,global_constant_velocity_baseline,historical_demo_not_real_time
UK322,2015-03-30,3,2015-04-02,-66.77839999999982,-57.14659999999999,0.0,11.984682765525426,global_constant_velocity_baseline,historical_demo_not_real_time
UK322,2015-03-30,7,2015-04-06,-66.77839999999982,-57.14659999999999,0.0,38.88320587636103,global_constant_velocity_baseline,historical_demo_not_real_time
UK323,2015-07-12,1,2015-07-13,-65.49709999999973,132.2902,0.0,2.560458969109476,global_constant_velocity_baseline,historical_demo_not_real_time
UK323,2015-07-12,3,2015-07-15,-65.49709999999973,132.2902,0.0,11.984682765525426,global_constant_velocity_baseline,historical_demo_not_real_time
UK323,2015-07-12,7,2015-07-19,-65.49709999999973,132.2902,0.0,38.88320587636103,global_constant_velocity_baseline,historical_demo_not_real_time
UK324,2026-04-22,1,2026-04-23,-67.03419999999984,148.7371,0.0,2.560458969109476,global_constant_velocity_baseline,historical_demo_not_real_time
UK324,2026-04-22,3,2026-04-25,-67.03419999999984,148.7371,0.0,11.984682765525426,global_constant_velocity_baseline,historical_demo_not_real_time
UK324,2026-04-22,7,2026-04-29,-67.03419999999984,148.7371,0.0,38.88320587636103,global_constant_velocity_baseline,historical_demo_not_real_time
UK325,2018-11-17,1,2018-11-18,-69.93109999999994,16.088899999999995,0.0,2.560458969109476,global_constant_velocity_baseline,historical_demo_not_real_time
UK325,2018-11-17,3,2018-11-20,-69.93109999999994,16.088899999999995,0.0,11.984682765525426,global_constant_velocity_baseline,historical_demo_not_real_time
UK325,2018-11-17,7,2018-11-24,-69.93109999999994,16.088899999999995,0.0,38.88320587636103,global_constant_velocity_baseline,historical_demo_not_real_time
UK326,2018-07-02,1,2018-07-03,-69.63729999999993,13.2564,0.0,2.560458969109476,global_constant_velocity_baseline,historical_demo_not_real_time
UK326,2018-07-02,3,2018-07-05,-69.63729999999993,13.2564,0.0,11.984682765525426,global_constant_velocity_baseline,historical_demo_not_real_time
UK326,2018-07-02,7,2018-07-09,-69.63729999999993,13.2564,0.0,38.88320587636103,global_constant_velocity_baseline,historical_demo_not_real_time
UK33,2002-09-25,1,2002-09-26,-53.0892999999936,-42.2497,0.0,2.560458969109476,global_constant_velocity_baseline,historical_demo_not_real_time
UK33,2002-09-25,3,2002-09-28,-53.0892999999936,-42.2497,0.0,11.984682765525426,global_constant_velocity_baseline,historical_demo_not_real_time
UK33,2002-09-25,7,2002-10-02,-53.0892999999936,-42.2497,0.0,38.88320587636103,global_constant_velocity_baseline,historical_demo_not_real_time
UK34,2003-09-20,1,2003-09-21,-51.97399999999206,-24.308200000000003,0.0,2.560458969109476,global_constant_velocity_baseline,historical_demo_not_real_time
UK34,2003-09-20,3,2003-09-23,-51.97399999999206,-24.308200000000003,0.0,11.984682765525426,global_constant_velocity_baseline,historical_demo_not_real_time
UK34,2003-09-20,7,2003-09-27,-51.97399999999206,-24.308200000000003,0.0,38.88320587636103,global_constant_velocity_baseline,historical_demo_not_real_time
UK35,2002-08-08,1,2002-08-09,-59.06920600900558,-52.00453062310921,38633.705660177744,2.560458969109476,global_constant_velocity_baseline,historical_demo_not_real_time
UK35,2002-08-08,3,2002-08-11,-58.40795324546715,-52.02721922035068,38633.705660177744,11.984682765525426,global_constant_velocity_baseline,historical_demo_not_real_time
UK35,2002-08-08,7,2002-08-15,-57.091706333893455,-52.0697333001195,38633.705660177744,38.88320587636103,global_constant_velocity_baseline,historical_demo_not_real_time
UK36,2002-07-04,1,2002-07-05,-62.95530282279838,-52.71218034061762,25602.281902351293,2.560458969109476,global_constant_velocity_baseline,historical_demo_not_real_time
UK36,2002-07-04,3,2002-07-07,-62.980802314143936,-51.73276311372935,25602.281902351293,11.984682765525426,global_constant_velocity_baseline,historical_demo_not_real_time
UK36,2002-07-04,7,2002-07-11,-63.008899825210115,-49.769607919431785,25602.281902351293,38.88320587636103,global_constant_velocity_baseline,historical_demo_not_real_time
UK38,2003-10-24,1,2003-10-25,-65.1839999999997,134.9091,0.0,2.560458969109476,global_constant_velocity_baseline,historical_demo_not_real_time
UK38,2003-10-24,3,2003-10-27,-65.1839999999997,134.9091,0.0,11.984682765525426,global_constant_velocity_baseline,historical_demo_not_real_time
UK38,2003-10-24,7,2003-10-31,-65.1839999999997,134.9091,0.0,38.88320587636103,global_constant_velocity_baseline,historical_demo_not_real_time
UK39,2003-10-24,1,2003-10-25,-66.07539999999979,147.1004,0.0,2.560458969109476,global_constant_velocity_baseline,historical_demo_not_real_time
UK39,2003-10-24,3,2003-10-27,-66.07539999999979,147.1004,0.0,11.984682765525426,global_constant_velocity_baseline,historical_demo_not_real_time
UK39,2003-10-24,7,2003-10-31,-66.07539999999979,147.1004,0.0,38.88320587636103,global_constant_velocity_baseline,historical_demo_not_real_time
UK40,2003-10-24,1,2003-10-25,-66.4752999999998,57.9808,0.0,2.560458969109476,global_constant_velocity_baseline,historical_demo_not_real_time
UK40,2003-10-24,3,2003-10-27,-66.4752999999998,57.9808,0.0,11.984682765525426,global_constant_velocity_baseline,historical_demo_not_real_time
UK40,2003-10-24,7,2003-10-31,-66.4752999999998,57.9808,0.0,38.88320587636103,global_constant_velocity_baseline,historical_demo_not_real_time
UK42,2003-01-29,1,2003-01-30,-59.81454190986012,156.06728852016266,14817.51186405926,2.560458969109476,global_constant_velocity_baseline,historical_demo_not_real_time
UK42,2003-01-29,3,2003-02-01,-59.58705833298316,156.29437022160664,14817.51186405926,11.984682765525426,global_constant_velocity_baseline,historical_demo_not_real_time
UK42,2003-01-29,7,2003-02-05,-59.131468483866676,156.73801907778696,14817.51186405926,38.88320587636103,global_constant_velocity_baseline,historical_demo_not_real_time
UK45,2002-07-18,1,2002-07-19,-60.48117076968578,-53.5896007376632,35426.236873882335,2.560458969109476,global_constant_velocity_baseline,historical_demo_not_real_time
UK45,2002-07-18,3,2002-07-21,-60.9419639851293,-52.7678160697301,35426.236873882335,11.984682765525426,global_constant_velocity_baseline,historical_demo_not_real_time
UK45,2002-07-18,7,2002-07-25,-61.84817582932502,-51.04081187371521,35426.236873882335,38.88320587636103,global_constant_velocity_baseline,historical_demo_not_real_time
UK46,2002-10-27,1,2002-10-28,-62.10299999999925,-54.243700000000004,0.0,2.560458969109476,global_constant_velocity_baseline,historical_demo_not_real_time
UK46,2002-10-27,3,2002-10-30,-62.10299999999925,-54.243700000000004,0.0,11.984682765525426,global_constant_velocity_baseline,historical_demo_not_real_time
UK46,2002-10-27,7,2002-11-03,-62.10299999999925,-54.243700000000004,0.0,38.88320587636103,global_constant_velocity_baseline,historical_demo_not_real_time
UK47,2002-07-21,1,2002-07-22,-62.850299999999386,-53.82439999999999,0.0,2.560458969109476,global_constant_velocity_baseline,historical_demo_not_real_time
UK47,2002-07-21,3,2002-07-24,-62.850299999999386,-53.82439999999999,0.0,11.984682765525426,global_constant_velocity_baseline,historical_demo_not_real_time
UK47,2002-07-21,7,2002-07-28,-62.850299999999386,-53.82439999999999,0.0,38.88320587636103,global_constant_velocity_baseline,historical_demo_not_real_time
UK48,2004-07-02,1,2004-07-03,-66.08689999999979,134.891,0.0,2.560458969109476,global_constant_velocity_baseline,historical_demo_not_real_time
UK48,2004-07-02,3,2004-07-05,-66.08689999999979,134.891,0.0,11.984682765525426,global_constant_velocity_baseline,historical_demo_not_real_time
UK48,2004-07-02,7,2004-07-09,-66.08689999999979,134.891,0.0,38.88320587636103,global_constant_velocity_baseline,historical_demo_not_real_time
UK49,2002-12-10,1,2002-12-11,-65.27009999999972,134.7099,0.0,2.560458969109476,global_constant_velocity_baseline,historical_demo_not_real_time
UK49,2002-12-10,3,2002-12-13,-65.27009999999972,134.7099,0.0,11.984682765525426,global_constant_velocity_baseline,historical_demo_not_real_time
UK49,2002-12-10,7,2002-12-17,-65.27009999999972,134.7099,0.0,38.88320587636103,global_constant_velocity_baseline,historical_demo_not_real_time
UK50,2006-03-31,1,2006-04-01,-65.41999999999972,114.1023,0.0,2.560458969109476,global_constant_velocity_baseline,historical_demo_not_real_time
UK50,2006-03-31,3,2006-04-03,-65.41999999999972,114.1023,0.0,11.984682765525426,global_constant_velocity_baseline,historical_demo_not_real_time
UK50,2006-03-31,7,2006-04-07,-65.41999999999972,114.1023,0.0,38.88320587636103,global_constant_velocity_baseline,historical_demo_not_real_time
UK51,2003-11-20,1,2003-11-21,-64.96059999999969,98.8819,0.0,2.560458969109476,global_constant_velocity_baseline,historical_demo_not_real_time
UK51,2003-11-20,3,2003-11-23,-64.96059999999969,98.8819,0.0,11.984682765525426,global_constant_velocity_baseline,historical_demo_not_real_time
UK51,2003-11-20,7,2003-11-27,-64.96059999999969,98.8819,0.0,38.88320587636103,global_constant_velocity_baseline,historical_demo_not_real_time
UK52,2014-01-21,1,2014-01-22,-65.3390378118847,103.02346400603227,675.689812968694,2.560458969109476,global_constant_velocity_baseline,historical_demo_not_real_time
UK52,2014-01-21,3,2014-01-24,-65.35091381270948,103.02199092200775,675.689812968694,11.984682765525426,global_constant_velocity_baseline,historical_demo_not_real_time
UK52,2014-01-21,7,2014-01-28,-65.37466732173812,103.01904036198403,675.689812968694,38.88320587636103,global_constant_velocity_baseline,historical_demo_not_real_time
UK53,2004-06-27,1,2004-06-28,-65.75109999999975,92.5315,0.0,2.560458969109476,global_constant_velocity_baseline,historical_demo_not_real_time
UK53,2004-06-27,3,2004-06-30,-65.75109999999975,92.5315,0.0,11.984682765525426,global_constant_velocity_baseline,historical_demo_not_real_time
UK53,2004-06-27,7,2004-07-04,-65.75109999999975,92.5315,0.0,38.88320587636103,global_constant_velocity_baseline,historical_demo_not_real_time
UK54,2003-12-31,1,2004-01-01,-65.35789999999972,116.32790000000001,0.0,2.560458969109476,global_constant_velocity_baseline,historical_demo_not_real_time
UK54,2003-12-31,3,2004-01-03,-65.35789999999972,116.32790000000001,0.0,11.984682765525426,global_constant_velocity_baseline,historical_demo_not_real_time
UK54,2003-12-31,7,2004-01-07,-65.35789999999972,116.32790000000001,0.0,38.88320587636103,global_constant_velocity_baseline,historical_demo_not_real_time
UK55,2003-01-17,1,2003-01-18,-67.21439999999986,67.8009,0.0,2.560458969109476,global_constant_velocity_baseline,historical_demo_not_real_time
UK55,2003-01-17,3,2003-01-20,-67.21439999999986,67.8009,0.0,11.984682765525426,global_constant_velocity_baseline,historical_demo_not_real_time
UK55,2003-01-17,7,2003-01-24,-67.21439999999986,67.8009,0.0,38.88320587636103,global_constant_velocity_baseline,historical_demo_not_real_time
UK56,2003-10-24,1,2003-10-25,-69.78239999999994,162.3825,0.0,2.560458969109476,global_constant_velocity_baseline,historical_demo_not_real_time
UK56,2003-10-24,3,2003-10-27,-69.78239999999994,162.3825,0.0,11.984682765525426,global_constant_velocity_baseline,historical_demo_not_real_time
UK56,2003-10-24,7,2003-10-31,-69.78239999999994,162.3825,0.0,38.88320587636103,global_constant_velocity_baseline,historical_demo_not_real_time
UK57,2002-10-07,1,2002-10-08,-58.304899999997964,-49.479600000000005,0.0,2.560458969109476,global_constant_velocity_baseline,historical_demo_not_real_time
UK57,2002-10-07,3,2002-10-10,-58.304899999997964,-49.479600000000005,0.0,11.984682765525426,global_constant_velocity_baseline,historical_demo_not_real_time
UK57,2002-10-07,7,2002-10-14,-58.304899999997964,-49.479600000000005,0.0,38.88320587636103,global_constant_velocity_baseline,historical_demo_not_real_time
UK58,2002-12-01,1,2002-12-02,-55.34559999999597,-43.625499999999995,0.0,2.560458969109476,global_constant_velocity_baseline,historical_demo_not_real_time
UK58,2002-12-01,3,2002-12-04,-55.34559999999597,-43.625499999999995,0.0,11.984682765525426,global_constant_velocity_baseline,historical_demo_not_real_time
UK58,2002-12-01,7,2002-12-08,-55.34559999999597,-43.625499999999995,0.0,38.88320587636103,global_constant_velocity_baseline,historical_demo_not_real_time
UK59,2002-11-02,1,2002-11-03,-51.200414646000475,-44.45344397187885,7747.998882049056,2.560458969109476,global_constant_velocity_baseline,historical_demo_not_real_time
UK59,2002-11-02,3,2002-11-05,-51.142988928021666,-44.27256427078657,7747.998882049056,11.984682765525426,global_constant_velocity_baseline,historical_demo_not_real_time
UK59,2002-11-02,7,2002-11-09,-51.02712481722026,-43.91253718594927,7747.998882049056,38.88320587636103,global_constant_velocity_baseline,historical_demo_not_real_time
UK60,2002-10-12,1,2002-10-13,-64.88609999999967,90.4447,0.0,2.560458969109476,global_constant_velocity_baseline,historical_demo_not_real_time
UK60,2002-10-12,3,2002-10-15,-64.88609999999967,90.4447,0.0,11.984682765525426,global_constant_velocity_baseline,historical_demo_not_real_time
UK60,2002-10-12,7,2002-10-19,-64.88609999999967,90.4447,0.0,38.88320587636103,global_constant_velocity_baseline,historical_demo_not_real_time
UK61,2002-09-28,1,2002-09-29,-58.783593442701346,-165.0317748328632,37880.85064750765,2.560458969109476,global_constant_velocity_baseline,historical_demo_not_real_time
UK61,2002-09-28,3,2002-10-01,-58.21758280650467,-164.4300510261942,37880.85064750765,11.984682765525426,global_constant_velocity_baseline,historical_demo_not_real_time
UK61,2002-09-28,7,2002-10-05,-57.08077551471477,-163.29195832351016,37880.85064750765,38.88320587636103,global_constant_velocity_baseline,historical_demo_not_real_time
UK62,2003-06-28,1,2003-06-29,-51.98179999999209,-38.0878,0.0,2.560458969109476,global_constant_velocity_baseline,historical_demo_not_real_time
UK62,2003-06-28,3,2003-07-01,-51.98179999999209,-38.0878,0.0,11.984682765525426,global_constant_velocity_baseline,historical_demo_not_real_time
UK62,2003-06-28,7,2003-07-05,-51.98179999999209,-38.0878,0.0,38.88320587636103,global_constant_velocity_baseline,historical_demo_not_real_time
UK63,2003-04-27,1,2003-04-28,-73.00923024769352,171.29070310664505,16166.81358702443,2.560458969109476,global_constant_velocity_baseline,historical_demo_not_real_time
UK63,2003-04-27,3,2003-04-30,-72.92441722476143,170.33981675197492,16166.81358702443,11.984682765525426,global_constant_velocity_baseline,historical_demo_not_real_time
UK63,2003-04-27,7,2003-05-04,-72.7411561487434,168.46775983118496,16166.81358702443,38.88320587636103,global_constant_velocity_baseline,historical_demo_not_real_time
UK64,2009-11-22,1,2009-11-23,-65.56369999999974,124.899,0.0,2.560458969109476,global_constant_velocity_baseline,historical_demo_not_real_time
UK64,2009-11-22,3,2009-11-25,-65.56369999999974,124.899,0.0,11.984682765525426,global_constant_velocity_baseline,historical_demo_not_real_time
UK64,2009-11-22,7,2009-11-29,-65.56369999999974,124.899,0.0,38.88320587636103,global_constant_velocity_baseline,historical_demo_not_real_time
UK65,2003-01-29,1,2003-01-30,-66.2783999999998,128.2041,0.0,2.560458969109476,global_constant_velocity_baseline,historical_demo_not_real_time
UK65,2003-01-29,3,2003-02-01,-66.2783999999998,128.2041,0.0,11.984682765525426,global_constant_velocity_baseline,historical_demo_not_real_time
UK65,2003-01-29,7,2003-02-05,-66.2783999999998,128.2041,0.0,38.88320587636103,global_constant_velocity_baseline,historical_demo_not_real_time
UK66,2002-12-25,1,2002-12-26,-60.7505999999989,-43.979899999999994,0.0,2.560458969109476,global_constant_velocity_baseline,historical_demo_not_real_time
UK66,2002-12-25,3,2002-12-28,-60.7505999999989,-43.979899999999994,0.0,11.984682765525426,global_constant_velocity_baseline,historical_demo_not_real_time
UK66,2002-12-25,7,2003-01-01,-60.7505999999989,-43.979899999999994,0.0,38.88320587636103,global_constant_velocity_baseline,historical_demo_not_real_time
UK67,2002-11-16,1,2002-11-17,-60.79799999999892,-44.52819999999999,0.0,2.560458969109476,global_constant_velocity_baseline,historical_demo_not_real_time
UK67,2002-11-16,3,2002-11-19,-60.79799999999892,-44.52819999999999,0.0,11.984682765525426,global_constant_velocity_baseline,historical_demo_not_real_time
UK67,2002-11-16,7,2002-11-23,-60.79799999999892,-44.52819999999999,0.0,38.88320587636103,global_constant_velocity_baseline,historical_demo_not_real_time
UK68,2003-05-23,1,2003-05-24,-65.92789999999975,147.8091,0.0,2.560458969109476,global_constant_velocity_baseline,historical_demo_not_real_time
UK68,2003-05-23,3,2003-05-26,-65.92789999999975,147.8091,0.0,11.984682765525426,global_constant_velocity_baseline,historical_demo_not_real_time
UK68,2003-05-23,7,2003-05-30,-65.92789999999975,147.8091,0.0,38.88320587636103,global_constant_velocity_baseline,historical_demo_not_real_time
UK69,2003-09-18,1,2003-09-19,-64.73039999999965,-23.369399999999995,0.0,2.560458969109476,global_constant_velocity_baseline,historical_demo_not_real_time
UK69,2003-09-18,3,2003-09-21,-64.73039999999965,-23.369399999999995,0.0,11.984682765525426,global_constant_velocity_baseline,historical_demo_not_real_time
UK69,2003-09-18,7,2003-09-25,-64.73039999999965,-23.369399999999995,0.0,38.88320587636103,global_constant_velocity_baseline,historical_demo_not_real_time
UK70,2002-11-12,1,2002-11-13,-61.574617093066145,160.2683920341231,22685.29246630132,2.560458969109476,global_constant_velocity_baseline,historical_demo_not_real_time
UK70,2002-11-12,3,2002-11-15,-61.873957614721675,160.80699905631877,22685.29246630132,11.984682765525426,global_constant_velocity_baseline,historical_demo_not_real_time
UK70,2002-11-12,7,2002-11-19,-62.46633869121591,161.9205492388836,22685.29246630132,38.88320587636103,global_constant_velocity_baseline,historical_demo_not_real_time
UK71,2003-12-31,1,2004-01-01,-68.01703590648977,-36.91689506487826,4378.806161489619,2.560458969109476,global_constant_velocity_baseline,historical_demo_not_real_time
UK71,2003-12-31,3,2004-01-03,-67.9941158783604,-37.11516867504907,4378.806161489619,11.984682765525426,global_constant_velocity_baseline,historical_demo_not_real_time
UK71,2003-12-31,7,2004-01-07,-67.94751155543227,-37.510438010091455,4378.806161489619,38.88320587636103,global_constant_velocity_baseline,historical_demo_not_real_time
UK72,2003-10-24,1,2003-10-25,-69.91019999999996,-40.560900000000004,0.0,2.560458969109476,global_constant_velocity_baseline,historical_demo_not_real_time
UK72,2003-10-24,3,2003-10-27,-69.91019999999996,-40.560900000000004,0.0,11.984682765525426,global_constant_velocity_baseline,historical_demo_not_real_time
UK72,2003-10-24,7,2003-10-31,-69.91019999999996,-40.560900000000004,0.0,38.88320587636103,global_constant_velocity_baseline,historical_demo_not_real_time
UK73,2003-10-24,1,2003-10-25,-58.453249043957584,-30.942801110962204,13207.892059987911,2.560458969109476,global_constant_velocity_baseline,historical_demo_not_real_time
UK73,2003-10-24,3,2003-10-27,-58.62188679315131,-30.6553866601752,13207.892059987911,11.984682765525426,global_constant_velocity_baseline,historical_demo_not_real_time
UK73,2003-10-24,7,2003-10-31,-58.9572677654493,-30.07075014316912,13207.892059987911,38.88320587636103,global_constant_velocity_baseline,historical_demo_not_real_time
UK74,2003-03-21,1,2003-03-22,-61.455399999999095,-43.9111,0.0,2.560458969109476,global_constant_velocity_baseline,historical_demo_not_real_time
UK74,2003-03-21,3,2003-03-24,-61.455399999999095,-43.9111,0.0,11.984682765525426,global_constant_velocity_baseline,historical_demo_not_real_time
UK74,2003-03-21,7,2003-03-28,-61.455399999999095,-43.9111,0.0,38.88320587636103,global_constant_velocity_baseline,historical_demo_not_real_time
UK75,2003-12-31,1,2004-01-01,-61.666899999999146,-49.44160000000001,0.0,2.560458969109476,global_constant_velocity_baseline,historical_demo_not_real_time
UK75,2003-12-31,3,2004-01-03,-61.666899999999146,-49.44160000000001,0.0,11.984682765525426,global_constant_velocity_baseline,historical_demo_not_real_time
UK75,2003-12-31,7,2004-01-07,-61.666899999999146,-49.44160000000001,0.0,38.88320587636103,global_constant_velocity_baseline,historical_demo_not_real_time
UK84,2004-07-25,1,2004-07-26,-73.75951957091017,-153.13317966366535,10182.102275517047,2.560458969109476,global_constant_velocity_baseline,historical_demo_not_real_time
UK84,2004-07-25,3,2004-07-28,-73.57581789258904,-153.15358616036096,10182.102275517047,11.984682765525426,global_constant_velocity_baseline,historical_demo_not_real_time
UK84,2004-07-25,7,2004-08-01,-73.20865450604605,-153.19304254419552,10182.102275517047,38.88320587636103,global_constant_velocity_baseline,historical_demo_not_real_time
UK85,2003-10-24,1,2003-10-25,-73.83449221480201,-141.78958473140005,11040.00151776272,2.560458969109476,global_constant_velocity_baseline,historical_demo_not_real_time
UK85,2003-10-24,3,2003-10-27,-73.65596238687854,-142.10601875101355,11040.00151776272,11.984682765525426,global_constant_velocity_baseline,historical_demo_not_real_time
UK85,2003-10-24,7,2003-10-31,-73.29770694518471,-142.71828996123108,11040.00151776272,38.88320587636103,global_constant_velocity_baseline,historical_demo_not_real_time
UK86,2003-12-06,1,2003-12-07,-72.84819999999999,-134.36250000000004,0.0,2.560458969109476,global_constant_velocity_baseline,historical_demo_not_real_time
UK86,2003-12-06,3,2003-12-09,-72.84819999999999,-134.36250000000004,0.0,11.984682765525426,global_constant_velocity_baseline,historical_demo_not_real_time
UK86,2003-12-06,7,2003-12-13,-72.84819999999999,-134.36250000000004,0.0,38.88320587636103,global_constant_velocity_baseline,historical_demo_not_real_time
UK87,2004-09-09,1,2004-09-10,-71.55569999999997,-57.51350000000001,0.0,2.560458969109476,global_constant_velocity_baseline,historical_demo_not_real_time
UK87,2004-09-09,3,2004-09-12,-71.55569999999997,-57.51350000000001,0.0,11.984682765525426,global_constant_velocity_baseline,historical_demo_not_real_time
UK87,2004-09-09,7,2004-09-16,-71.55569999999997,-57.51350000000001,0.0,38.88320587636103,global_constant_velocity_baseline,historical_demo_not_real_time
UK88,2003-10-19,1,2003-10-20,-66.99889999999985,155.6826,0.0,2.560458969109476,global_constant_velocity_baseline,historical_demo_not_real_time
UK88,2003-10-19,3,2003-10-22,-66.99889999999985,155.6826,0.0,11.984682765525426,global_constant_velocity_baseline,historical_demo_not_real_time
UK88,2003-10-19,7,2003-10-26,-66.99889999999985,155.6826,0.0,38.88320587636103,global_constant_velocity_baseline,historical_demo_not_real_time
UK89,2003-11-16,1,2003-11-17,-57.995899999997775,167.2071,0.0,2.560458969109476,global_constant_velocity_baseline,historical_demo_not_real_time
UK89,2003-11-16,3,2003-11-19,-57.995899999997775,167.2071,0.0,11.984682765525426,global_constant_velocity_baseline,historical_demo_not_real_time
UK89,2003-11-16,7,2003-11-23,-57.995899999997775,167.2071,0.0,38.88320587636103,global_constant_velocity_baseline,historical_demo_not_real_time
UK90,2003-11-16,1,2003-11-17,-65.46639999999974,126.91419999999998,0.0,2.560458969109476,global_constant_velocity_baseline,historical_demo_not_real_time
UK90,2003-11-16,3,2003-11-19,-65.46639999999974,126.91419999999998,0.0,11.984682765525426,global_constant_velocity_baseline,historical_demo_not_real_time
UK90,2003-11-16,7,2003-11-23,-65.46639999999974,126.91419999999998,0.0,38.88320587636103,global_constant_velocity_baseline,historical_demo_not_real_time
UK91,2003-11-17,1,2003-11-18,-61.816872406462416,-20.87798541906878,11818.71628926505,2.560458969109476,global_constant_velocity_baseline,historical_demo_not_real_time
UK91,2003-11-17,3,2003-11-20,-61.62933780707183,-21.052736188995365,11818.71628926505,11.984682765525426,global_constant_velocity_baseline,historical_demo_not_real_time
UK91,2003-11-17,7,2003-11-24,-61.25397400890575,-21.39511930013043,11818.71628926505,38.88320587636103,global_constant_velocity_baseline,historical_demo_not_real_time
UK92,2003-12-31,1,2004-01-01,-75.00227924414922,-152.58427288574933,8887.472063173907,2.560458969109476,global_constant_velocity_baseline,historical_demo_not_real_time
UK92,2003-12-31,3,2004-01-03,-74.97018091932526,-153.19267618896785,8887.472063173907,11.984682765525426,global_constant_velocity_baseline,historical_demo_not_real_time
UK92,2003-12-31,7,2004-01-07,-74.9009969109774,-154.40129697817062,8887.472063173907,38.88320587636103,global_constant_velocity_baseline,historical_demo_not_real_time
UK93,2015-05-25,1,2015-05-26,-66.62609999999981,80.6321,0.0,2.560458969109476,global_constant_velocity_baseline,historical_demo_not_real_time
UK93,2015-05-25,3,2015-05-28,-66.62609999999981,80.6321,0.0,11.984682765525426,global_constant_velocity_baseline,historical_demo_not_real_time
UK93,2015-05-25,7,2015-06-01,-66.62609999999981,80.6321,0.0,38.88320587636103,global_constant_velocity_baseline,historical_demo_not_real_time
UK94,2003-10-24,1,2003-10-25,-66.37559999999982,93.5407,0.0,2.560458969109476,global_constant_velocity_baseline,historical_demo_not_real_time
UK94,2003-10-24,3,2003-10-27,-66.37559999999982,93.5407,0.0,11.984682765525426,global_constant_velocity_baseline,historical_demo_not_real_time
UK94,2003-10-24,7,2003-10-31,-66.37559999999982,93.5407,0.0,38.88320587636103,global_constant_velocity_baseline,historical_demo_not_real_time
UK95,2004-07-12,1,2004-07-13,-56.69590344358287,100.11650004674155,26728.449459951822,2.560458969109476,global_constant_velocity_baseline,historical_demo_not_real_time
UK95,2004-07-12,3,2004-07-15,-56.2497301931785,100.2527832838399,26728.449459951822,11.984682765525426,global_constant_velocity_baseline,historical_demo_not_real_time
UK95,2004-07-12,7,2004-07-19,-55.359927673718666,100.51423235571043,26728.449459951822,38.88320587636103,global_constant_velocity_baseline,historical_demo_not_real_time
UK96,2004-05-19,1,2004-05-20,-52.87750341261469,-35.612054387892954,7054.454000028035,2.560458969109476,global_constant_velocity_baseline,historical_demo_not_real_time
UK96,2004-05-19,3,2004-05-22,-52.89362014670978,-35.42022834569538,7054.454000028035,11.984682765525426,global_constant_velocity_baseline,historical_demo_not_real_time
UK96,2004-05-19,7,2004-05-26,-52.92469099793543,-35.03605120009776,7054.454000028035,38.88320587636103,global_constant_velocity_baseline,historical_demo_not_real_time
UK97,2004-06-30,1,2004-07-01,-66.65029999999983,80.9572,0.0,2.560458969109476,global_constant_velocity_baseline,historical_demo_not_real_time
UK97,2004-06-30,3,2004-07-03,-66.65029999999983,80.9572,0.0,11.984682765525426,global_constant_velocity_baseline,historical_demo_not_real_time
UK97,2004-06-30,7,2004-07-07,-66.65029999999983,80.9572,0.0,38.88320587636103,global_constant_velocity_baseline,historical_demo_not_real_time
UK99,2004-04-18,1,2004-04-19,-54.157319425287575,-38.112570293404076,24669.553113690923,2.560458969109476,global_constant_velocity_baseline,historical_demo_not_real_time
UK99,2004-04-18,3,2004-04-21,-54.43297486251242,-37.587058823213546,24669.553113690923,11.984682765525426,global_constant_velocity_baseline,historical_demo_not_real_time
UK99,2004-04-18,7,2004-04-25,-54.976854125156855,-36.50979308822238,24669.553113690923,38.88320587636103,global_constant_velocity_baseline,historical_demo_not_real_time
UKA57B,2018-11-23,1,2018-11-24,-63.58769999999951,-54.969300000000004,0.0,2.560458969109476,global_constant_velocity_baseline,historical_demo_not_real_time
UKA57B,2018-11-23,3,2018-11-26,-63.58769999999951,-54.969300000000004,0.0,11.984682765525426,global_constant_velocity_baseline,historical_demo_not_real_time
UKA57B,2018-11-23,7,2018-11-30,-63.58769999999951,-54.969300000000004,0.0,38.88320587636103,global_constant_velocity_baseline,historical_demo_not_real_time
UKC33,2021-01-12,1,2021-01-13,-65.10371288498281,128.60030189711364,5839.385370139154,2.560458969109476,global_constant_velocity_baseline,historical_demo_not_real_time
UKC33,2021-01-12,3,2021-01-15,-65.05907838288046,128.38111238213685,5839.385370139154,11.984682765525426,global_constant_velocity_baseline,historical_demo_not_real_time
UKC33,2021-01-12,7,2021-01-19,-64.96877580714684,127.94516672989926,5839.385370139154,38.88320587636103,global_constant_velocity_baseline,historical_demo_not_real_time
